Name,Item No,Vf,Imax,CCT,CRI,Cutout,Beam Angle,Wattage,Batch Code,Stock Code,IMAGE
Olyn 9,DTZ075X,12V DC,700mA,2700K, CRI>90,Φ82*H120mm,6°,9W,AJ/CG,ARAD0975/27/06/W,https://i.ibb.co/B2QN5Jpy/Olyn-9-white.png
Olyn 9,DTZ075X,12V DC,700mA,2700K, CRI>90,Φ82*H120mm,6°,9W,AJ/CG,ARAD0975/27/06/B,https://i.ibb.co/h1sqkkrV/Olyn-9-black.png
Olyn 9,DTZ075X,12V DC,700mA,3000K, CRI>90,Φ82*H120mm,6°,9W,AJ/CG,ARAD0975/30/06/W,https://i.ibb.co/B2QN5Jpy/Olyn-9-white.png
Olyn 9,DTZ075X,12V DC,700mA,3000K, CRI>90,Φ82*H120mm,6°,9W,AJ/CG,ARAD0975/30/06/B,https://i.ibb.co/h1sqkkrV/Olyn-9-black.png
Olyn 9,DTZ075X,12V DC,700mA,3500K, CRI>90,Φ82*H120mm,6°,9W,AJ/CG,ARAD0975/35/06/W,https://i.ibb.co/B2QN5Jpy/Olyn-9-white.png
Olyn 9,DTZ075X,12V DC,700mA,3500K, CRI>90,Φ82*H120mm,6°,9W,AJ/CG,ARAD0975/35/06/B,https://i.ibb.co/h1sqkkrV/Olyn-9-black.png
Olyn 9,DTZ075X,12V DC,700mA,4000K, CRI>90,Φ82*H120mm,6°,9W,AJ/CG,ARAD0975/40/06/W,https://i.ibb.co/B2QN5Jpy/Olyn-9-white.png
Olyn 9,DTZ075X,12V DC,700mA,4000K, CRI>90,Φ82*H120mm,6°,9W,AJ/CG,ARAD0975/40/06/B,https://i.ibb.co/h1sqkkrV/Olyn-9-black.png
Olyn 9,DTZ075X,12V DC,700mA,5000K, CRI>90,Φ82*H120mm,6°,9W,AJ/CG,ARAD0975/50/06/W,https://i.ibb.co/B2QN5Jpy/Olyn-9-white.png
Olyn 9,DTZ075X,12V DC,700mA,5000K, CRI>90,Φ82*H120mm,6°,9W,AJ/CG,ARAD0975/50/06/B,https://i.ibb.co/h1sqkkrV/Olyn-9-black.png
Olyn 9,DTZ075X,36V DC,200mA,2700K, CRI>97,Φ82*H120mm,15°,9W,AJ/CG,ARAD0975/27/15/W,https://i.ibb.co/B2QN5Jpy/Olyn-9-white.png
Olyn 9,DTZ075X,36V DC,200mA,2700K, CRI>97,Φ82*H120mm,15°,9W,AJ/CG,ARAD0975/27/15/B,https://i.ibb.co/h1sqkkrV/Olyn-9-black.png
Olyn 9,DTZ075X,36V DC,200mA,3000K, CRI>97,Φ82*H120mm,15°,9W,AJ/CG,ARAD0975/30/15/W,https://i.ibb.co/B2QN5Jpy/Olyn-9-white.png
Olyn 9,DTZ075X,36V DC,200mA,3000K, CRI>97,Φ82*H120mm,15°,9W,AJ/CG,ARAD0975/30/15/B,https://i.ibb.co/h1sqkkrV/Olyn-9-black.png
Olyn 9,DTZ075X,36V DC,200mA,3500K, CRI>97,Φ82*H120mm,15°,9W,AJ/CG,ARAD0975/35/15/W,https://i.ibb.co/B2QN5Jpy/Olyn-9-white.png
Olyn 9,DTZ075X,36V DC,200mA,3500K, CRI>97,Φ82*H120mm,15°,9W,AJ/CG,ARAD0975/35/15/B,https://i.ibb.co/h1sqkkrV/Olyn-9-black.png
Olyn 9,DTZ075X,36V DC,200mA,4000K, CRI>97,Φ82*H120mm,15°,9W,AJ/CG,ARAD0975/40/15/W,https://i.ibb.co/B2QN5Jpy/Olyn-9-white.png
Olyn 9,DTZ075X,36V DC,200mA,4000K, CRI>97,Φ82*H120mm,15°,9W,AJ/CG,ARAD0975/40/15/B,https://i.ibb.co/h1sqkkrV/Olyn-9-black.png
Olyn 9,DTZ075X,36V DC,200mA,5000K, CRI>97,Φ82*H120mm,15°,9W,AJ/CG,ARAD0975/50/15/W,https://i.ibb.co/B2QN5Jpy/Olyn-9-white.png
Olyn 9,DTZ075X,36V DC,200mA,5000K, CRI>97,Φ82*H120mm,15°,9W,AJ/CG,ARAD0975/50/15/B,https://i.ibb.co/h1sqkkrV/Olyn-9-black.png
Olyn 9,DTZ075X,36V DC,200mA,2700K, CRI>97,Φ82*H120mm,24°,9W,AJ/CG,ARAD0975/27/24/W,https://i.ibb.co/B2QN5Jpy/Olyn-9-white.png
Olyn 9,DTZ075X,36V DC,200mA,2700K, CRI>97,Φ82*H120mm,24°,9W,AJ/CG,ARAD0975/27/24/B,https://i.ibb.co/h1sqkkrV/Olyn-9-black.png
Olyn 9,DTZ075X,36V DC,200mA,3000K, CRI>97,Φ82*H120mm,24°,9W,AJ/CG,ARAD0975/30/24/W,https://i.ibb.co/B2QN5Jpy/Olyn-9-white.png
Olyn 9,DTZ075X,36V DC,200mA,3000K, CRI>97,Φ82*H120mm,24°,9W,AJ/CG,ARAD0975/30/24/B,https://i.ibb.co/h1sqkkrV/Olyn-9-black.png
Olyn 9,DTZ075X,36V DC,200mA,3500K, CRI>97,Φ82*H120mm,24°,9W,AJ/CG,ARAD0975/35/24/W,https://i.ibb.co/B2QN5Jpy/Olyn-9-white.png
Olyn 9,DTZ075X,36V DC,200mA,3500K, CRI>97,Φ82*H120mm,24°,9W,AJ/CG,ARAD0975/35/24/B,https://i.ibb.co/h1sqkkrV/Olyn-9-black.png
Olyn 9,DTZ075X,36V DC,200mA,4000K, CRI>97,Φ82*H120mm,24°,9W,AJ/CG,ARAD0975/40/24/W,https://i.ibb.co/B2QN5Jpy/Olyn-9-white.png
Olyn 9,DTZ075X,36V DC,200mA,4000K, CRI>97,Φ82*H120mm,24°,9W,AJ/CG,ARAD0975/40/24/B,https://i.ibb.co/h1sqkkrV/Olyn-9-black.png
Olyn 9,DTZ075X,36V DC,200mA,5000K, CRI>97,Φ82*H120mm,24°,9W,AJ/CG,ARAD0975/50/24/W,https://i.ibb.co/B2QN5Jpy/Olyn-9-white.png
Olyn 9,DTZ075X,36V DC,200mA,5000K, CRI>97,Φ82*H120mm,24°,9W,AJ/CG,ARAD0975/50/24/B,https://i.ibb.co/h1sqkkrV/Olyn-9-black.png
Olyn 9,DTZ075X,36V DC,200mA,2700K, CRI>97,Φ82*H120mm,36°,9W,AJ/CG,ARAD0975/27/36/W,https://i.ibb.co/B2QN5Jpy/Olyn-9-white.png
Olyn 9,DTZ075X,36V DC,200mA,2700K, CRI>97,Φ82*H120mm,36°,9W,AJ/CG,ARAD0975/27/36/B,https://i.ibb.co/h1sqkkrV/Olyn-9-black.png
Olyn 9,DTZ075X,36V DC,200mA,3000K, CRI>97,Φ82*H120mm,36°,9W,AJ/CG,ARAD0975/30/36/W,https://i.ibb.co/B2QN5Jpy/Olyn-9-white.png
Olyn 9,DTZ075X,36V DC,200mA,3000K, CRI>97,Φ82*H120mm,36°,9W,AJ/CG,ARAD0975/30/36/B,https://i.ibb.co/h1sqkkrV/Olyn-9-black.png
Olyn 9,DTZ075X,36V DC,200mA,3500K, CRI>97,Φ82*H120mm,36°,9W,AJ/CG,ARAD0975/35/36/W,https://i.ibb.co/B2QN5Jpy/Olyn-9-white.png
Olyn 9,DTZ075X,36V DC,200mA,3500K, CRI>97,Φ82*H120mm,36°,9W,AJ/CG,ARAD0975/35/36/B,https://i.ibb.co/h1sqkkrV/Olyn-9-black.png
Olyn 9,DTZ075X,36V DC,200mA,4000K, CRI>97,Φ82*H120mm,36°,9W,AJ/CG,ARAD0975/40/36/W,https://i.ibb.co/B2QN5Jpy/Olyn-9-white.png
Olyn 9,DTZ075X,36V DC,200mA,4000K, CRI>97,Φ82*H120mm,36°,9W,AJ/CG,ARAD0975/40/36/B,https://i.ibb.co/h1sqkkrV/Olyn-9-black.png
Olyn 9,DTZ075X,36V DC,200mA,5000K, CRI>97,Φ82*H120mm,36°,9W,AJ/CG,ARAD0975/50/36/W,https://i.ibb.co/B2QN5Jpy/Olyn-9-white.png
Olyn 9,DTZ075X,36V DC,200mA,5000K, CRI>97,Φ82*H120mm,36°,9W,AJ/CG,ARAD0975/50/36/B,https://i.ibb.co/h1sqkkrV/Olyn-9-black.png
Olyn 9,DTZ075X,36V DC,200mA,2700K, CRI>97,Φ82*H120mm,45°,9W,AJ/CG,ARAD0975/27/45/W,https://i.ibb.co/B2QN5Jpy/Olyn-9-white.png
Olyn 9,DTZ075X,36V DC,200mA,2700K, CRI>97,Φ82*H120mm,45°,9W,AJ/CG,ARAD0975/27/45/B,https://i.ibb.co/h1sqkkrV/Olyn-9-black.png
Olyn 9,DTZ075X,36V DC,200mA,3000K, CRI>97,Φ82*H120mm,45°,9W,AJ/CG,ARAD0975/30/45/W,https://i.ibb.co/B2QN5Jpy/Olyn-9-white.png
Olyn 9,DTZ075X,36V DC,200mA,3000K, CRI>97,Φ82*H120mm,45°,9W,AJ/CG,ARAD0975/30/45/B,https://i.ibb.co/h1sqkkrV/Olyn-9-black.png
Olyn 9,DTZ075X,36V DC,200mA,3500K, CRI>97,Φ82*H120mm,45°,9W,AJ/CG,ARAD0975/35/45/W,https://i.ibb.co/B2QN5Jpy/Olyn-9-white.png
Olyn 9,DTZ075X,36V DC,200mA,3500K, CRI>97,Φ82*H120mm,45°,9W,AJ/CG,ARAD0975/35/45/B,https://i.ibb.co/h1sqkkrV/Olyn-9-black.png
Olyn 9,DTZ075X,36V DC,200mA,4000K, CRI>97,Φ82*H120mm,45°,9W,AJ/CG,ARAD0975/40/45/W,https://i.ibb.co/B2QN5Jpy/Olyn-9-white.png
Olyn 9,DTZ075X,36V DC,200mA,4000K, CRI>97,Φ82*H120mm,45°,9W,AJ/CG,ARAD0975/40/45/B,https://i.ibb.co/h1sqkkrV/Olyn-9-black.png
Olyn 9,DTZ075X,36V DC,200mA,5000K, CRI>97,Φ82*H120mm,45°,9W,AJ/CG,ARAD0975/50/45/W,https://i.ibb.co/B2QN5Jpy/Olyn-9-white.png
Olyn 9,DTZ075X,36V DC,200mA,5000K, CRI>97,Φ82*H120mm,45°,9W,AJ/CG,ARAD0975/50/45/B,https://i.ibb.co/h1sqkkrV/Olyn-9-black.png
Olyn 9 Houdini,DTZ075X,36V DC,200mA,2700K, CRI>90,Φ82*H120mm,6°,9W,AJ/CG,ARAD0975/27/06/TL,https://i.ibb.co/rKLv33V5/Olyn-houdini-9-TL.png
Olyn 9 Houdini,DTZ075X,36V DC,200mA,3000K, CRI>90,Φ82*H120mm,6°,9W,AJ/CG,ARAD0975/30/06/TL,https://i.ibb.co/rKLv33V5/Olyn-houdini-9-TL.png
Olyn 9 Houdini,DTZ075X,36V DC,200mA,3500K, CRI>90,Φ82*H120mm,6°,9W,AJ/CG,ARAD0975/35/06/TL,https://i.ibb.co/rKLv33V5/Olyn-houdini-9-TL.png
Olyn 9 Houdini,DTZ075X,36V DC,200mA,4000K, CRI>90,Φ82*H120mm,6°,9W,AJ/CG,ARAD0975/40/06/TL,https://i.ibb.co/rKLv33V5/Olyn-houdini-9-TL.png
Olyn 9 Houdini,DTZ075X,36V DC,200mA,5000K, CRI>90,Φ82*H120mm,6°,9W,AJ/CG,ARAD0975/50/06/TL,https://i.ibb.co/rKLv33V5/Olyn-houdini-9-TL.png
Olyn 9 Houdini,DTZ075X,36V DC,200mA,2700K, CRI>97,Φ82*H120mm,15°,9W,AJ/CG,ARAD0975/27/15/TL,https://i.ibb.co/rKLv33V5/Olyn-houdini-9-TL.png
Olyn 9 Houdini,DTZ075X,36V DC,200mA,3000K, CRI>97,Φ82*H120mm,15°,9W,AJ/CG,ARAD0975/30/15/TL,https://i.ibb.co/rKLv33V5/Olyn-houdini-9-TL.png
Olyn 9 Houdini,DTZ075X,36V DC,200mA,3500K, CRI>97,Φ82*H120mm,15°,9W,AJ/CG,ARAD0975/35/15/TL,https://i.ibb.co/rKLv33V5/Olyn-houdini-9-TL.png
Olyn 9 Houdini,DTZ075X,36V DC,200mA,4000K, CRI>97,Φ82*H120mm,15°,9W,AJ/CG,ARAD0975/40/15/TL,https://i.ibb.co/rKLv33V5/Olyn-houdini-9-TL.png
Olyn 9 Houdini,DTZ075X,36V DC,200mA,5000K, CRI>97,Φ82*H120mm,15°,9W,AJ/CG,ARAD0975/50/15/TL,https://i.ibb.co/rKLv33V5/Olyn-houdini-9-TL.png
Olyn 9 Houdini,DTZ075X,36V DC,200mA,2700K, CRI>97,Φ82*H120mm,24°,9W,AJ/CG,ARAD0975/27/24/TL,https://i.ibb.co/rKLv33V5/Olyn-houdini-9-TL.png
Olyn 9 Houdini,DTZ075X,36V DC,200mA,3000K, CRI>97,Φ82*H120mm,24°,9W,AJ/CG,ARAD0975/30/24/TL,https://i.ibb.co/rKLv33V5/Olyn-houdini-9-TL.png
Olyn 9 Houdini,DTZ075X,36V DC,200mA,3500K, CRI>97,Φ82*H120mm,24°,9W,AJ/CG,ARAD0975/35/24/TL,https://i.ibb.co/rKLv33V5/Olyn-houdini-9-TL.png
Olyn 9 Houdini,DTZ075X,36V DC,200mA,4000K, CRI>97,Φ82*H120mm,24°,9W,AJ/CG,ARAD0975/40/24/TL,https://i.ibb.co/rKLv33V5/Olyn-houdini-9-TL.png
Olyn 9 Houdini,DTZ075X,36V DC,200mA,5000K, CRI>97,Φ82*H120mm,24°,9W,AJ/CG,ARAD0975/50/24/TL,https://i.ibb.co/rKLv33V5/Olyn-houdini-9-TL.png
Olyn 9 Houdini,DTZ075X,36V DC,200mA,2700K, CRI>97,Φ82*H120mm,36°,9W,AJ/CG,ARAD0975/27/36/TL,https://i.ibb.co/rKLv33V5/Olyn-houdini-9-TL.png
Olyn 9 Houdini,DTZ075X,36V DC,200mA,3000K, CRI>97,Φ82*H120mm,36°,9W,AJ/CG,ARAD0975/30/36/TL,https://i.ibb.co/rKLv33V5/Olyn-houdini-9-TL.png
Olyn 9 Houdini,DTZ075X,36V DC,200mA,3500K, CRI>97,Φ82*H120mm,36°,9W,AJ/CG,ARAD0975/35/36/TL,https://i.ibb.co/rKLv33V5/Olyn-houdini-9-TL.png
Olyn 9 Houdini,DTZ075X,36V DC,200mA,4000K, CRI>97,Φ82*H120mm,36°,9W,AJ/CG,ARAD0975/40/36/TL,https://i.ibb.co/rKLv33V5/Olyn-houdini-9-TL.png
Olyn 9 Houdini,DTZ075X,36V DC,200mA,5000K, CRI>97,Φ82*H120mm,36°,9W,AJ/CG,ARAD0975/50/36/TL,https://i.ibb.co/rKLv33V5/Olyn-houdini-9-TL.png
Olyn 9 Houdini,DTZ075X,36V DC,200mA,2700K, CRI>97,Φ82*H120mm,45°,9W,AJ/CG,ARAD0975/27/45/TL,https://i.ibb.co/rKLv33V5/Olyn-houdini-9-TL.png
Olyn 9 Houdini,DTZ075X,36V DC,200mA,3000K, CRI>97,Φ82*H120mm,45°,9W,AJ/CG,ARAD0975/30/45/TL,https://i.ibb.co/rKLv33V5/Olyn-houdini-9-TL.png
Olyn 9 Houdini,DTZ075X,36V DC,200mA,3500K, CRI>97,Φ82*H120mm,45°,9W,AJ/CG,ARAD0975/35/45/TL,https://i.ibb.co/rKLv33V5/Olyn-houdini-9-TL.png
Olyn 9 Houdini,DTZ075X,36V DC,200mA,4000K, CRI>97,Φ82*H120mm,45°,9W,AJ/CG,ARAD0975/40/45/TL,https://i.ibb.co/rKLv33V5/Olyn-houdini-9-TL.png
Olyn 9 Houdini,DTZ075X,36V DC,200mA,5000K, CRI>97,Φ82*H120mm,45°,9W,AJ/CG,ARAD0975/50/45/TL,https://i.ibb.co/rKLv33V5/Olyn-houdini-9-TL.png
Olyn 9 Tunable,DTZ075X,36V DC,200mA,2700K~6500K, CRI>97,Φ82*H120mm,15°,9W,AJ/CG,ARAD0975/CT/15/W,https://i.ibb.co/B2QN5Jpy/Olyn-9-white.png
Olyn 9 Tunable,DTZ075X,36V DC,200mA,2700K~6500K, CRI>97,Φ82*H120mm,15°,9W,AJ/CG,ARAD0975/CT/15/B,https://i.ibb.co/h1sqkkrV/Olyn-9-black.png
Olyn 9 Tunable,DTZ075X,36V DC,200mA,2700K~6500K, CRI>97,Φ82*H120mm,24°,9W,AJ/CG,ARAD0975/CT/24/W,https://i.ibb.co/B2QN5Jpy/Olyn-9-white.png
Olyn 9 Tunable,DTZ075X,36V DC,200mA,2700K~6500K, CRI>97,Φ82*H120mm,24°,9W,AJ/CG,ARAD0975/CT/24/B,https://i.ibb.co/h1sqkkrV/Olyn-9-black.png
Olyn 9 Tunable,DTZ075X,36V DC,200mA,2700K~6500K, CRI>97,Φ82*H120mm,36°,9W,AJ/CG,ARAD0975/CT/36/W,https://i.ibb.co/B2QN5Jpy/Olyn-9-white.png
Olyn 9 Tunable,DTZ075X,36V DC,200mA,2700K~6500K, CRI>97,Φ82*H120mm,36°,9W,AJ/CG,ARAD0975/CT/36/B,https://i.ibb.co/h1sqkkrV/Olyn-9-black.png
Olyn 9 Tunable,DTZ075X,36V DC,200mA,2700K~6500K, CRI>97,Φ82*H120mm,45°,9W,AJ/CG,ARAD0975/CT/45/W,https://i.ibb.co/B2QN5Jpy/Olyn-9-white.png
Olyn 9 Tunable,DTZ075X,36V DC,200mA,2700K~6500K, CRI>97,Φ82*H120mm,45°,9W,AJ/CG,ARAD0975/CT/45/B,https://i.ibb.co/h1sqkkrV/Olyn-9-black.png
Olyn 9 Houdini Tunable,DTZ075X,36V DC,200mA,2700K~6500K, CRI>97,Φ82*H120mm,15°,9W,AJ/CG,ARAD0975/CT/15/TL,https://i.ibb.co/h1sqkkrV/Olyn-9-black.png
Olyn 9 Houdini Tunable,DTZ075X,36V DC,200mA,2700K~6500K, CRI>97,Φ82*H120mm,24°,9W,AJ/CG,ARAD0975/CT/24/TL,https://i.ibb.co/h1sqkkrV/Olyn-9-black.png
Olyn 9 Houdini Tunable,DTZ075X,36V DC,200mA,2700K~6500K, CRI>97,Φ82*H120mm,36°,9W,AJ/CG,ARAD0975/CT/36/TL,https://i.ibb.co/h1sqkkrV/Olyn-9-black.png
Olyn 9 Houdini Tunable,DTZ075X,36V DC,200mA,2700K~6500K, CRI>97,Φ82*H120mm,45°,9W,AJ/CG,ARAD0975/CT/45/TL,https://i.ibb.co/h1sqkkrV/Olyn-9-black.png
Olyn 15,DTZ075X,36V DC,350mA,2700K, CRI>97,Φ82*H120mm,15°,15W,AJ/CG,ARAD1575/27/15/W,https://i.ibb.co/B2QN5Jpy/Olyn-15-white.png
Olyn 15,DTZ075X,36V DC,350mA,2700K, CRI>97,Φ82*H120mm,15°,15W,AJ/CG,ARAD1575/27/15/B,https://i.ibb.co/JRfvfJFX/Olyn-15-black.png
Olyn 15,DTZ075X,36V DC,350mA,3000K, CRI>97,Φ82*H120mm,15°,15W,AJ/CG,ARAD1575/30/15/W,https://i.ibb.co/B2QN5Jpy/Olyn-15-white.png
Olyn 15,DTZ075X,36V DC,350mA,3000K, CRI>97,Φ82*H120mm,15°,15W,AJ/CG,ARAD1575/30/15/B,https://i.ibb.co/JRfvfJFX/Olyn-15-black.png
Olyn 15,DTZ075X,36V DC,350mA,3500K, CRI>97,Φ82*H120mm,15°,15W,AJ/CG,ARAD1575/35/15/W,https://i.ibb.co/B2QN5Jpy/Olyn-15-white.png
Olyn 15,DTZ075X,36V DC,350mA,3500K, CRI>97,Φ82*H120mm,15°,15W,AJ/CG,ARAD1575/35/15/B,https://i.ibb.co/JRfvfJFX/Olyn-15-black.png
Olyn 15,DTZ075X,36V DC,350mA,4000K, CRI>97,Φ82*H120mm,15°,15W,AJ/CG,ARAD1575/40/15/W,https://i.ibb.co/B2QN5Jpy/Olyn-15-white.png
Olyn 15,DTZ075X,36V DC,350mA,4000K, CRI>97,Φ82*H120mm,15°,15W,AJ/CG,ARAD1575/40/15/B,https://i.ibb.co/JRfvfJFX/Olyn-15-black.png
Olyn 15,DTZ075X,36V DC,350mA,5000K, CRI>97,Φ82*H120mm,15°,15W,AJ/CG,ARAD1575/50/15/W,https://i.ibb.co/B2QN5Jpy/Olyn-15-white.png
Olyn 15,DTZ075X,36V DC,350mA,5000K, CRI>97,Φ82*H120mm,15°,15W,AJ/CG,ARAD1575/50/15/B,https://i.ibb.co/JRfvfJFX/Olyn-15-black.png
Olyn 15,DTZ075X,36V DC,350mA,2700K, CRI>97,Φ82*H120mm,24°,15W,AJ/CG,ARAD1575/27/24/W,https://i.ibb.co/B2QN5Jpy/Olyn-15-white.png
Olyn 15,DTZ075X,36V DC,350mA,2700K, CRI>97,Φ82*H120mm,24°,15W,AJ/CG,ARAD1575/27/24/B,https://i.ibb.co/JRfvfJFX/Olyn-15-black.png
Olyn 15,DTZ075X,36V DC,350mA,3000K, CRI>97,Φ82*H120mm,24°,15W,AJ/CG,ARAD1575/30/24/W,https://i.ibb.co/B2QN5Jpy/Olyn-15-white.png
Olyn 15,DTZ075X,36V DC,350mA,3000K, CRI>97,Φ82*H120mm,24°,15W,AJ/CG,ARAD1575/30/24/B,https://i.ibb.co/JRfvfJFX/Olyn-15-black.png
Olyn 15,DTZ075X,36V DC,350mA,3500K, CRI>97,Φ82*H120mm,24°,15W,AJ/CG,ARAD1575/35/24/W,https://i.ibb.co/B2QN5Jpy/Olyn-15-white.png
Olyn 15,DTZ075X,36V DC,350mA,3500K, CRI>97,Φ82*H120mm,24°,15W,AJ/CG,ARAD1575/35/24/B,https://i.ibb.co/JRfvfJFX/Olyn-15-black.png
Olyn 15,DTZ075X,36V DC,350mA,4000K, CRI>97,Φ82*H120mm,24°,15W,AJ/CG,ARAD1575/40/24/W,https://i.ibb.co/B2QN5Jpy/Olyn-15-white.png
Olyn 15,DTZ075X,36V DC,350mA,4000K, CRI>97,Φ82*H120mm,24°,15W,AJ/CG,ARAD1575/40/24/B,https://i.ibb.co/JRfvfJFX/Olyn-15-black.png
Olyn 15,DTZ075X,36V DC,350mA,5000K, CRI>97,Φ82*H120mm,24°,15W,AJ/CG,ARAD1575/50/24/W,https://i.ibb.co/B2QN5Jpy/Olyn-15-white.png
Olyn 15,DTZ075X,36V DC,350mA,5000K, CRI>97,Φ82*H120mm,24°,15W,AJ/CG,ARAD1575/50/24/B,https://i.ibb.co/JRfvfJFX/Olyn-15-black.png
Olyn 15,DTZ075X,36V DC,350mA,2700K, CRI>97,Φ82*H120mm,36°,15W,AJ/CG,ARAD1575/27/36/W,https://i.ibb.co/B2QN5Jpy/Olyn-15-white.png
Olyn 15,DTZ075X,36V DC,350mA,2700K, CRI>97,Φ82*H120mm,36°,15W,AJ/CG,ARAD1575/27/36/B,https://i.ibb.co/JRfvfJFX/Olyn-15-black.png
Olyn 15,DTZ075X,36V DC,350mA,3000K, CRI>97,Φ82*H120mm,36°,15W,AJ/CG,ARAD1575/30/36/W,https://i.ibb.co/B2QN5Jpy/Olyn-15-white.png
Olyn 15,DTZ075X,36V DC,350mA,3000K, CRI>97,Φ82*H120mm,36°,15W,AJ/CG,ARAD1575/30/36/B,https://i.ibb.co/JRfvfJFX/Olyn-15-black.png
Olyn 15,DTZ075X,36V DC,350mA,3500K, CRI>97,Φ82*H120mm,36°,15W,AJ/CG,ARAD1575/35/36/W,https://i.ibb.co/B2QN5Jpy/Olyn-15-white.png
Olyn 15,DTZ075X,36V DC,350mA,3500K, CRI>97,Φ82*H120mm,36°,15W,AJ/CG,ARAD1575/35/36/B,https://i.ibb.co/JRfvfJFX/Olyn-15-black.png
Olyn 15,DTZ075X,36V DC,350mA,4000K, CRI>97,Φ82*H120mm,36°,15W,AJ/CG,ARAD1575/40/36/W,https://i.ibb.co/B2QN5Jpy/Olyn-15-white.png
Olyn 15,DTZ075X,36V DC,350mA,4000K, CRI>97,Φ82*H120mm,36°,15W,AJ/CG,ARAD1575/40/36/B,https://i.ibb.co/JRfvfJFX/Olyn-15-black.png
Olyn 15,DTZ075X,36V DC,350mA,5000K, CRI>97,Φ82*H120mm,36°,15W,AJ/CG,ARAD1575/50/36/W,https://i.ibb.co/B2QN5Jpy/Olyn-15-white.png
Olyn 15,DTZ075X,36V DC,350mA,5000K, CRI>97,Φ82*H120mm,36°,15W,AJ/CG,ARAD1575/50/36/B,https://i.ibb.co/JRfvfJFX/Olyn-15-black.png
Olyn 15,DTZ075X,36V DC,350mA,2700K, CRI>97,Φ82*H120mm,45°,15W,AJ/CG,ARAD1575/27/45/W,https://i.ibb.co/B2QN5Jpy/Olyn-15-white.png
Olyn 15,DTZ075X,36V DC,350mA,2700K, CRI>97,Φ82*H120mm,45°,15W,AJ/CG,ARAD1575/27/45/B,https://i.ibb.co/JRfvfJFX/Olyn-15-black.png
Olyn 15,DTZ075X,36V DC,350mA,3000K, CRI>97,Φ82*H120mm,45°,15W,AJ/CG,ARAD1575/30/45/W,https://i.ibb.co/B2QN5Jpy/Olyn-15-white.png
Olyn 15,DTZ075X,36V DC,350mA,3000K, CRI>97,Φ82*H120mm,45°,15W,AJ/CG,ARAD1575/30/45/B,https://i.ibb.co/JRfvfJFX/Olyn-15-black.png
Olyn 15,DTZ075X,36V DC,350mA,3500K, CRI>97,Φ82*H120mm,45°,15W,AJ/CG,ARAD1575/35/45/W,https://i.ibb.co/B2QN5Jpy/Olyn-15-white.png
Olyn 15,DTZ075X,36V DC,350mA,3500K, CRI>97,Φ82*H120mm,45°,15W,AJ/CG,ARAD1575/35/45/B,https://i.ibb.co/JRfvfJFX/Olyn-15-black.png
Olyn 15,DTZ075X,36V DC,350mA,4000K, CRI>97,Φ82*H120mm,45°,15W,AJ/CG,ARAD1575/40/45/W,https://i.ibb.co/B2QN5Jpy/Olyn-15-white.png
Olyn 15,DTZ075X,36V DC,350mA,4000K, CRI>97,Φ82*H120mm,45°,15W,AJ/CG,ARAD1575/40/45/B,https://i.ibb.co/JRfvfJFX/Olyn-15-black.png
Olyn 15,DTZ075X,36V DC,350mA,5000K, CRI>97,Φ82*H120mm,45°,15W,AJ/CG,ARAD1575/50/45/W,https://i.ibb.co/B2QN5Jpy/Olyn-15-white.png
Olyn 15,DTZ075X,36V DC,350mA,5000K, CRI>97,Φ82*H120mm,45°,15W,AJ/CG,ARAD1575/50/45/B,https://i.ibb.co/JRfvfJFX/Olyn-15-black.png
Olyn 15 Houdini,DTZ075X,36V DC,350mA,2700K, CRI>97,Φ82*H120mm,15°,15W,AJ/CG,ARAD1575/27/15/TL,https://i.ibb.co/WvJ8X5B4/Olyn-houdini-15-TL.png
Olyn 15 Houdini,DTZ075X,36V DC,350mA,3000K, CRI>97,Φ82*H120mm,15°,15W,AJ/CG,ARAD1575/30/15/TL,https://i.ibb.co/WvJ8X5B4/Olyn-houdini-15-TL.png
Olyn 15 Houdini,DTZ075X,36V DC,350mA,3500K, CRI>97,Φ82*H120mm,15°,15W,AJ/CG,ARAD1575/35/15/TL,https://i.ibb.co/WvJ8X5B4/Olyn-houdini-15-TL.png
Olyn 15 Houdini,DTZ075X,36V DC,350mA,4000K, CRI>97,Φ82*H120mm,15°,15W,AJ/CG,ARAD1575/40/15/TL,https://i.ibb.co/WvJ8X5B4/Olyn-houdini-15-TL.png
Olyn 15 Houdini,DTZ075X,36V DC,350mA,5000K, CRI>97,Φ82*H120mm,15°,15W,AJ/CG,ARAD1575/50/15/TL,https://i.ibb.co/WvJ8X5B4/Olyn-houdini-15-TL.png
Olyn 15 Houdini,DTZ075X,36V DC,350mA,2700K, CRI>97,Φ82*H120mm,24°,15W,AJ/CG,ARAD1575/27/24/TL,https://i.ibb.co/WvJ8X5B4/Olyn-houdini-15-TL.png
Olyn 15 Houdini,DTZ075X,36V DC,350mA,3000K, CRI>97,Φ82*H120mm,24°,15W,AJ/CG,ARAD1575/30/24/TL,https://i.ibb.co/WvJ8X5B4/Olyn-houdini-15-TL.png
Olyn 15 Houdini,DTZ075X,36V DC,350mA,3500K, CRI>97,Φ82*H120mm,24°,15W,AJ/CG,ARAD1575/35/24/TL,https://i.ibb.co/WvJ8X5B4/Olyn-houdini-15-TL.png
Olyn 15 Houdini,DTZ075X,36V DC,350mA,4000K, CRI>97,Φ82*H120mm,24°,15W,AJ/CG,ARAD1575/40/24/TL,https://i.ibb.co/WvJ8X5B4/Olyn-houdini-15-TL.png
Olyn 15 Houdini,DTZ075X,36V DC,350mA,5000K, CRI>97,Φ82*H120mm,24°,15W,AJ/CG,ARAD1575/50/24/TL,https://i.ibb.co/WvJ8X5B4/Olyn-houdini-15-TL.png
Olyn 15 Houdini,DTZ075X,36V DC,350mA,2700K, CRI>97,Φ82*H120mm,36°,15W,AJ/CG,ARAD1575/27/36/TL,https://i.ibb.co/WvJ8X5B4/Olyn-houdini-15-TL.png
Olyn 15 Houdini,DTZ075X,36V DC,350mA,3000K, CRI>97,Φ82*H120mm,36°,15W,AJ/CG,ARAD1575/30/36/TL,https://i.ibb.co/WvJ8X5B4/Olyn-houdini-15-TL.png
Olyn 15 Houdini,DTZ075X,36V DC,350mA,3500K, CRI>97,Φ82*H120mm,36°,15W,AJ/CG,ARAD1575/35/36/TL,https://i.ibb.co/WvJ8X5B4/Olyn-houdini-15-TL.png
Olyn 15 Houdini,DTZ075X,36V DC,350mA,4000K, CRI>97,Φ82*H120mm,36°,15W,AJ/CG,ARAD1575/40/36/TL,https://i.ibb.co/WvJ8X5B4/Olyn-houdini-15-TL.png
Olyn 15 Houdini,DTZ075X,36V DC,350mA,5000K, CRI>97,Φ82*H120mm,36°,15W,AJ/CG,ARAD1575/50/36/TL,https://i.ibb.co/WvJ8X5B4/Olyn-houdini-15-TL.png
Olyn 15 Houdini,DTZ075X,36V DC,350mA,2700K, CRI>97,Φ82*H120mm,45°,15W,AJ/CG,ARAD1575/27/45/TL,https://i.ibb.co/WvJ8X5B4/Olyn-houdini-15-TL.png
Olyn 15 Houdini,DTZ075X,36V DC,350mA,3000K, CRI>97,Φ82*H120mm,45°,15W,AJ/CG,ARAD1575/30/45/TL,https://i.ibb.co/WvJ8X5B4/Olyn-houdini-15-TL.png
Olyn 15 Houdini,DTZ075X,36V DC,350mA,3500K, CRI>97,Φ82*H120mm,45°,15W,AJ/CG,ARAD1575/35/45/TL,https://i.ibb.co/WvJ8X5B4/Olyn-houdini-15-TL.png
Olyn 15 Houdini,DTZ075X,36V DC,350mA,4000K, CRI>97,Φ82*H120mm,45°,15W,AJ/CG,ARAD1575/40/45/TL,https://i.ibb.co/WvJ8X5B4/Olyn-houdini-15-TL.png
Olyn 15 Houdini,DTZ075X,36V DC,350mA,5000K, CRI>97,Φ82*H120mm,45°,15W,AJ/CG,ARAD1575/50/45/TL,https://i.ibb.co/WvJ8X5B4/Olyn-houdini-15-TL.png
Olyn 15 Tunable,DTZ075X,36V DC,350mA,2700K~6500K, CRI>97,Φ82*H120mm,15°,15W,AJ/CG,ARAD1575/CT/15/W,https://i.ibb.co/B2QN5Jpy/Olyn-15-white.png
Olyn 15 Tunable,DTZ075X,36V DC,350mA,2700K~6500K, CRI>97,Φ82*H120mm,15°,15W,AJ/CG,ARAD1575/CT/15/B,https://i.ibb.co/JRfvfJFX/Olyn-15-black.png
Olyn 15 Tunable,DTZ075X,36V DC,350mA,2700K~6500K, CRI>97,Φ82*H120mm,24°,15W,AJ/CG,ARAD1575/CT/24/W,https://i.ibb.co/B2QN5Jpy/Olyn-15-white.png
Olyn 15 Tunable,DTZ075X,36V DC,350mA,2700K~6500K, CRI>97,Φ82*H120mm,24°,15W,AJ/CG,ARAD1575/CT/24/B,https://i.ibb.co/JRfvfJFX/Olyn-15-black.png
Olyn 15 Tunable,DTZ075X,36V DC,350mA,2700K~6500K, CRI>97,Φ82*H120mm,36°,15W,AJ/CG,ARAD1575/CT/36/W,https://i.ibb.co/B2QN5Jpy/Olyn-15-white.png
Olyn 15 Tunable,DTZ075X,36V DC,350mA,2700K~6500K, CRI>97,Φ82*H120mm,36°,15W,AJ/CG,ARAD1575/CT/36/B,https://i.ibb.co/JRfvfJFX/Olyn-15-black.png
Olyn 15 Tunable,DTZ075X,36V DC,350mA,2700K~6500K, CRI>97,Φ82*H120mm,45°,15W,AJ/CG,ARAD1575/CT/45/W,https://i.ibb.co/B2QN5Jpy/Olyn-15-white.png
Olyn 15 Tunable,DTZ075X,36V DC,350mA,2700K~6500K, CRI>97,Φ82*H120mm,45°,15W,AJ/CG,ARAD1575/CT/45/B,https://i.ibb.co/JRfvfJFX/Olyn-15-black.png
Olyn15 Houdini Tunable,DTZ075X,36V DC,350mA,2700K~6500K, CRI>97,Φ82*H120mm,15°,15W,AJ/CG,ARAD1575/CT/15/TL,https://i.ibb.co/B2QN5Jpy/Olyn-15-white.png
Olyn15 Houdini Tunable,DTZ075X,36V DC,350mA,2700K~6500K, CRI>97,Φ82*H120mm,24°,15W,AJ/CG,ARAD1575/CT/24/TL,https://i.ibb.co/JRfvfJFX/Olyn-15-black.png
Olyn15 Houdini Tunable,DTZ075X,36V DC,350mA,2700K~6500K, CRI>97,Φ82*H120mm,36°,15W,AJ/CG,ARAD1575/CT/36/TL,https://i.ibb.co/B2QN5Jpy/Olyn-15-white.png
Olyn15 Houdini Tunable,DTZ075X,36V DC,350mA,2700K~6500K, CRI>97,Φ82*H120mm,45°,15W,AJ/CG,ARAD1575/CT/45/TL,https://i.ibb.co/JRfvfJFX/Olyn-15-black.png
Olyn Fit,DTZ075X,36V DC,350mA,2700K, CRI>97,Φ82*H90mm,15°,15W,AJ/CG,ARAD1575/27/15/W/V2,https://i.ibb.co/cK4xWHQF/Olyn-fit-V2-black-white.png
Olyn Fit,DTZ075X,36V DC,350mA,2700K, CRI>97,Φ82*H90mm,15°,15W,AJ/CG,ARAD1575/27/15/B/V2,https://i.ibb.co/7xgPRqkQ/Olyn-fit-V2-black.png
Olyn Fit,DTZ075X,36V DC,350mA,3000K, CRI>97,Φ82*H90mm,15°,15W,AJ/CG,ARAD1575/30/15/W/V2,https://i.ibb.co/cK4xWHQF/Olyn-fit-V2-black-white.png
Olyn Fit,DTZ075X,36V DC,350mA,3000K, CRI>97,Φ82*H90mm,15°,15W,AJ/CG,ARAD1575/30/15/B/V2,https://i.ibb.co/7xgPRqkQ/Olyn-fit-V2-black.png
Olyn Fit,DTZ075X,36V DC,350mA,3500K, CRI>97,Φ82*H90mm,15°,15W,AJ/CG,ARAD1575/35/15/W/V2,https://i.ibb.co/cK4xWHQF/Olyn-fit-V2-black-white.png
Olyn Fit,DTZ075X,36V DC,350mA,3500K, CRI>97,Φ82*H90mm,15°,15W,AJ/CG,ARAD1575/35/15/B/V2,https://i.ibb.co/7xgPRqkQ/Olyn-fit-V2-black.png
Olyn Fit,DTZ075X,36V DC,350mA,4000K, CRI>97,Φ82*H90mm,15°,15W,AJ/CG,ARAD1575/40/15/W/V2,https://i.ibb.co/cK4xWHQF/Olyn-fit-V2-black-white.png
Olyn Fit,DTZ075X,36V DC,350mA,4000K, CRI>97,Φ82*H90mm,15°,15W,AJ/CG,ARAD1575/40/15/B/V2,https://i.ibb.co/7xgPRqkQ/Olyn-fit-V2-black.png
Olyn Fit,DTZ075X,36V DC,350mA,5000K, CRI>97,Φ82*H90mm,15°,15W,AJ/CG,ARAD1575/50/15/W/V2,https://i.ibb.co/cK4xWHQF/Olyn-fit-V2-black-white.png
Olyn Fit,DTZ075X,36V DC,350mA,5000K, CRI>97,Φ82*H90mm,15°,15W,AJ/CG,ARAD1575/50/15/B/V2,https://i.ibb.co/7xgPRqkQ/Olyn-fit-V2-black.png
Olyn Fit,DTZ075X,36V DC,350mA,2700K, CRI>97,Φ82*H90mm,24°,15W,AJ/CG,ARAD1575/27/24/W/V2,https://i.ibb.co/cK4xWHQF/Olyn-fit-V2-black-white.png
Olyn Fit,DTZ075X,36V DC,350mA,2700K, CRI>97,Φ82*H90mm,24°,15W,AJ/CG,ARAD1575/27/24/B/V2,https://i.ibb.co/7xgPRqkQ/Olyn-fit-V2-black.png
Olyn Fit,DTZ075X,36V DC,350mA,3000K, CRI>97,Φ82*H90mm,24°,15W,AJ/CG,ARAD1575/30/24/W/V2,https://i.ibb.co/cK4xWHQF/Olyn-fit-V2-black-white.png
Olyn Fit,DTZ075X,36V DC,350mA,3000K, CRI>97,Φ82*H90mm,24°,15W,AJ/CG,ARAD1575/30/24/B/V2,https://i.ibb.co/7xgPRqkQ/Olyn-fit-V2-black.png
Olyn Fit,DTZ075X,36V DC,350mA,3500K, CRI>97,Φ82*H90mm,24°,15W,AJ/CG,ARAD1575/35/24/W/V2,https://i.ibb.co/cK4xWHQF/Olyn-fit-V2-black-white.png
Olyn Fit,DTZ075X,36V DC,350mA,3500K, CRI>97,Φ82*H90mm,24°,15W,AJ/CG,ARAD1575/35/24/B/V2,https://i.ibb.co/7xgPRqkQ/Olyn-fit-V2-black.png
Olyn Fit,DTZ075X,36V DC,350mA,4000K, CRI>97,Φ82*H90mm,24°,15W,AJ/CG,ARAD1575/40/24/W/V2,https://i.ibb.co/cK4xWHQF/Olyn-fit-V2-black-white.png
Olyn Fit,DTZ075X,36V DC,350mA,4000K, CRI>97,Φ82*H90mm,24°,15W,AJ/CG,ARAD1575/40/24/B/V2,https://i.ibb.co/7xgPRqkQ/Olyn-fit-V2-black.png
Olyn Fit,DTZ075X,36V DC,350mA,5000K, CRI>97,Φ82*H90mm,24°,15W,AJ/CG,ARAD1575/50/24/W/V2,https://i.ibb.co/cK4xWHQF/Olyn-fit-V2-black-white.png
Olyn Fit,DTZ075X,36V DC,350mA,5000K, CRI>97,Φ82*H90mm,24°,15W,AJ/CG,ARAD1575/50/24/B/V2,https://i.ibb.co/7xgPRqkQ/Olyn-fit-V2-black.png
Olyn Fit,DTZ075X,36V DC,350mA,2700K, CRI>97,Φ82*H90mm,36°,15W,AJ/CG,ARAD1575/27/36/W/V2,https://i.ibb.co/cK4xWHQF/Olyn-fit-V2-black-white.png
Olyn Fit,DTZ075X,36V DC,350mA,2700K, CRI>97,Φ82*H90mm,36°,15W,AJ/CG,ARAD1575/27/36/B/V2,https://i.ibb.co/7xgPRqkQ/Olyn-fit-V2-black.png
Olyn Fit,DTZ075X,36V DC,350mA,3000K, CRI>97,Φ82*H90mm,36°,15W,AJ/CG,ARAD1575/30/36/W/V2,https://i.ibb.co/cK4xWHQF/Olyn-fit-V2-black-white.png
Olyn Fit,DTZ075X,36V DC,350mA,3000K, CRI>97,Φ82*H90mm,36°,15W,AJ/CG,ARAD1575/30/36/B/V2,https://i.ibb.co/7xgPRqkQ/Olyn-fit-V2-black.png
Olyn Fit,DTZ075X,36V DC,350mA,3500K, CRI>97,Φ82*H90mm,36°,15W,AJ/CG,ARAD1575/35/36/W/V2,https://i.ibb.co/cK4xWHQF/Olyn-fit-V2-black-white.png
Olyn Fit,DTZ075X,36V DC,350mA,3500K, CRI>97,Φ82*H90mm,36°,15W,AJ/CG,ARAD1575/35/36/B/V2,https://i.ibb.co/7xgPRqkQ/Olyn-fit-V2-black.png
Olyn Fit,DTZ075X,36V DC,350mA,4000K, CRI>97,Φ82*H90mm,36°,15W,AJ/CG,ARAD1575/40/36/W/V2,https://i.ibb.co/cK4xWHQF/Olyn-fit-V2-black-white.png
Olyn Fit,DTZ075X,36V DC,350mA,4000K, CRI>97,Φ82*H90mm,36°,15W,AJ/CG,ARAD1575/40/36/B/V2,https://i.ibb.co/7xgPRqkQ/Olyn-fit-V2-black.png
Olyn Fit,DTZ075X,36V DC,350mA,5000K, CRI>97,Φ82*H90mm,36°,15W,AJ/CG,ARAD1575/50/36/W/V2,https://i.ibb.co/cK4xWHQF/Olyn-fit-V2-black-white.png
Olyn Fit,DTZ075X,36V DC,350mA,5000K, CRI>97,Φ82*H90mm,36°,15W,AJ/CG,ARAD1575/50/36/B/V2,https://i.ibb.co/7xgPRqkQ/Olyn-fit-V2-black.png
Olyn Fit,DTZ075X,36V DC,350mA,2700K, CRI>97,Φ82*H90mm,45°,15W,AJ/CG,ARAD1575/27/45/W/V2,https://i.ibb.co/cK4xWHQF/Olyn-fit-V2-black-white.png
Olyn Fit,DTZ075X,36V DC,350mA,2700K, CRI>97,Φ82*H90mm,45°,15W,AJ/CG,ARAD1575/27/45/B/V2,https://i.ibb.co/7xgPRqkQ/Olyn-fit-V2-black.png
Olyn Fit,DTZ075X,36V DC,350mA,3000K, CRI>97,Φ82*H90mm,45°,15W,AJ/CG,ARAD1575/30/45/W/V2,https://i.ibb.co/cK4xWHQF/Olyn-fit-V2-black-white.png
Olyn Fit,DTZ075X,36V DC,350mA,3000K, CRI>97,Φ82*H90mm,45°,15W,AJ/CG,ARAD1575/30/45/B/V2,https://i.ibb.co/7xgPRqkQ/Olyn-fit-V2-black.png
Olyn Fit,DTZ075X,36V DC,350mA,3500K, CRI>97,Φ82*H90mm,45°,15W,AJ/CG,ARAD1575/35/45/W/V2,https://i.ibb.co/cK4xWHQF/Olyn-fit-V2-black-white.png
Olyn Fit,DTZ075X,36V DC,350mA,3500K, CRI>97,Φ82*H90mm,45°,15W,AJ/CG,ARAD1575/35/45/B/V2,https://i.ibb.co/7xgPRqkQ/Olyn-fit-V2-black.png
Olyn Fit,DTZ075X,36V DC,350mA,4000K, CRI>97,Φ82*H90mm,45°,15W,AJ/CG,ARAD1575/40/45/W/V2,https://i.ibb.co/cK4xWHQF/Olyn-fit-V2-black-white.png
Olyn Fit,DTZ075X,36V DC,350mA,4000K, CRI>97,Φ82*H90mm,45°,15W,AJ/CG,ARAD1575/40/45/B/V2,https://i.ibb.co/7xgPRqkQ/Olyn-fit-V2-black.png
Olyn Fit,DTZ075X,36V DC,350mA,5000K, CRI>97,Φ82*H90mm,45°,15W,AJ/CG,ARAD1575/50/45/W/V2,https://i.ibb.co/cK4xWHQF/Olyn-fit-V2-black-white.png
Olyn Fit,DTZ075X,36V DC,350mA,5000K, CRI>97,Φ82*H90mm,45°,15W,AJ/CG,ARAD1575/50/45/B/V2,https://i.ibb.co/7xgPRqkQ/Olyn-fit-V2-black.png
Olyn Fit Tunable,DTZ075X,36V DC,350mA,2700K~6500K, CRI>97,Φ82*H90mm,15°,15W,AJ/CG,ARAD1575/CT/15/W/V2,https://i.ibb.co/cK4xWHQF/Olyn-fit-V2-black-white.png
Olyn Fit Tunable,DTZ075X,36V DC,350mA,2700K~6500K, CRI>97,Φ82*H90mm,15°,15W,AJ/CG,ARAD1575/CT/15/B/V2,https://i.ibb.co/7xgPRqkQ/Olyn-fit-V2-black.png
Olyn Fit Tunable,DTZ075X,36V DC,350mA,2700K~6500K, CRI>97,Φ82*H90mm,24°,15W,AJ/CG,ARAD1575/CT/24/W/V2,https://i.ibb.co/cK4xWHQF/Olyn-fit-V2-black-white.png
Olyn Fit Tunable,DTZ075X,36V DC,350mA,2700K~6500K, CRI>97,Φ82*H90mm,24°,15W,AJ/CG,ARAD1575/CT/24/B/V2,https://i.ibb.co/7xgPRqkQ/Olyn-fit-V2-black.png
Olyn Fit Tunable,DTZ075X,36V DC,350mA,2700K~6500K, CRI>97,Φ82*H90mm,36°,15W,AJ/CG,ARAD1575/CT/36/W/V2,https://i.ibb.co/cK4xWHQF/Olyn-fit-V2-black-white.png
Olyn Fit Tunable,DTZ075X,36V DC,350mA,2700K~6500K, CRI>97,Φ82*H90mm,36°,15W,AJ/CG,ARAD1575/CT/36/B/V2,https://i.ibb.co/7xgPRqkQ/Olyn-fit-V2-black.png
Olyn Fit Tunable,DTZ075X,36V DC,350mA,2700K~6500K, CRI>97,Φ82*H90mm,45°,15W,AJ/CG,ARAD1575/CT/45/W/V2,https://i.ibb.co/cK4xWHQF/Olyn-fit-V2-black-white.png
Olyn Fit Tunable,DTZ075X,36V DC,350mA,2700K~6500K, CRI>97,Φ82*H90mm,45°,15W,AJ/CG,ARAD1575/CT/45/B/V2,https://i.ibb.co/7xgPRqkQ/Olyn-fit-V2-black.png
Olyn Fit Houdini,DTZ075X,36V DC,350mA,2700K, CRI>97,Φ82*H90mm,15°,15W,AJ/CG,ARAD1575/27/15/V2/TL,https://i.ibb.co/rKLv33V5/Olyn-houdini-9-TL.png
Olyn Fit Houdini,DTZ075X,36V DC,350mA,2700K, CRI>97,Φ82*H90mm,24°,15W,AJ/CG,ARAD1575/27/24/V2/TL,https://i.ibb.co/rKLv33V5/Olyn-houdini-9-TL.png
Olyn Fit Houdini,DTZ075X,36V DC,350mA,2700K, CRI>97,Φ82*H90mm,36°,15W,AJ/CG,ARAD1575/27/36/V2/TL,https://i.ibb.co/rKLv33V5/Olyn-houdini-9-TL.png
Olyn Fit Houdini,DTZ075X,36V DC,350mA,2700K, CRI>97,Φ82*H90mm,45°,15W,AJ/CG,ARAD1575/27/45/V2/TL,https://i.ibb.co/rKLv33V5/Olyn-houdini-9-TL.png
Olyn Fit Houdini,DTZ075X,36V DC,350mA,3000K, CRI>97,Φ82*H90mm,15°,15W,AJ/CG,ARAD1575/30/15/V2/TL,https://i.ibb.co/rKLv33V5/Olyn-houdini-9-TL.png
Olyn Fit Houdini,DTZ075X,36V DC,350mA,3000K, CRI>97,Φ82*H90mm,24°,15W,AJ/CG,ARAD1575/30/24/V2/TL,https://i.ibb.co/rKLv33V5/Olyn-houdini-9-TL.png
Olyn Fit Houdini,DTZ075X,36V DC,350mA,3000K, CRI>97,Φ82*H90mm,36°,15W,AJ/CG,ARAD1575/30/36/V2/TL,https://i.ibb.co/rKLv33V5/Olyn-houdini-9-TL.png
Olyn Fit Houdini,DTZ075X,36V DC,350mA,3000K, CRI>97,Φ82*H90mm,45°,15W,AJ/CG,ARAD1575/30/45/V2/TL,https://i.ibb.co/rKLv33V5/Olyn-houdini-9-TL.png
Olyn Fit Houdini,DTZ075X,36V DC,350mA,3500K, CRI>97,Φ82*H90mm,15°,15W,AJ/CG,ARAD1575/35/15/V2/TL,https://i.ibb.co/rKLv33V5/Olyn-houdini-9-TL.png
Olyn Fit Houdini,DTZ075X,36V DC,350mA,3500K, CRI>97,Φ82*H90mm,24°,15W,AJ/CG,ARAD1575/35/24/V2/TL,https://i.ibb.co/rKLv33V5/Olyn-houdini-9-TL.png
Olyn Fit Houdini,DTZ075X,36V DC,350mA,3500K, CRI>97,Φ82*H90mm,36°,15W,AJ/CG,ARAD1575/35/36/V2/TL,https://i.ibb.co/rKLv33V5/Olyn-houdini-9-TL.png
Olyn Fit Houdini,DTZ075X,36V DC,350mA,3500K, CRI>97,Φ82*H90mm,45°,15W,AJ/CG,ARAD1575/35/45/V2/TL,https://i.ibb.co/rKLv33V5/Olyn-houdini-9-TL.png
Olyn Fit Houdini,DTZ075X,36V DC,350mA,4000K, CRI>97,Φ82*H90mm,15°,15W,AJ/CG,ARAD1575/40/15/V2/TL,https://i.ibb.co/rKLv33V5/Olyn-houdini-9-TL.png
Olyn Fit Houdini,DTZ075X,36V DC,350mA,4000K, CRI>97,Φ82*H90mm,24°,15W,AJ/CG,ARAD1575/40/24/V2/TL,https://i.ibb.co/rKLv33V5/Olyn-houdini-9-TL.png
Olyn Fit Houdini,DTZ075X,36V DC,350mA,4000K, CRI>97,Φ82*H90mm,36°,15W,AJ/CG,ARAD1575/40/36/V2/TL,https://i.ibb.co/rKLv33V5/Olyn-houdini-9-TL.png
Olyn Fit Houdini,DTZ075X,36V DC,350mA,4000K, CRI>97,Φ82*H90mm,45°,15W,AJ/CG,ARAD1575/40/45/V2/TL,https://i.ibb.co/rKLv33V5/Olyn-houdini-9-TL.png
Olyn Fit Houdini,DTZ075X,36V DC,350mA,5000K, CRI>97,Φ82*H90mm,15°,15W,AJ/CG,ARAD1575/50/15/V2/TL,https://i.ibb.co/rKLv33V5/Olyn-houdini-9-TL.png
Olyn Fit Houdini,DTZ075X,36V DC,350mA,5000K, CRI>97,Φ82*H90mm,24°,15W,AJ/CG,ARAD1575/50/24/V2/TL,https://i.ibb.co/rKLv33V5/Olyn-houdini-9-TL.png
Olyn Fit Houdini,DTZ075X,36V DC,350mA,5000K, CRI>97,Φ82*H90mm,36°,15W,AJ/CG,ARAD1575/50/36/V2/TL,https://i.ibb.co/rKLv33V5/Olyn-houdini-9-TL.png
Olyn Fit Houdini,DTZ075X,36V DC,350mA,5000K, CRI>97,Φ82*H90mm,45°,15W,AJ/CG,ARAD1575/50/45/V2/TL,https://i.ibb.co/rKLv33V5/Olyn-houdini-9-TL.png
Olyn Fit Tunable Houdini,DTZ075X,36V DC,350mA,2700K~6500K, CRI>97,Φ82*H90mm,15°,15W,AJ/CG,ARAD1575/CT/15/V2/TL,https://i.ibb.co/rKLv33V5/Olyn-houdini-9-TL.png
Olyn Fit Tunable Houdini,DTZ075X,36V DC,350mA,2700K~6500K, CRI>97,Φ82*H90mm,24°,15W,AJ/CG,ARAD1575/CT/24/V2/TL,https://i.ibb.co/rKLv33V5/Olyn-houdini-9-TL.png
Olyn Fit Tunable Houdini,DTZ075X,36V DC,350mA,2700K~6500K, CRI>97,Φ82*H90mm,36°,15W,AJ/CG,ARAD1575/CT/36/V2/TL,https://i.ibb.co/rKLv33V5/Olyn-houdini-9-TL.png
Olyn Fit Tunable Houdini,DTZ075X,36V DC,350mA,2700K~6500K, CRI>97,Φ82*H90mm,45°,15W,AJ/CG,ARAD1575/CT/45/V2/TL,https://i.ibb.co/rKLv33V5/Olyn-houdini-9-TL.png
Olyn 18,DTZ075X,36V DC,450mA,2700K, CRI>80,Φ82*H120mm,15°,18W,AJ/CG,ARAD1875/27/15/W,https://i.ibb.co/CpdTkXc4/Olyn-18-white.png
Olyn 18,DTZ075X,36V DC,450mA,2700K, CRI>80,Φ82*H120mm,15°,18W,AJ/CG,ARAD1875/27/15/B,https://i.ibb.co/R4PL781h/Olyn-18-balck.png
Olyn 18,DTZ075X,36V DC,450mA,3000K, CRI>80,Φ82*H120mm,15°,18W,AJ/CG,ARAD1875/30/15/W,https://i.ibb.co/CpdTkXc4/Olyn-18-white.png
Olyn 18,DTZ075X,36V DC,450mA,3000K, CRI>80,Φ82*H120mm,15°,18W,AJ/CG,ARAD1875/30/15/B,https://i.ibb.co/R4PL781h/Olyn-18-balck.png
Olyn 18,DTZ075X,36V DC,450mA,3500K, CRI>80,Φ82*H120mm,15°,18W,AJ/CG,ARAD1875/35/15/W,https://i.ibb.co/CpdTkXc4/Olyn-18-white.png
Olyn 18,DTZ075X,36V DC,450mA,3500K, CRI>80,Φ82*H120mm,15°,18W,AJ/CG,ARAD1875/35/15/B,https://i.ibb.co/R4PL781h/Olyn-18-balck.png
Olyn 18,DTZ075X,36V DC,450mA,4000K, CRI>80,Φ82*H120mm,15°,18W,AJ/CG,ARAD1875/40/15/W,https://i.ibb.co/CpdTkXc4/Olyn-18-white.png
Olyn 18,DTZ075X,36V DC,450mA,4000K, CRI>80,Φ82*H120mm,15°,18W,AJ/CG,ARAD1875/40/15/B,https://i.ibb.co/R4PL781h/Olyn-18-balck.png
Olyn 18,DTZ075X,36V DC,450mA,5000K, CRI>80,Φ82*H120mm,15°,18W,AJ/CG,ARAD1875/50/15/W,https://i.ibb.co/CpdTkXc4/Olyn-18-white.png
Olyn 18,DTZ075X,36V DC,450mA,5000K, CRI>80,Φ82*H120mm,15°,18W,AJ/CG,ARAD1875/50/15/B,https://i.ibb.co/R4PL781h/Olyn-18-balck.png
Olyn 18,DTZ075X,36V DC,450mA,2700K, CRI>80,Φ82*H120mm,24°,18W,AJ/CG,ARAD1875/27/24/W,https://i.ibb.co/CpdTkXc4/Olyn-18-white.png
Olyn 18,DTZ075X,36V DC,450mA,2700K, CRI>80,Φ82*H120mm,24°,18W,AJ/CG,ARAD1875/27/24/B,https://i.ibb.co/R4PL781h/Olyn-18-balck.png
Olyn 18,DTZ075X,36V DC,450mA,3000K, CRI>80,Φ82*H120mm,24°,18W,AJ/CG,ARAD1875/30/24/W,https://i.ibb.co/CpdTkXc4/Olyn-18-white.png
Olyn 18,DTZ075X,36V DC,450mA,3000K, CRI>80,Φ82*H120mm,24°,18W,AJ/CG,ARAD1875/30/24/B,https://i.ibb.co/R4PL781h/Olyn-18-balck.png
Olyn 18,DTZ075X,36V DC,450mA,3500K, CRI>80,Φ82*H120mm,24°,18W,AJ/CG,ARAD1875/35/24/W,https://i.ibb.co/CpdTkXc4/Olyn-18-white.png
Olyn 18,DTZ075X,36V DC,450mA,3500K, CRI>80,Φ82*H120mm,24°,18W,AJ/CG,ARAD1875/35/24/B,https://i.ibb.co/R4PL781h/Olyn-18-balck.png
Olyn 18,DTZ075X,36V DC,450mA,4000K, CRI>80,Φ82*H120mm,24°,18W,AJ/CG,ARAD1875/40/24/W,https://i.ibb.co/CpdTkXc4/Olyn-18-white.png
Olyn 18,DTZ075X,36V DC,450mA,4000K, CRI>80,Φ82*H120mm,24°,18W,AJ/CG,ARAD1875/40/24/B,https://i.ibb.co/R4PL781h/Olyn-18-balck.png
Olyn 18,DTZ075X,36V DC,450mA,5000K, CRI>80,Φ82*H120mm,24°,18W,AJ/CG,ARAD1875/50/24/W,https://i.ibb.co/CpdTkXc4/Olyn-18-white.png
Olyn 18,DTZ075X,36V DC,450mA,5000K, CRI>80,Φ82*H120mm,24°,18W,AJ/CG,ARAD1875/50/24/B,https://i.ibb.co/R4PL781h/Olyn-18-balck.png
Olyn 18,DTZ075X,36V DC,450mA,2700K, CRI>80,Φ82*H120mm,36°,18W,AJ/CG,ARAD1875/27/36/W,https://i.ibb.co/CpdTkXc4/Olyn-18-white.png
Olyn 18,DTZ075X,36V DC,450mA,2700K, CRI>80,Φ82*H120mm,36°,18W,AJ/CG,ARAD1875/27/36/B,https://i.ibb.co/R4PL781h/Olyn-18-balck.png
Olyn 18,DTZ075X,36V DC,450mA,3000K, CRI>80,Φ82*H120mm,36°,18W,AJ/CG,ARAD1875/30/36/W,https://i.ibb.co/CpdTkXc4/Olyn-18-white.png
Olyn 18,DTZ075X,36V DC,450mA,3000K, CRI>80,Φ82*H120mm,36°,18W,AJ/CG,ARAD1875/30/36/B,https://i.ibb.co/R4PL781h/Olyn-18-balck.png
Olyn 18,DTZ075X,36V DC,450mA,3500K, CRI>80,Φ82*H120mm,36°,18W,AJ/CG,ARAD1875/35/36/W,https://i.ibb.co/CpdTkXc4/Olyn-18-white.png
Olyn 18,DTZ075X,36V DC,450mA,3500K, CRI>80,Φ82*H120mm,36°,18W,AJ/CG,ARAD1875/35/36/B,https://i.ibb.co/R4PL781h/Olyn-18-balck.png
Olyn 18,DTZ075X,36V DC,450mA,4000K, CRI>80,Φ82*H120mm,36°,18W,AJ/CG,ARAD1875/40/36/W,https://i.ibb.co/CpdTkXc4/Olyn-18-white.png
Olyn 18,DTZ075X,36V DC,450mA,4000K, CRI>80,Φ82*H120mm,36°,18W,AJ/CG,ARAD1875/40/36/B,https://i.ibb.co/R4PL781h/Olyn-18-balck.png
Olyn 18,DTZ075X,36V DC,450mA,5000K, CRI>80,Φ82*H120mm,36°,18W,AJ/CG,ARAD1875/50/36/W,https://i.ibb.co/CpdTkXc4/Olyn-18-white.png
Olyn 18,DTZ075X,36V DC,450mA,5000K, CRI>80,Φ82*H120mm,36°,18W,AJ/CG,ARAD1875/50/36/B,https://i.ibb.co/R4PL781h/Olyn-18-balck.png
Olyn 18 Tunable,DTZ075X,36V DC,450mA,2700K~6500K, CRI>80,Φ82*H120mm,15°,18W,AJ/CG,ARAD1875/CT/15/W,https://i.ibb.co/CpdTkXc4/Olyn-18-white.png
Olyn 18 Tunable,DTZ075X,36V DC,450mA,2700K~6500K, CRI>80,Φ82*H120mm,15°,18W,AJ/CG,ARAD1875/CT/15/B,https://i.ibb.co/R4PL781h/Olyn-18-balck.png
Olyn 18 Tunable,DTZ075X,36V DC,450mA,2700K~6500K, CRI>80,Φ82*H120mm,24°,18W,AJ/CG,ARAD1875/CT/24/W,https://i.ibb.co/CpdTkXc4/Olyn-18-white.png
Olyn 18 Tunable,DTZ075X,36V DC,450mA,2700K~6500K, CRI>80,Φ82*H120mm,24°,18W,AJ/CG,ARAD1875/CT/24/B,https://i.ibb.co/R4PL781h/Olyn-18-balck.png
Olyn 18 Tunable,DTZ075X,36V DC,450mA,2700K~6500K, CRI>80,Φ82*H120mm,36°,18W,AJ/CG,ARAD1875/CT/36/W,https://i.ibb.co/CpdTkXc4/Olyn-18-white.png
Olyn 18 Tunable,DTZ075X,36V DC,450mA,2700K~6500K, CRI>80,Φ82*H120mm,36°,18W,AJ/CG,ARAD1875/CT/36/B,https://i.ibb.co/rKLv33V5/Olyn-houdini-9-TL.png
Olyn 18 Houdini,DTZ075X,36V DC,450mA,2700K, CRI>80,Φ82*H120mm,15°,18W,AJ/CG,ARAD1875/27/15/TL,https://i.ibb.co/rKLv33V5/Olyn-houdini-9-TL.png
Olyn 18 Houdini,DTZ075X,36V DC,450mA,2700K, CRI>80,Φ82*H120mm,24°,18W,AJ/CG,ARAD1875/27/24/TL,https://i.ibb.co/rKLv33V5/Olyn-houdini-9-TL.png
Olyn 18 Houdini,DTZ075X,36V DC,450mA,2700K, CRI>80,Φ82*H120mm,36°,18W,AJ/CG,ARAD1875/27/36/TL,https://i.ibb.co/rKLv33V5/Olyn-houdini-9-TL.png
Olyn 18 Houdini,DTZ075X,36V DC,450mA,3000K, CRI>80,Φ82*H120mm,15°,18W,AJ/CG,ARAD1875/30/15/TL,https://i.ibb.co/rKLv33V5/Olyn-houdini-9-TL.png
Olyn 18 Houdini,DTZ075X,36V DC,450mA,3000K, CRI>80,Φ82*H120mm,24°,18W,AJ/CG,ARAD1875/30/24/TL,https://i.ibb.co/rKLv33V5/Olyn-houdini-9-TL.png
Olyn 18 Houdini,DTZ075X,36V DC,450mA,3000K, CRI>80,Φ82*H120mm,36°,18W,AJ/CG,ARAD1875/30/36/TL,https://i.ibb.co/rKLv33V5/Olyn-houdini-9-TL.png
Olyn 18 Houdini,DTZ075X,36V DC,450mA,3500K, CRI>80,Φ82*H120mm,15°,18W,AJ/CG,ARAD1875/35/15/TL,https://i.ibb.co/rKLv33V5/Olyn-houdini-9-TL.png
Olyn 18 Houdini,DTZ075X,36V DC,450mA,3500K, CRI>80,Φ82*H120mm,24°,18W,AJ/CG,ARAD1875/35/24/TL,https://i.ibb.co/rKLv33V5/Olyn-houdini-9-TL.png
Olyn 18 Houdini,DTZ075X,36V DC,450mA,3500K, CRI>80,Φ82*H120mm,36°,18W,AJ/CG,ARAD1875/35/36/TL,https://i.ibb.co/rKLv33V5/Olyn-houdini-9-TL.png
Olyn 18 Houdini,DTZ075X,36V DC,450mA,4000K, CRI>80,Φ82*H120mm,15°,18W,AJ/CG,ARAD1875/40/15/TL,https://i.ibb.co/rKLv33V5/Olyn-houdini-9-TL.png
Olyn 18 Houdini,DTZ075X,36V DC,450mA,4000K, CRI>80,Φ82*H120mm,24°,18W,AJ/CG,ARAD1875/40/24/TL,https://i.ibb.co/rKLv33V5/Olyn-houdini-9-TL.png
Olyn 18 Houdini,DTZ075X,36V DC,450mA,4000K, CRI>80,Φ82*H120mm,36°,18W,AJ/CG,ARAD1875/40/36/TL,https://i.ibb.co/rKLv33V5/Olyn-houdini-9-TL.png
Olyn 18 Houdini,DTZ075X,36V DC,450mA,5000K, CRI>80,Φ82*H120mm,15°,18W,AJ/CG,ARAD1875/50/15/TL,https://i.ibb.co/rKLv33V5/Olyn-houdini-9-TL.png
Olyn 18 Houdini,DTZ075X,36V DC,450mA,5000K, CRI>80,Φ82*H120mm,24°,18W,AJ/CG,ARAD1875/50/24/TL,https://i.ibb.co/rKLv33V5/Olyn-houdini-9-TL.png
Olyn 18 Houdini,DTZ075X,36V DC,450mA,5000K, CRI>80,Φ82*H120mm,36°,18W,AJ/CG,ARAD1875/50/36/TL,https://i.ibb.co/rKLv33V5/Olyn-houdini-9-TL.png
Olyn 18 Tunable Houdini,DTZ075X,36V DC,450mA,2700K~6500K, CRI>80,Φ82*H120mm,15°,18W,AJ/CG,ARAD1875/CT/15/TL,https://i.ibb.co/rKLv33V5/Olyn-houdini-9-TL.png
Olyn 18 Tunable Houdini,DTZ075X,36V DC,450mA,2700K~6500K, CRI>80,Φ82*H120mm,24°,18W,AJ/CG,ARAD1875/CT/24/TL,https://i.ibb.co/rKLv33V5/Olyn-houdini-9-TL.png
Olyn 18 Tunable Houdini,DTZ075X,36V DC,450mA,2700K~6500K, CRI>80,Φ82*H120mm,36°,18W,AJ/CG,ARAD1875/CT/36/TL,https://i.ibb.co/rKLv33V5/Olyn-houdini-9-TL.png
Olyn Mini,DDY065S,36V DC,350mA,2700K, CRI>97,Φ59*H100mm,15°,15W,AJ/CG,ARAD1555/27/15/W,https://i.ibb.co/1JRQgLbN/Olyn-mini-white.png
Olyn Mini,DDY065S,36V DC,350mA,2700K, CRI>97,Φ59*H100mm,15°,15W,AJ/CG,ARAD1555/27/15/B,https://i.ibb.co/4n1GX8yF/Olyn-mini-balck.png
Olyn Mini,DDY065S,36V DC,350mA,3000K, CRI>97,Φ59*H100mm,15°,15W,AJ/CG,ARAD1555/30/15/W,https://i.ibb.co/1JRQgLbN/Olyn-mini-white.png
Olyn Mini,DDY065S,36V DC,350mA,3000K, CRI>97,Φ59*H100mm,15°,15W,AJ/CG,ARAD1555/30/15/B,https://i.ibb.co/4n1GX8yF/Olyn-mini-balck.png
Olyn Mini,DDY065S,36V DC,350mA,3500K, CRI>97,Φ59*H100mm,15°,15W,AJ/CG,ARAD1555/35/15/W,https://i.ibb.co/1JRQgLbN/Olyn-mini-white.png
Olyn Mini,DDY065S,36V DC,350mA,3500K, CRI>97,Φ59*H100mm,15°,15W,AJ/CG,ARAD1555/35/15/B,https://i.ibb.co/4n1GX8yF/Olyn-mini-balck.png
Olyn Mini,DDY065S,36V DC,350mA,4000K, CRI>97,Φ59*H100mm,15°,15W,AJ/CG,ARAD1555/40/15/W,https://i.ibb.co/1JRQgLbN/Olyn-mini-white.png
Olyn Mini,DDY065S,36V DC,350mA,4000K, CRI>97,Φ59*H100mm,15°,15W,AJ/CG,ARAD1555/40/15/B,https://i.ibb.co/4n1GX8yF/Olyn-mini-balck.png
Olyn Mini,DDY065S,36V DC,350mA,5000K, CRI>97,Φ59*H100mm,15°,15W,AJ/CG,ARAD1555/50/15/W,https://i.ibb.co/1JRQgLbN/Olyn-mini-white.png
Olyn Mini,DDY065S,36V DC,350mA,5000K, CRI>97,Φ59*H100mm,15°,15W,AJ/CG,ARAD1555/50/15/B,https://i.ibb.co/4n1GX8yF/Olyn-mini-balck.png
Olyn Mini,DDY065S,36V DC,350mA,2700K, CRI>97,Φ59*H100mm,24°,15W,AJ/CG,ARAD1555/27/24/W,https://i.ibb.co/1JRQgLbN/Olyn-mini-white.png
Olyn Mini,DDY065S,36V DC,350mA,2700K, CRI>97,Φ59*H100mm,24°,15W,AJ/CG,ARAD1555/27/24/B,https://i.ibb.co/4n1GX8yF/Olyn-mini-balck.png
Olyn Mini,DDY065S,36V DC,350mA,3000K, CRI>97,Φ59*H100mm,24°,15W,AJ/CG,ARAD1555/30/24/W,https://i.ibb.co/1JRQgLbN/Olyn-mini-white.png
Olyn Mini,DDY065S,36V DC,350mA,3000K, CRI>97,Φ59*H100mm,24°,15W,AJ/CG,ARAD1555/30/24/B,https://i.ibb.co/4n1GX8yF/Olyn-mini-balck.png
Olyn Mini,DDY065S,36V DC,350mA,3500K, CRI>97,Φ59*H100mm,24°,15W,AJ/CG,ARAD1555/35/24/W,https://i.ibb.co/1JRQgLbN/Olyn-mini-white.png
Olyn Mini,DDY065S,36V DC,350mA,3500K, CRI>97,Φ59*H100mm,24°,15W,AJ/CG,ARAD1555/35/24/B,https://i.ibb.co/4n1GX8yF/Olyn-mini-balck.png
Olyn Mini,DDY065S,36V DC,350mA,4000K, CRI>97,Φ59*H100mm,24°,15W,AJ/CG,ARAD1555/40/24/W,https://i.ibb.co/1JRQgLbN/Olyn-mini-white.png
Olyn Mini,DDY065S,36V DC,350mA,4000K, CRI>97,Φ59*H100mm,24°,15W,AJ/CG,ARAD1555/40/24/B,https://i.ibb.co/4n1GX8yF/Olyn-mini-balck.png
Olyn Mini,DDY065S,36V DC,350mA,5000K, CRI>97,Φ59*H100mm,24°,15W,AJ/CG,ARAD1555/50/24/W,https://i.ibb.co/1JRQgLbN/Olyn-mini-white.png
Olyn Mini,DDY065S,36V DC,350mA,5000K, CRI>97,Φ59*H100mm,24°,15W,AJ/CG,ARAD1555/50/24/B,https://i.ibb.co/4n1GX8yF/Olyn-mini-balck.png
Olyn Mini,DDY065S,36V DC,350mA,2700K, CRI>97,Φ59*H100mm,36°,15W,AJ/CG,ARAD1555/27/36/W,https://i.ibb.co/1JRQgLbN/Olyn-mini-white.png
Olyn Mini,DDY065S,36V DC,350mA,2700K, CRI>97,Φ59*H100mm,36°,15W,AJ/CG,ARAD1555/27/36/B,https://i.ibb.co/4n1GX8yF/Olyn-mini-balck.png
Olyn Mini,DDY065S,36V DC,350mA,3000K, CRI>97,Φ59*H100mm,36°,15W,AJ/CG,ARAD1555/30/36/W,https://i.ibb.co/1JRQgLbN/Olyn-mini-white.png
Olyn Mini,DDY065S,36V DC,350mA,3000K, CRI>97,Φ59*H100mm,36°,15W,AJ/CG,ARAD1555/30/36/B,https://i.ibb.co/4n1GX8yF/Olyn-mini-balck.png
Olyn Mini,DDY065S,36V DC,350mA,3500K, CRI>97,Φ59*H100mm,36°,15W,AJ/CG,ARAD1555/35/36/W,https://i.ibb.co/1JRQgLbN/Olyn-mini-white.png
Olyn Mini,DDY065S,36V DC,350mA,3500K, CRI>97,Φ59*H100mm,36°,15W,AJ/CG,ARAD1555/35/36/B,https://i.ibb.co/4n1GX8yF/Olyn-mini-balck.png
Olyn Mini,DDY065S,36V DC,350mA,4000K, CRI>97,Φ59*H100mm,36°,15W,AJ/CG,ARAD1555/40/36/W,https://i.ibb.co/1JRQgLbN/Olyn-mini-white.png
Olyn Mini,DDY065S,36V DC,350mA,4000K, CRI>97,Φ59*H100mm,36°,15W,AJ/CG,ARAD1555/40/36/B,https://i.ibb.co/4n1GX8yF/Olyn-mini-balck.png
Olyn Mini,DDY065S,36V DC,350mA,5000K, CRI>97,Φ59*H100mm,36°,15W,AJ/CG,ARAD1555/50/36/W,https://i.ibb.co/1JRQgLbN/Olyn-mini-white.png
Olyn Mini,DDY065S,36V DC,350mA,5000K, CRI>97,Φ59*H100mm,36°,15W,AJ/CG,ARAD1555/50/36/B,https://i.ibb.co/4n1GX8yF/Olyn-mini-balck.png
Olyn Mini Tunable,DDY065S,36V DC,350mA,2700K~6500K, CRI>97,Φ59*H100mm,15°,15W,AJ/CG,ARAD1555/CT/15/W,https://i.ibb.co/1JRQgLbN/Olyn-mini-white.png
Olyn Mini Tunable,DDY065S,36V DC,350mA,2700K~6500K, CRI>97,Φ59*H100mm,15°,15W,AJ/CG,ARAD1555/CT/15/B,https://i.ibb.co/4n1GX8yF/Olyn-mini-balck.png
Olyn Mini Tunable,DDY065S,36V DC,350mA,2700K~6500K, CRI>97,Φ59*H100mm,24°,15W,AJ/CG,ARAD1555/CT/24/W,https://i.ibb.co/1JRQgLbN/Olyn-mini-white.png
Olyn Mini Tunable,DDY065S,36V DC,350mA,2700K~6500K, CRI>97,Φ59*H100mm,24°,15W,AJ/CG,ARAD1555/CT/24/B,https://i.ibb.co/4n1GX8yF/Olyn-mini-balck.png
Olyn Mini Tunable,DDY065S,36V DC,350mA,2700K~6500K, CRI>97,Φ59*H100mm,36°,15W,AJ/CG,ARAD1555/CT/36/W,https://i.ibb.co/1JRQgLbN/Olyn-mini-white.png
Olyn Mini Tunable,DDY065S,36V DC,350mA,2700K~6500K, CRI>97,Φ59*H100mm,36°,15W,AJ/CG,ARAD1555/CT/36/B,https://i.ibb.co/4n1GX8yF/Olyn-mini-balck.png
Ogma,DSZ085Y,36V DC,200/350mA,2700K, CRI>97,Φ82*H66mm,60°,9W,AJ/CG,ARFW0975/27/60/W,https://i.ibb.co/p6F5SD5c/Ogma-white.png
Ogma,DSZ085Y,36V DC,200/350mA,2700K, CRI>97,Φ82*H66mm,60°,9W,AJ/CG,ARFW0975/27/60/B,https://i.ibb.co/HDRBs4Vw/Ogma-black.png
Ogma,DSZ085Y,36V DC,200/350mA,3000K, CRI>97,Φ82*H66mm,60°,9W,AJ/CG,ARFW0975/30/60/W,https://i.ibb.co/p6F5SD5c/Ogma-white.png
Ogma,DSZ085Y,36V DC,200/350mA,3000K, CRI>97,Φ82*H66mm,60°,9W,AJ/CG,ARFW0975/30/60/B,https://i.ibb.co/HDRBs4Vw/Ogma-black.png
Ogma,DSZ085Y,36V DC,200/350mA,3500K, CRI>97,Φ82*H66mm,60°,9W,AJ/CG,ARFW0975/35/60/W,https://i.ibb.co/p6F5SD5c/Ogma-white.png
Ogma,DSZ085Y,36V DC,200/350mA,3500K, CRI>97,Φ82*H66mm,60°,9W,AJ/CG,ARFW0975/35/60/B,https://i.ibb.co/HDRBs4Vw/Ogma-black.png
Ogma,DSZ085Y,36V DC,200/350mA,4000K, CRI>97,Φ82*H66mm,60°,9W,AJ/CG,ARFW0975/40/60/W,https://i.ibb.co/p6F5SD5c/Ogma-white.png
Ogma,DSZ085Y,36V DC,200/350mA,4000K, CRI>97,Φ82*H66mm,60°,9W,AJ/CG,ARFW0975/40/60/B,https://i.ibb.co/HDRBs4Vw/Ogma-black.png
Ogma,DSZ085Y,36V DC,200/350mA,5000K, CRI>97,Φ82*H66mm,60°,9W,AJ/CG,ARFW0975/50/60/W,https://i.ibb.co/p6F5SD5c/Ogma-white.png
Ogma,DSZ085Y,36V DC,200/350mA,5000K, CRI>97,Φ82*H66mm,60°,9W,AJ/CG,ARFW0975/50/60/B,https://i.ibb.co/HDRBs4Vw/Ogma-black.png
Ogma Tunable,DSZ085Y,36V DC,200/350mA,2700K~6500K, CRI>97,Φ82*H66mm,60°,9W,AJ/CG,ARFW0975/CT/60/W,https://i.ibb.co/p6F5SD5c/Ogma-white.png
Ogma Tunable,DSZ085Y,36V DC,200/350mA,2700K~6500K, CRI>97,Φ82*H66mm,60°,9W,AJ/CG,ARFW0975/CT/60/B,https://i.ibb.co/HDRBs4Vw/Ogma-black.png
Alcor,DDY085X,36V DC,200/350mA,2700K, CRI>97,Φ94*H63.5mm,40°,12W/15W,AJ/CG,ARFD0985/27/40,https://i.ibb.co/jPQq1W18/Alcor.png
Alcor,DDY085X,36V DC,200/350mA,3000K, CRI>97,Φ94*H63.5mm,40°,12W/15W,AJ/CG,ARFD0985/30/40,https://i.ibb.co/jPQq1W18/Alcor.png
Alcor,DDY085X,36V DC,200/350mA,3500K, CRI>97,Φ94*H63.5mm,40°,12W/15W,AJ/CG,ARFD0985/35/40,https://i.ibb.co/jPQq1W18/Alcor.png
Alcor,DDY085X,36V DC,200/350mA,4000K, CRI>97,Φ94*H63.5mm,40°,12W/15W,AJ/CG,ARFD0985/40/40,https://i.ibb.co/jPQq1W18/Alcor.png
Alcor,DDY085X,36V DC,200/350mA,5000K, CRI>97,Φ94*H63.5mm,40°,12W/15W,AJ/CG,ARFD0985/50/40,https://i.ibb.co/jPQq1W18/Alcor.png
SKAT 8,DDW165X,36V DC,150mA,2700K, CRI>97, D50*H80mm,15°,8W,AJ/CG,ASFD0850/27/15/W,https://i.ibb.co/4wgC84nR/skat-white.png
SKAT 8,DDW165X,36V DC,150mA,2700K, CRI>97, D50*H80mm,15°,8W,AJ/CG,ASFD0850/27/15/B,https://i.ibb.co/7tJrsLBm/skat-black.png
SKAT 8,DDW165X,36V DC,150mA,2700K, CRI>97, D50*H80mm,15°,8W,AJ/CG,ASFD0850/27/15/CG,https://i.ibb.co/qb009s5/skat-champeing-gold.png
SKAT 8,DDW165X,36V DC,150mA,2700K, CRI>97, D50*H80mm,15°,8W,AJ/CG,ASFD0850/27/15/RG,https://i.ibb.co/MxcGFfMr/skat-rose-gold.png
SKAT 8,DDW165X,36V DC,150mA,2700K, CRI>97, D50*H80mm,15°,8W,AJ/CG,ASFD0850/27/15/BR,https://i.ibb.co/tPbdFv34/skat-brown.png
SKAT 8,DDW165X,36V DC,150mA,2700K, CRI>97, D50*H80mm,15°,8W,AJ/CG,ASFD0850/27/15/COF,https://i.ibb.co/gBC4BjS/skat-cofee.png
SKAT 8,DDW165X,36V DC,150mA,2700K, CRI>97, D50*H80mm,15°,8W,AJ/CG,ASFD0850/27/15/DGR,https://i.ibb.co/rRZnBJgg/skat-dark-gray.png
SKAT 8,DDW165X,36V DC,150mA,2700K, CRI>97, D50*H80mm,15°,8W,AJ/CG,ASFD0850/27/15/BB,https://i.ibb.co/Z69LGCcZ/skat-ballet-blue.png
SKAT 8,DDW165X,36V DC,150mA,2700K, CRI>97, D50*H80mm,15°,8W,AJ/CG,ASFD0850/27/15/CH,https://i.ibb.co/fzhQnjBb/skat-crome.png
SKAT 8,DDW165X,36V DC,150mA,2700K, CRI>97, D50*H80mm,15°,8W,AJ/CG,ASFD0850/27/15/CHB,https://i.ibb.co/ZpQ2kZDd/skat-crome-black.png
SKAT 8,DDW165X,36V DC,150mA,2700K, CRI>97, D50*H80mm,24°,8W,AJ/CG,ASFD0850/27/24/W,https://i.ibb.co/4wgC84nR/skat-white.png
SKAT 8,DDW165X,36V DC,150mA,2700K, CRI>97, D50*H80mm,24°,8W,AJ/CG,ASFD0850/27/24/B,https://i.ibb.co/7tJrsLBm/skat-black.png
SKAT 8,DDW165X,36V DC,150mA,2700K, CRI>97, D50*H80mm,24°,8W,AJ/CG,ASFD0850/27/24/CG,https://i.ibb.co/qb009s5/skat-champeing-gold.png
SKAT 8,DDW165X,36V DC,150mA,2700K, CRI>97, D50*H80mm,24°,8W,AJ/CG,ASFD0850/27/24/RG,https://i.ibb.co/MxcGFfMr/skat-rose-gold.png
SKAT 8,DDW165X,36V DC,150mA,2700K, CRI>97, D50*H80mm,24°,8W,AJ/CG,ASFD0850/27/24/BR,https://i.ibb.co/tPbdFv34/skat-brown.png
SKAT 8,DDW165X,36V DC,150mA,2700K, CRI>97, D50*H80mm,24°,8W,AJ/CG,ASFD0850/27/24/COF,https://i.ibb.co/gBC4BjS/skat-cofee.png
SKAT 8,DDW165X,36V DC,150mA,2700K, CRI>97, D50*H80mm,24°,8W,AJ/CG,ASFD0850/27/24/DGR,https://i.ibb.co/rRZnBJgg/skat-dark-gray.png
SKAT 8,DDW165X,36V DC,150mA,2700K, CRI>97, D50*H80mm,24°,8W,AJ/CG,ASFD0850/27/24/BB,https://i.ibb.co/Z69LGCcZ/skat-ballet-blue.png
SKAT 8,DDW165X,36V DC,150mA,2700K, CRI>97, D50*H80mm,24°,8W,AJ/CG,ASFD0850/27/24/CH,https://i.ibb.co/fzhQnjBb/skat-crome.png
SKAT 8,DDW165X,36V DC,150mA,2700K, CRI>97, D50*H80mm,24°,8W,AJ/CG,ASFD0850/27/24/CHB,https://i.ibb.co/ZpQ2kZDd/skat-crome-black.png
SKAT 8,DDW165X,36V DC,150mA,3000K, CRI>97, D50*H80mm,15°,8W,AJ/CG,ASFD0850/30/15/W,https://i.ibb.co/4wgC84nR/skat-white.png
SKAT 8,DDW165X,36V DC,150mA,3000K, CRI>97, D50*H80mm,15°,8W,AJ/CG,ASFD0850/30/15/B,https://i.ibb.co/7tJrsLBm/skat-black.png
SKAT 8,DDW165X,36V DC,150mA,3000K, CRI>97, D50*H80mm,15°,8W,AJ/CG,ASFD0850/30/15/CG,https://i.ibb.co/qb009s5/skat-champeing-gold.png
SKAT 8,DDW165X,36V DC,150mA,3000K, CRI>97, D50*H80mm,15°,8W,AJ/CG,ASFD0850/30/15/RG,https://i.ibb.co/MxcGFfMr/skat-rose-gold.png
SKAT 8,DDW165X,36V DC,150mA,3000K, CRI>97, D50*H80mm,15°,8W,AJ/CG,ASFD0850/30/15/BR,https://i.ibb.co/tPbdFv34/skat-brown.png
SKAT 8,DDW165X,36V DC,150mA,3000K, CRI>97, D50*H80mm,15°,8W,AJ/CG,ASFD0850/30/15/COF,https://i.ibb.co/gBC4BjS/skat-cofee.png
SKAT 8,DDW165X,36V DC,150mA,3000K, CRI>97, D50*H80mm,15°,8W,AJ/CG,ASFD0850/30/15/DGR,https://i.ibb.co/rRZnBJgg/skat-dark-gray.png
SKAT 8,DDW165X,36V DC,150mA,3000K, CRI>97, D50*H80mm,15°,8W,AJ/CG,ASFD0850/30/15/BB,https://i.ibb.co/Z69LGCcZ/skat-ballet-blue.png
SKAT 8,DDW165X,36V DC,150mA,3000K, CRI>97, D50*H80mm,15°,8W,AJ/CG,ASFD0850/30/15/CH,https://i.ibb.co/fzhQnjBb/skat-crome.png
SKAT 8,DDW165X,36V DC,150mA,3000K, CRI>97, D50*H80mm,15°,8W,AJ/CG,ASFD0850/30/15/CHB,https://i.ibb.co/ZpQ2kZDd/skat-crome-black.png
SKAT 8,DDW165X,36V DC,150mA,3000K, CRI>97, D50*H80mm,24°,8W,AJ/CG,ASFD0850/30/24/W,https://i.ibb.co/4wgC84nR/skat-white.png
SKAT 8,DDW165X,36V DC,150mA,3000K, CRI>97, D50*H80mm,24°,8W,AJ/CG,ASFD0850/30/24/B,https://i.ibb.co/7tJrsLBm/skat-black.png
SKAT 8,DDW165X,36V DC,150mA,3000K, CRI>97, D50*H80mm,24°,8W,AJ/CG,ASFD0850/30/24/CG,https://i.ibb.co/qb009s5/skat-champeing-gold.png
SKAT 8,DDW165X,36V DC,150mA,3000K, CRI>97, D50*H80mm,24°,8W,AJ/CG,ASFD0850/30/24/RG,https://i.ibb.co/MxcGFfMr/skat-rose-gold.png
SKAT 8,DDW165X,36V DC,150mA,3000K, CRI>97, D50*H80mm,24°,8W,AJ/CG,ASFD0850/30/24/BR,https://i.ibb.co/tPbdFv34/skat-brown.png
SKAT 8,DDW165X,36V DC,150mA,3000K, CRI>97, D50*H80mm,24°,8W,AJ/CG,ASFD0850/30/24/COF,https://i.ibb.co/gBC4BjS/skat-cofee.png
SKAT 8,DDW165X,36V DC,150mA,3000K, CRI>97, D50*H80mm,24°,8W,AJ/CG,ASFD0850/30/24/DGR,https://i.ibb.co/rRZnBJgg/skat-dark-gray.png
SKAT 8,DDW165X,36V DC,150mA,3000K, CRI>97, D50*H80mm,24°,8W,AJ/CG,ASFD0850/30/24/BB,https://i.ibb.co/Z69LGCcZ/skat-ballet-blue.png
SKAT 8,DDW165X,36V DC,150mA,3000K, CRI>97, D50*H80mm,24°,8W,AJ/CG,ASFD0850/30/24/CH,https://i.ibb.co/fzhQnjBb/skat-crome.png
SKAT 8,DDW165X,36V DC,150mA,3000K, CRI>97, D50*H80mm,24°,8W,AJ/CG,ASFD0850/30/24/CHB,https://i.ibb.co/ZpQ2kZDd/skat-crome-black.png
SKAT 8,DDW165X,36V DC,150mA,3500K, CRI>97, D50*H80mm,15°,8W,AJ/CG,ASFD0850/35/15/W,https://i.ibb.co/4wgC84nR/skat-white.png
SKAT 8,DDW165X,36V DC,150mA,3500K, CRI>97, D50*H80mm,15°,8W,AJ/CG,ASFD0850/35/15/B,https://i.ibb.co/7tJrsLBm/skat-black.png
SKAT 8,DDW165X,36V DC,150mA,3500K, CRI>97, D50*H80mm,15°,8W,AJ/CG,ASFD0850/35/15/CG,https://i.ibb.co/qb009s5/skat-champeing-gold.png
SKAT 8,DDW165X,36V DC,150mA,3500K, CRI>97, D50*H80mm,15°,8W,AJ/CG,ASFD0850/35/15/RG,https://i.ibb.co/MxcGFfMr/skat-rose-gold.png
SKAT 8,DDW165X,36V DC,150mA,3500K, CRI>97, D50*H80mm,15°,8W,AJ/CG,ASFD0850/35/15/BR,https://i.ibb.co/tPbdFv34/skat-brown.png
SKAT 8,DDW165X,36V DC,150mA,3500K, CRI>97, D50*H80mm,15°,8W,AJ/CG,ASFD0850/35/15/COF,https://i.ibb.co/gBC4BjS/skat-cofee.png
SKAT 8,DDW165X,36V DC,150mA,3500K, CRI>97, D50*H80mm,15°,8W,AJ/CG,ASFD0850/35/15/DGR,https://i.ibb.co/rRZnBJgg/skat-dark-gray.png
SKAT 8,DDW165X,36V DC,150mA,3500K, CRI>97, D50*H80mm,15°,8W,AJ/CG,ASFD0850/35/15/BB,https://i.ibb.co/Z69LGCcZ/skat-ballet-blue.png
SKAT 8,DDW165X,36V DC,150mA,3500K, CRI>97, D50*H80mm,15°,8W,AJ/CG,ASFD0850/35/15/CH,https://i.ibb.co/fzhQnjBb/skat-crome.png
SKAT 8,DDW165X,36V DC,150mA,3500K, CRI>97, D50*H80mm,15°,8W,AJ/CG,ASFD0850/35/15/CHB,https://i.ibb.co/ZpQ2kZDd/skat-crome-black.png
SKAT 8,DDW165X,36V DC,150mA,3500K, CRI>97, D50*H80mm,24°,8W,AJ/CG,ASFD0850/35/24/W,https://i.ibb.co/4wgC84nR/skat-white.png
SKAT 8,DDW165X,36V DC,150mA,3500K, CRI>97, D50*H80mm,24°,8W,AJ/CG,ASFD0850/35/24/B,https://i.ibb.co/7tJrsLBm/skat-black.png
SKAT 8,DDW165X,36V DC,150mA,3500K, CRI>97, D50*H80mm,24°,8W,AJ/CG,ASFD0850/35/24/CG,https://i.ibb.co/qb009s5/skat-champeing-gold.png
SKAT 8,DDW165X,36V DC,150mA,3500K, CRI>97, D50*H80mm,24°,8W,AJ/CG,ASFD0850/35/24/RG,https://i.ibb.co/MxcGFfMr/skat-rose-gold.png
SKAT 8,DDW165X,36V DC,150mA,3500K, CRI>97, D50*H80mm,24°,8W,AJ/CG,ASFD0850/35/24/BR,https://i.ibb.co/tPbdFv34/skat-brown.png
SKAT 8,DDW165X,36V DC,150mA,3500K, CRI>97, D50*H80mm,24°,8W,AJ/CG,ASFD0850/35/24/COF,https://i.ibb.co/gBC4BjS/skat-cofee.png
SKAT 8,DDW165X,36V DC,150mA,3500K, CRI>97, D50*H80mm,24°,8W,AJ/CG,ASFD0850/35/24/DGR,https://i.ibb.co/rRZnBJgg/skat-dark-gray.png
SKAT 8,DDW165X,36V DC,150mA,3500K, CRI>97, D50*H80mm,24°,8W,AJ/CG,ASFD0850/35/24/BB,https://i.ibb.co/Z69LGCcZ/skat-ballet-blue.png
SKAT 8,DDW165X,36V DC,150mA,3500K, CRI>97, D50*H80mm,24°,8W,AJ/CG,ASFD0850/35/24/CH,https://i.ibb.co/fzhQnjBb/skat-crome.png
SKAT 8,DDW165X,36V DC,150mA,3500K, CRI>97, D50*H80mm,24°,8W,AJ/CG,ASFD0850/35/24/CHB,https://i.ibb.co/ZpQ2kZDd/skat-crome-black.png
SKAT 8,DDW165X,36V DC,150mA,4000K, CRI>97, D50*H80mm,15°,8W,AJ/CG,ASFD0850/40/15/W,https://i.ibb.co/4wgC84nR/skat-white.png
SKAT 8,DDW165X,36V DC,150mA,4000K, CRI>97, D50*H80mm,15°,8W,AJ/CG,ASFD0850/40/15/B,https://i.ibb.co/7tJrsLBm/skat-black.png
SKAT 8,DDW165X,36V DC,150mA,4000K, CRI>97, D50*H80mm,15°,8W,AJ/CG,ASFD0850/40/15/CG,https://i.ibb.co/qb009s5/skat-champeing-gold.png
SKAT 8,DDW165X,36V DC,150mA,4000K, CRI>97, D50*H80mm,15°,8W,AJ/CG,ASFD0850/40/15/RG,https://i.ibb.co/MxcGFfMr/skat-rose-gold.png
SKAT 8,DDW165X,36V DC,150mA,4000K, CRI>97, D50*H80mm,15°,8W,AJ/CG,ASFD0850/40/15/BR,https://i.ibb.co/tPbdFv34/skat-brown.png
SKAT 8,DDW165X,36V DC,150mA,4000K, CRI>97, D50*H80mm,15°,8W,AJ/CG,ASFD0850/40/15/COF,https://i.ibb.co/gBC4BjS/skat-cofee.png
SKAT 8,DDW165X,36V DC,150mA,4000K, CRI>97, D50*H80mm,15°,8W,AJ/CG,ASFD0850/40/15/DGR,https://i.ibb.co/rRZnBJgg/skat-dark-gray.png
SKAT 8,DDW165X,36V DC,150mA,4000K, CRI>97, D50*H80mm,15°,8W,AJ/CG,ASFD0850/40/15/BB,https://i.ibb.co/Z69LGCcZ/skat-ballet-blue.png
SKAT 8,DDW165X,36V DC,150mA,4000K, CRI>97, D50*H80mm,15°,8W,AJ/CG,ASFD0850/40/15/CH,https://i.ibb.co/fzhQnjBb/skat-crome.png
SKAT 8,DDW165X,36V DC,150mA,4000K, CRI>97, D50*H80mm,15°,8W,AJ/CG,ASFD0850/40/15/CHB,https://i.ibb.co/ZpQ2kZDd/skat-crome-black.png
SKAT 8,DDW165X,36V DC,150mA,4000K, CRI>97, D50*H80mm,24°,8W,AJ/CG,ASFD0850/40/24/W,https://i.ibb.co/4wgC84nR/skat-white.png
SKAT 8,DDW165X,36V DC,150mA,4000K, CRI>97, D50*H80mm,24°,8W,AJ/CG,ASFD0850/40/24/B,https://i.ibb.co/7tJrsLBm/skat-black.png
SKAT 8,DDW165X,36V DC,150mA,4000K, CRI>97, D50*H80mm,24°,8W,AJ/CG,ASFD0850/40/24/CG,https://i.ibb.co/qb009s5/skat-champeing-gold.png
SKAT 8,DDW165X,36V DC,150mA,4000K, CRI>97, D50*H80mm,24°,8W,AJ/CG,ASFD0850/40/24/RG,https://i.ibb.co/MxcGFfMr/skat-rose-gold.png
SKAT 8,DDW165X,36V DC,150mA,4000K, CRI>97, D50*H80mm,24°,8W,AJ/CG,ASFD0850/40/24/BR,https://i.ibb.co/tPbdFv34/skat-brown.png
SKAT 8,DDW165X,36V DC,150mA,4000K, CRI>97, D50*H80mm,24°,8W,AJ/CG,ASFD0850/40/24/COF,https://i.ibb.co/gBC4BjS/skat-cofee.png
SKAT 8,DDW165X,36V DC,150mA,4000K, CRI>97, D50*H80mm,24°,8W,AJ/CG,ASFD0850/40/24/DGR,https://i.ibb.co/rRZnBJgg/skat-dark-gray.png
SKAT 8,DDW165X,36V DC,150mA,4000K, CRI>97, D50*H80mm,24°,8W,AJ/CG,ASFD0850/40/24/BB,https://i.ibb.co/Z69LGCcZ/skat-ballet-blue.png
SKAT 8,DDW165X,36V DC,150mA,4000K, CRI>97, D50*H80mm,24°,8W,AJ/CG,ASFD0850/40/24/CH,https://i.ibb.co/fzhQnjBb/skat-crome.png
SKAT 8,DDW165X,36V DC,150mA,4000K, CRI>97, D50*H80mm,24°,8W,AJ/CG,ASFD0850/40/24/CHB,https://i.ibb.co/ZpQ2kZDd/skat-crome-black.png
SKAT 8,DDW165X,36V DC,150mA,5000K, CRI>97, D50*H80mm,15°,8W,AJ/CG,ASFD0850/50/15/W,https://i.ibb.co/4wgC84nR/skat-white.png
SKAT 8,DDW165X,36V DC,150mA,5000K, CRI>97, D50*H80mm,15°,8W,AJ/CG,ASFD0850/50/15/B,https://i.ibb.co/7tJrsLBm/skat-black.png
SKAT 8,DDW165X,36V DC,150mA,5000K, CRI>97, D50*H80mm,15°,8W,AJ/CG,ASFD0850/50/15/CG,https://i.ibb.co/qb009s5/skat-champeing-gold.png
SKAT 8,DDW165X,36V DC,150mA,5000K, CRI>97, D50*H80mm,15°,8W,AJ/CG,ASFD0850/50/15/RG,https://i.ibb.co/MxcGFfMr/skat-rose-gold.png
SKAT 8,DDW165X,36V DC,150mA,5000K, CRI>97, D50*H80mm,15°,8W,AJ/CG,ASFD0850/50/15/BR,https://i.ibb.co/tPbdFv34/skat-brown.png
SKAT 8,DDW165X,36V DC,150mA,5000K, CRI>97, D50*H80mm,15°,8W,AJ/CG,ASFD0850/50/15/COF,https://i.ibb.co/gBC4BjS/skat-cofee.png
SKAT 8,DDW165X,36V DC,150mA,5000K, CRI>97, D50*H80mm,15°,8W,AJ/CG,ASFD0850/50/15/DGR,https://i.ibb.co/rRZnBJgg/skat-dark-gray.png
SKAT 8,DDW165X,36V DC,150mA,5000K, CRI>97, D50*H80mm,15°,8W,AJ/CG,ASFD0850/50/15/BB,https://i.ibb.co/Z69LGCcZ/skat-ballet-blue.png
SKAT 8,DDW165X,36V DC,150mA,5000K, CRI>97, D50*H80mm,15°,8W,AJ/CG,ASFD0850/50/15/CH,https://i.ibb.co/fzhQnjBb/skat-crome.png
SKAT 8,DDW165X,36V DC,150mA,5000K, CRI>97, D50*H80mm,15°,8W,AJ/CG,ASFD0850/50/15/CHB,https://i.ibb.co/ZpQ2kZDd/skat-crome-black.png
SKAT 8,DDW165X,36V DC,150mA,5000K, CRI>97, D50*H80mm,24°,8W,AJ/CG,ASFD0850/50/24/W,https://i.ibb.co/4wgC84nR/skat-white.png
SKAT 8,DDW165X,36V DC,150mA,5000K, CRI>97, D50*H80mm,24°,8W,AJ/CG,ASFD0850/50/24/B,https://i.ibb.co/7tJrsLBm/skat-black.png
SKAT 8,DDW165X,36V DC,150mA,5000K, CRI>97, D50*H80mm,24°,8W,AJ/CG,ASFD0850/50/24/CG,https://i.ibb.co/qb009s5/skat-champeing-gold.png
SKAT 8,DDW165X,36V DC,150mA,5000K, CRI>97, D50*H80mm,24°,8W,AJ/CG,ASFD0850/50/24/RG,https://i.ibb.co/MxcGFfMr/skat-rose-gold.png
SKAT 8,DDW165X,36V DC,150mA,5000K, CRI>97, D50*H80mm,24°,8W,AJ/CG,ASFD0850/50/24/BR,https://i.ibb.co/tPbdFv34/skat-brown.png
SKAT 8,DDW165X,36V DC,150mA,5000K, CRI>97, D50*H80mm,24°,8W,AJ/CG,ASFD0850/50/24/COF,https://i.ibb.co/gBC4BjS/skat-cofee.png
SKAT 8,DDW165X,36V DC,150mA,5000K, CRI>97, D50*H80mm,24°,8W,AJ/CG,ASFD0850/50/24/DGR,https://i.ibb.co/rRZnBJgg/skat-dark-gray.png
SKAT 8,DDW165X,36V DC,150mA,5000K, CRI>97, D50*H80mm,24°,8W,AJ/CG,ASFD0850/50/24/BB,https://i.ibb.co/Z69LGCcZ/skat-ballet-blue.png
SKAT 8,DDW165X,36V DC,150mA,5000K, CRI>97, D50*H80mm,24°,8W,AJ/CG,ASFD0850/50/24/CH,https://i.ibb.co/fzhQnjBb/skat-crome.png
SKAT 8,DDW165X,36V DC,150mA,5000K, CRI>97, D50*H80mm,24°,8W,AJ/CG,ASFD0850/50/24/CHB,https://i.ibb.co/ZpQ2kZDd/skat-crome-black.png
Skat 15,DDW165X,36V DC,350mA,2700K, CRI>97,Φ78*H102mm,15°,15W,AJ/CG,ASFD1500/27/15/W,https://i.ibb.co/nMwG8VTF/Skat-15-05-white.png
Skat 15,DDW165X,36V DC,350mA,2700K, CRI>97,Φ78*H102mm,15°,15W,AJ/CG,ASFD1500/27/15/B,https://i.ibb.co/wNcLSnbJ/Skat-15-03-mat-black-default.png
Skat 15,DDW165X,36V DC,350mA,2700K, CRI>97,Φ78*H102mm,15°,15W,AJ/CG,ASFD1500/27/15/CG,https://i.ibb.co/RTRmq0J8/Skat-15-04-champeing-gold.png
Skat 15,DDW165X,36V DC,350mA,2700K, CRI>97,Φ78*H102mm,15°,15W,AJ/CG,ASFD1500/27/15/RG,https://i.ibb.co/b5771mnf/Skat-15-08-rose-gold.png
Skat 15,DDW165X,36V DC,350mA,2700K, CRI>97,Φ78*H102mm,15°,15W,AJ/CG,ASFD1500/27/15/BR,https://i.ibb.co/nsLt9WYr/Skat-15-10-brown.png
Skat 15,DDW165X,36V DC,350mA,2700K, CRI>97,Φ78*H102mm,15°,15W,AJ/CG,ASFD1500/27/15/COF,https://i.ibb.co/356VYHwW/Skat-15-07-coffee.png
Skat 15,DDW165X,36V DC,350mA,2700K, CRI>97,Φ78*H102mm,15°,15W,AJ/CG,ASFD1500/27/15/DGR,https://i.ibb.co/yF12RgVG/Skat-15-09-dark-gray-default-001.png
Skat 15,DDW165X,36V DC,350mA,2700K, CRI>97,Φ78*H102mm,15°,15W,AJ/CG,ASFD1500/27/15/BB,https://i.ibb.co/fdR4c1G1/Skat-15-06-ballet-blue.png
Skat 15,DDW165X,36V DC,350mA,2700K, CRI>97,Φ78*H102mm,15°,15W,AJ/CG,ASFD1500/27/15/CH,https://i.ibb.co/5xxnhv0n/Skat-15-01-chrome.png
Skat 15,DDW165X,36V DC,350mA,2700K, CRI>97,Φ78*H102mm,15°,15W,AJ/CG,ASFD1500/27/15/CHB,https://i.ibb.co/G4f0kTHg/Skat-15-02-chrome-black.png
Skat 15,DDW165X,36V DC,350mA,3000K, CRI>97,Φ78*H102mm,15°,15W,AJ/CG,ASFD1500/30/15/W,https://i.ibb.co/nMwG8VTF/Skat-15-05-white.png
Skat 15,DDW165X,36V DC,350mA,3000K, CRI>97,Φ78*H102mm,15°,15W,AJ/CG,ASFD1500/30/15/B,https://i.ibb.co/wNcLSnbJ/Skat-15-03-mat-black-default.png
Skat 15,DDW165X,36V DC,350mA,3000K, CRI>97,Φ78*H102mm,15°,15W,AJ/CG,ASFD1500/30/15/CG,https://i.ibb.co/RTRmq0J8/Skat-15-04-champeing-gold.png
Skat 15,DDW165X,36V DC,350mA,3000K, CRI>97,Φ78*H102mm,15°,15W,AJ/CG,ASFD1500/30/15/RG,https://i.ibb.co/b5771mnf/Skat-15-08-rose-gold.png
Skat 15,DDW165X,36V DC,350mA,3000K, CRI>97,Φ78*H102mm,15°,15W,AJ/CG,ASFD1500/30/15/BR,https://i.ibb.co/nsLt9WYr/Skat-15-10-brown.png
Skat 15,DDW165X,36V DC,350mA,3000K, CRI>97,Φ78*H102mm,15°,15W,AJ/CG,ASFD1500/30/15/COF,https://i.ibb.co/356VYHwW/Skat-15-07-coffee.png
Skat 15,DDW165X,36V DC,350mA,3000K, CRI>97,Φ78*H102mm,15°,15W,AJ/CG,ASFD1500/30/15/DGR,https://i.ibb.co/yF12RgVG/Skat-15-09-dark-gray-default-001.png
Skat 15,DDW165X,36V DC,350mA,3000K, CRI>97,Φ78*H102mm,15°,15W,AJ/CG,ASFD1500/30/15/BB,https://i.ibb.co/fdR4c1G1/Skat-15-06-ballet-blue.png
Skat 15,DDW165X,36V DC,350mA,3000K, CRI>97,Φ78*H102mm,15°,15W,AJ/CG,ASFD1500/30/15/CH,https://i.ibb.co/5xxnhv0n/Skat-15-01-chrome.png
Skat 15,DDW165X,36V DC,350mA,3000K, CRI>97,Φ78*H102mm,15°,15W,AJ/CG,ASFD1500/30/15/CHB,https://i.ibb.co/G4f0kTHg/Skat-15-02-chrome-black.png
Skat 15,DDW165X,36V DC,350mA,3500K, CRI>97,Φ78*H102mm,15°,15W,AJ/CG,ASFD1500/35/15/W,https://i.ibb.co/nMwG8VTF/Skat-15-05-white.png
Skat 15,DDW165X,36V DC,350mA,3500K, CRI>97,Φ78*H102mm,15°,15W,AJ/CG,ASFD1500/35/15/B,https://i.ibb.co/wNcLSnbJ/Skat-15-03-mat-black-default.png
Skat 15,DDW165X,36V DC,350mA,3500K, CRI>97,Φ78*H102mm,15°,15W,AJ/CG,ASFD1500/35/15/CG,https://i.ibb.co/RTRmq0J8/Skat-15-04-champeing-gold.png
Skat 15,DDW165X,36V DC,350mA,3500K, CRI>97,Φ78*H102mm,15°,15W,AJ/CG,ASFD1500/35/15/RG,https://i.ibb.co/b5771mnf/Skat-15-08-rose-gold.png
Skat 15,DDW165X,36V DC,350mA,3500K, CRI>97,Φ78*H102mm,15°,15W,AJ/CG,ASFD1500/35/15/BR,https://i.ibb.co/nsLt9WYr/Skat-15-10-brown.png
Skat 15,DDW165X,36V DC,350mA,3500K, CRI>97,Φ78*H102mm,15°,15W,AJ/CG,ASFD1500/35/15/COF,https://i.ibb.co/356VYHwW/Skat-15-07-coffee.png
Skat 15,DDW165X,36V DC,350mA,3500K, CRI>97,Φ78*H102mm,15°,15W,AJ/CG,ASFD1500/35/15/DGR,https://i.ibb.co/yF12RgVG/Skat-15-09-dark-gray-default-001.png
Skat 15,DDW165X,36V DC,350mA,3500K, CRI>97,Φ78*H102mm,15°,15W,AJ/CG,ASFD1500/35/15/BB,https://i.ibb.co/fdR4c1G1/Skat-15-06-ballet-blue.png
Skat 15,DDW165X,36V DC,350mA,3500K, CRI>97,Φ78*H102mm,15°,15W,AJ/CG,ASFD1500/35/15/CH,https://i.ibb.co/5xxnhv0n/Skat-15-01-chrome.png
Skat 15,DDW165X,36V DC,350mA,3500K, CRI>97,Φ78*H102mm,15°,15W,AJ/CG,ASFD1500/35/15/CHB,https://i.ibb.co/G4f0kTHg/Skat-15-02-chrome-black.png
Skat 15,DDW165X,36V DC,350mA,4000K, CRI>97,Φ78*H102mm,15°,15W,AJ/CG,ASFD1500/40/15/W,https://i.ibb.co/nMwG8VTF/Skat-15-05-white.png
Skat 15,DDW165X,36V DC,350mA,4000K, CRI>97,Φ78*H102mm,15°,15W,AJ/CG,ASFD1500/40/15/B,https://i.ibb.co/wNcLSnbJ/Skat-15-03-mat-black-default.png
Skat 15,DDW165X,36V DC,350mA,4000K, CRI>97,Φ78*H102mm,15°,15W,AJ/CG,ASFD1500/40/15/CG,https://i.ibb.co/RTRmq0J8/Skat-15-04-champeing-gold.png
Skat 15,DDW165X,36V DC,350mA,4000K, CRI>97,Φ78*H102mm,15°,15W,AJ/CG,ASFD1500/40/15/RG,https://i.ibb.co/b5771mnf/Skat-15-08-rose-gold.png
Skat 15,DDW165X,36V DC,350mA,4000K, CRI>97,Φ78*H102mm,15°,15W,AJ/CG,ASFD1500/40/15/BR,https://i.ibb.co/nsLt9WYr/Skat-15-10-brown.png
Skat 15,DDW165X,36V DC,350mA,4000K, CRI>97,Φ78*H102mm,15°,15W,AJ/CG,ASFD1500/40/15/COF,https://i.ibb.co/356VYHwW/Skat-15-07-coffee.png
Skat 15,DDW165X,36V DC,350mA,4000K, CRI>97,Φ78*H102mm,15°,15W,AJ/CG,ASFD1500/40/15/DGR,https://i.ibb.co/yF12RgVG/Skat-15-09-dark-gray-default-001.png
Skat 15,DDW165X,36V DC,350mA,4000K, CRI>97,Φ78*H102mm,15°,15W,AJ/CG,ASFD1500/40/15/BB,https://i.ibb.co/fdR4c1G1/Skat-15-06-ballet-blue.png
Skat 15,DDW165X,36V DC,350mA,4000K, CRI>97,Φ78*H102mm,15°,15W,AJ/CG,ASFD1500/40/15/CH,https://i.ibb.co/5xxnhv0n/Skat-15-01-chrome.png
Skat 15,DDW165X,36V DC,350mA,4000K, CRI>97,Φ78*H102mm,15°,15W,AJ/CG,ASFD1500/40/15/CHB,https://i.ibb.co/G4f0kTHg/Skat-15-02-chrome-black.png
Skat 15,DDW165X,36V DC,350mA,5000K, CRI>97,Φ78*H102mm,15°,15W,AJ/CG,ASFD1500/50/15/W,https://i.ibb.co/nMwG8VTF/Skat-15-05-white.png
Skat 15,DDW165X,36V DC,350mA,5000K, CRI>97,Φ78*H102mm,15°,15W,AJ/CG,ASFD1500/50/15/B,https://i.ibb.co/wNcLSnbJ/Skat-15-03-mat-black-default.png
Skat 15,DDW165X,36V DC,350mA,5000K, CRI>97,Φ78*H102mm,15°,15W,AJ/CG,ASFD1500/50/15/CG,https://i.ibb.co/RTRmq0J8/Skat-15-04-champeing-gold.png
Skat 15,DDW165X,36V DC,350mA,5000K, CRI>97,Φ78*H102mm,15°,15W,AJ/CG,ASFD1500/50/15/RG,https://i.ibb.co/b5771mnf/Skat-15-08-rose-gold.png
Skat 15,DDW165X,36V DC,350mA,5000K, CRI>97,Φ78*H102mm,15°,15W,AJ/CG,ASFD1500/50/15/BR,https://i.ibb.co/nsLt9WYr/Skat-15-10-brown.png
Skat 15,DDW165X,36V DC,350mA,5000K, CRI>97,Φ78*H102mm,15°,15W,AJ/CG,ASFD1500/50/15/COF,https://i.ibb.co/356VYHwW/Skat-15-07-coffee.png
Skat 15,DDW165X,36V DC,350mA,5000K, CRI>97,Φ78*H102mm,15°,15W,AJ/CG,ASFD1500/50/15/DGR,https://i.ibb.co/yF12RgVG/Skat-15-09-dark-gray-default-001.png
Skat 15,DDW165X,36V DC,350mA,5000K, CRI>97,Φ78*H102mm,15°,15W,AJ/CG,ASFD1500/50/15/BB,https://i.ibb.co/fdR4c1G1/Skat-15-06-ballet-blue.png
Skat 15,DDW165X,36V DC,350mA,5000K, CRI>97,Φ78*H102mm,15°,15W,AJ/CG,ASFD1500/50/15/CH,https://i.ibb.co/5xxnhv0n/Skat-15-01-chrome.png
Skat 15,DDW165X,36V DC,350mA,5000K, CRI>97,Φ78*H102mm,15°,15W,AJ/CG,ASFD1500/50/15/CHB,https://i.ibb.co/G4f0kTHg/Skat-15-02-chrome-black.png
Skat 15,DDW165X,36V DC,350mA,2700K, CRI>97,Φ78*H102mm,36°,15W,AJ/CG,ASFD1500/27/36/W,https://i.ibb.co/nMwG8VTF/Skat-15-05-white.png
Skat 15,DDW165X,36V DC,350mA,2700K, CRI>97,Φ78*H102mm,36°,15W,AJ/CG,ASFD1500/27/36/B,https://i.ibb.co/wNcLSnbJ/Skat-15-03-mat-black-default.png
Skat 15,DDW165X,36V DC,350mA,2700K, CRI>97,Φ78*H102mm,36°,15W,AJ/CG,ASFD1500/27/36/CG,https://i.ibb.co/RTRmq0J8/Skat-15-04-champeing-gold.png
Skat 15,DDW165X,36V DC,350mA,2700K, CRI>97,Φ78*H102mm,36°,15W,AJ/CG,ASFD1500/27/36/RG,https://i.ibb.co/b5771mnf/Skat-15-08-rose-gold.png
Skat 15,DDW165X,36V DC,350mA,2700K, CRI>97,Φ78*H102mm,36°,15W,AJ/CG,ASFD1500/27/36/BR,https://i.ibb.co/nsLt9WYr/Skat-15-10-brown.png
Skat 15,DDW165X,36V DC,350mA,2700K, CRI>97,Φ78*H102mm,36°,15W,AJ/CG,ASFD1500/27/36/COF,https://i.ibb.co/356VYHwW/Skat-15-07-coffee.png
Skat 15,DDW165X,36V DC,350mA,2700K, CRI>97,Φ78*H102mm,36°,15W,AJ/CG,ASFD1500/27/36/DGR,https://i.ibb.co/yF12RgVG/Skat-15-09-dark-gray-default-001.png
Skat 15,DDW165X,36V DC,350mA,2700K, CRI>97,Φ78*H102mm,36°,15W,AJ/CG,ASFD1500/27/36/BB,https://i.ibb.co/fdR4c1G1/Skat-15-06-ballet-blue.png
Skat 15,DDW165X,36V DC,350mA,2700K, CRI>97,Φ78*H102mm,36°,15W,AJ/CG,ASFD1500/27/36/CH,https://i.ibb.co/5xxnhv0n/Skat-15-01-chrome.png
Skat 15,DDW165X,36V DC,350mA,2700K, CRI>97,Φ78*H102mm,36°,15W,AJ/CG,ASFD1500/27/36/CHB,https://i.ibb.co/G4f0kTHg/Skat-15-02-chrome-black.png
Skat 15,DDW165X,36V DC,350mA,3000K, CRI>97,Φ78*H102mm,36°,15W,AJ/CG,ASFD1500/30/36/W,https://i.ibb.co/nMwG8VTF/Skat-15-05-white.png
Skat 15,DDW165X,36V DC,350mA,3000K, CRI>97,Φ78*H102mm,36°,15W,AJ/CG,ASFD1500/30/36/B,https://i.ibb.co/wNcLSnbJ/Skat-15-03-mat-black-default.png
Skat 15,DDW165X,36V DC,350mA,3000K, CRI>97,Φ78*H102mm,36°,15W,AJ/CG,ASFD1500/30/36/CG,https://i.ibb.co/RTRmq0J8/Skat-15-04-champeing-gold.png
Skat 15,DDW165X,36V DC,350mA,3000K, CRI>97,Φ78*H102mm,36°,15W,AJ/CG,ASFD1500/30/36/RG,https://i.ibb.co/b5771mnf/Skat-15-08-rose-gold.png
Skat 15,DDW165X,36V DC,350mA,3000K, CRI>97,Φ78*H102mm,36°,15W,AJ/CG,ASFD1500/30/36/BR,https://i.ibb.co/nsLt9WYr/Skat-15-10-brown.png
Skat 15,DDW165X,36V DC,350mA,3000K, CRI>97,Φ78*H102mm,36°,15W,AJ/CG,ASFD1500/30/36/COF,https://i.ibb.co/356VYHwW/Skat-15-07-coffee.png
Skat 15,DDW165X,36V DC,350mA,3000K, CRI>97,Φ78*H102mm,36°,15W,AJ/CG,ASFD1500/30/36/DGR,https://i.ibb.co/yF12RgVG/Skat-15-09-dark-gray-default-001.png
Skat 15,DDW165X,36V DC,350mA,3000K, CRI>97,Φ78*H102mm,36°,15W,AJ/CG,ASFD1500/30/36/BB,https://i.ibb.co/fdR4c1G1/Skat-15-06-ballet-blue.png
Skat 15,DDW165X,36V DC,350mA,3000K, CRI>97,Φ78*H102mm,36°,15W,AJ/CG,ASFD1500/30/36/CH,https://i.ibb.co/5xxnhv0n/Skat-15-01-chrome.png
Skat 15,DDW165X,36V DC,350mA,3000K, CRI>97,Φ78*H102mm,36°,15W,AJ/CG,ASFD1500/30/36/CHB,https://i.ibb.co/G4f0kTHg/Skat-15-02-chrome-black.png
Skat 15,DDW165X,36V DC,350mA,3500K, CRI>97,Φ78*H102mm,36°,15W,AJ/CG,ASFD1500/35/36/W,https://i.ibb.co/nMwG8VTF/Skat-15-05-white.png
Skat 15,DDW165X,36V DC,350mA,3500K, CRI>97,Φ78*H102mm,36°,15W,AJ/CG,ASFD1500/35/36/B,https://i.ibb.co/wNcLSnbJ/Skat-15-03-mat-black-default.png
Skat 15,DDW165X,36V DC,350mA,3500K, CRI>97,Φ78*H102mm,36°,15W,AJ/CG,ASFD1500/35/36/CG,https://i.ibb.co/RTRmq0J8/Skat-15-04-champeing-gold.png
Skat 15,DDW165X,36V DC,350mA,3500K, CRI>97,Φ78*H102mm,36°,15W,AJ/CG,ASFD1500/35/36/RG,https://i.ibb.co/b5771mnf/Skat-15-08-rose-gold.png
Skat 15,DDW165X,36V DC,350mA,3500K, CRI>97,Φ78*H102mm,36°,15W,AJ/CG,ASFD1500/35/36/BR,https://i.ibb.co/nsLt9WYr/Skat-15-10-brown.png
Skat 15,DDW165X,36V DC,350mA,3500K, CRI>97,Φ78*H102mm,36°,15W,AJ/CG,ASFD1500/35/36/COF,https://i.ibb.co/356VYHwW/Skat-15-07-coffee.png
Skat 15,DDW165X,36V DC,350mA,3500K, CRI>97,Φ78*H102mm,36°,15W,AJ/CG,ASFD1500/35/36/DGR,https://i.ibb.co/yF12RgVG/Skat-15-09-dark-gray-default-001.png
Skat 15,DDW165X,36V DC,350mA,3500K, CRI>97,Φ78*H102mm,36°,15W,AJ/CG,ASFD1500/35/36/BB,https://i.ibb.co/fdR4c1G1/Skat-15-06-ballet-blue.png
Skat 15,DDW165X,36V DC,350mA,3500K, CRI>97,Φ78*H102mm,36°,15W,AJ/CG,ASFD1500/35/36/CH,https://i.ibb.co/5xxnhv0n/Skat-15-01-chrome.png
Skat 15,DDW165X,36V DC,350mA,3500K, CRI>97,Φ78*H102mm,36°,15W,AJ/CG,ASFD1500/35/36/CHB,https://i.ibb.co/G4f0kTHg/Skat-15-02-chrome-black.png
Skat 15,DDW165X,36V DC,350mA,4000K, CRI>97,Φ78*H102mm,36°,15W,AJ/CG,ASFD1500/40/36/W,https://i.ibb.co/nMwG8VTF/Skat-15-05-white.png
Skat 15,DDW165X,36V DC,350mA,4000K, CRI>97,Φ78*H102mm,36°,15W,AJ/CG,ASFD1500/40/36/B,https://i.ibb.co/wNcLSnbJ/Skat-15-03-mat-black-default.png
Skat 15,DDW165X,36V DC,350mA,4000K, CRI>97,Φ78*H102mm,36°,15W,AJ/CG,ASFD1500/40/36/CG,https://i.ibb.co/RTRmq0J8/Skat-15-04-champeing-gold.png
Skat 15,DDW165X,36V DC,350mA,4000K, CRI>97,Φ78*H102mm,36°,15W,AJ/CG,ASFD1500/40/36/RG,https://i.ibb.co/b5771mnf/Skat-15-08-rose-gold.png
Skat 15,DDW165X,36V DC,350mA,4000K, CRI>97,Φ78*H102mm,36°,15W,AJ/CG,ASFD1500/40/36/BR,https://i.ibb.co/nsLt9WYr/Skat-15-10-brown.png
Skat 15,DDW165X,36V DC,350mA,4000K, CRI>97,Φ78*H102mm,36°,15W,AJ/CG,ASFD1500/40/36/COF,https://i.ibb.co/356VYHwW/Skat-15-07-coffee.png
Skat 15,DDW165X,36V DC,350mA,4000K, CRI>97,Φ78*H102mm,36°,15W,AJ/CG,ASFD1500/40/36/DGR,https://i.ibb.co/yF12RgVG/Skat-15-09-dark-gray-default-001.png
Skat 15,DDW165X,36V DC,350mA,4000K, CRI>97,Φ78*H102mm,36°,15W,AJ/CG,ASFD1500/40/36/BB,https://i.ibb.co/fdR4c1G1/Skat-15-06-ballet-blue.png
Skat 15,DDW165X,36V DC,350mA,4000K, CRI>97,Φ78*H102mm,36°,15W,AJ/CG,ASFD1500/40/36/CH,https://i.ibb.co/5xxnhv0n/Skat-15-01-chrome.png
Skat 15,DDW165X,36V DC,350mA,4000K, CRI>97,Φ78*H102mm,36°,15W,AJ/CG,ASFD1500/40/36/CHB,https://i.ibb.co/G4f0kTHg/Skat-15-02-chrome-black.png
Skat 15,DDW165X,36V DC,350mA,5000K, CRI>97,Φ78*H102mm,36°,15W,AJ/CG,ASFD1500/50/36/W,https://i.ibb.co/nMwG8VTF/Skat-15-05-white.png
Skat 15,DDW165X,36V DC,350mA,5000K, CRI>97,Φ78*H102mm,36°,15W,AJ/CG,ASFD1500/50/36/B,https://i.ibb.co/wNcLSnbJ/Skat-15-03-mat-black-default.png
Skat 15,DDW165X,36V DC,350mA,5000K, CRI>97,Φ78*H102mm,36°,15W,AJ/CG,ASFD1500/50/36/CG,https://i.ibb.co/RTRmq0J8/Skat-15-04-champeing-gold.png
Skat 15,DDW165X,36V DC,350mA,5000K, CRI>97,Φ78*H102mm,36°,15W,AJ/CG,ASFD1500/50/36/RG,https://i.ibb.co/b5771mnf/Skat-15-08-rose-gold.png
Skat 15,DDW165X,36V DC,350mA,5000K, CRI>97,Φ78*H102mm,36°,15W,AJ/CG,ASFD1500/50/36/BR,https://i.ibb.co/nsLt9WYr/Skat-15-10-brown.png
Skat 15,DDW165X,36V DC,350mA,5000K, CRI>97,Φ78*H102mm,36°,15W,AJ/CG,ASFD1500/50/36/COF,https://i.ibb.co/356VYHwW/Skat-15-07-coffee.png
Skat 15,DDW165X,36V DC,350mA,5000K, CRI>97,Φ78*H102mm,36°,15W,AJ/CG,ASFD1500/50/36/DGR,https://i.ibb.co/yF12RgVG/Skat-15-09-dark-gray-default-001.png
Skat 15,DDW165X,36V DC,350mA,5000K, CRI>97,Φ78*H102mm,36°,15W,AJ/CG,ASFD1500/50/36/BB,https://i.ibb.co/fdR4c1G1/Skat-15-06-ballet-blue.png
Skat 15,DDW165X,36V DC,350mA,5000K, CRI>97,Φ78*H102mm,36°,15W,AJ/CG,ASFD1500/50/36/CH,https://i.ibb.co/5xxnhv0n/Skat-15-01-chrome.png
Skat 15,DDW165X,36V DC,350mA,5000K, CRI>97,Φ78*H102mm,36°,15W,AJ/CG,ASFD1500/50/36/CHB,https://i.ibb.co/G4f0kTHg/Skat-15-02-chrome-black.png
Skat 15,DDW165X,36V DC,350mA,2700K, CRI>97,Φ78*H102mm,60°,15W,AJ/CG,ASFD1500/27/60/W,https://i.ibb.co/nMwG8VTF/Skat-15-05-white.png
Skat 15,DDW165X,36V DC,350mA,2700K, CRI>97,Φ78*H102mm,60°,15W,AJ/CG,ASFD1500/27/60/B,https://i.ibb.co/wNcLSnbJ/Skat-15-03-mat-black-default.png
Skat 15,DDW165X,36V DC,350mA,2700K, CRI>97,Φ78*H102mm,60°,15W,AJ/CG,ASFD1500/27/60/CG,https://i.ibb.co/RTRmq0J8/Skat-15-04-champeing-gold.png
Skat 15,DDW165X,36V DC,350mA,2700K, CRI>97,Φ78*H102mm,60°,15W,AJ/CG,ASFD1500/27/60/RG,https://i.ibb.co/b5771mnf/Skat-15-08-rose-gold.png
Skat 15,DDW165X,36V DC,350mA,2700K, CRI>97,Φ78*H102mm,60°,15W,AJ/CG,ASFD1500/27/60/BR,https://i.ibb.co/nsLt9WYr/Skat-15-10-brown.png
Skat 15,DDW165X,36V DC,350mA,2700K, CRI>97,Φ78*H102mm,60°,15W,AJ/CG,ASFD1500/27/60/COF,https://i.ibb.co/356VYHwW/Skat-15-07-coffee.png
Skat 15,DDW165X,36V DC,350mA,2700K, CRI>97,Φ78*H102mm,60°,15W,AJ/CG,ASFD1500/27/60/DGR,https://i.ibb.co/yF12RgVG/Skat-15-09-dark-gray-default-001.png
Skat 15,DDW165X,36V DC,350mA,2700K, CRI>97,Φ78*H102mm,60°,15W,AJ/CG,ASFD1500/27/60/BB,https://i.ibb.co/fdR4c1G1/Skat-15-06-ballet-blue.png
Skat 15,DDW165X,36V DC,350mA,2700K, CRI>97,Φ78*H102mm,60°,15W,AJ/CG,ASFD1500/27/60/CH,https://i.ibb.co/5xxnhv0n/Skat-15-01-chrome.png
Skat 15,DDW165X,36V DC,350mA,2700K, CRI>97,Φ78*H102mm,60°,15W,AJ/CG,ASFD1500/27/60/CHB,https://i.ibb.co/G4f0kTHg/Skat-15-02-chrome-black.png
Skat 15,DDW165X,36V DC,350mA,3000K, CRI>97,Φ78*H102mm,60°,15W,AJ/CG,ASFD1500/30/60/W,https://i.ibb.co/nMwG8VTF/Skat-15-05-white.png
Skat 15,DDW165X,36V DC,350mA,3000K, CRI>97,Φ78*H102mm,60°,15W,AJ/CG,ASFD1500/30/60/B,https://i.ibb.co/wNcLSnbJ/Skat-15-03-mat-black-default.png
Skat 15,DDW165X,36V DC,350mA,3000K, CRI>97,Φ78*H102mm,60°,15W,AJ/CG,ASFD1500/30/60/CG,https://i.ibb.co/RTRmq0J8/Skat-15-04-champeing-gold.png
Skat 15,DDW165X,36V DC,350mA,3000K, CRI>97,Φ78*H102mm,60°,15W,AJ/CG,ASFD1500/30/60/RG,https://i.ibb.co/b5771mnf/Skat-15-08-rose-gold.png
Skat 15,DDW165X,36V DC,350mA,3000K, CRI>97,Φ78*H102mm,60°,15W,AJ/CG,ASFD1500/30/60/BR,https://i.ibb.co/nsLt9WYr/Skat-15-10-brown.png
Skat 15,DDW165X,36V DC,350mA,3000K, CRI>97,Φ78*H102mm,60°,15W,AJ/CG,ASFD1500/30/60/COF,https://i.ibb.co/356VYHwW/Skat-15-07-coffee.png
Skat 15,DDW165X,36V DC,350mA,3000K, CRI>97,Φ78*H102mm,60°,15W,AJ/CG,ASFD1500/30/60/DGR,https://i.ibb.co/yF12RgVG/Skat-15-09-dark-gray-default-001.png
Skat 15,DDW165X,36V DC,350mA,3000K, CRI>97,Φ78*H102mm,60°,15W,AJ/CG,ASFD1500/30/60/BB,https://i.ibb.co/fdR4c1G1/Skat-15-06-ballet-blue.png
Skat 15,DDW165X,36V DC,350mA,3000K, CRI>97,Φ78*H102mm,60°,15W,AJ/CG,ASFD1500/30/60/CH,https://i.ibb.co/5xxnhv0n/Skat-15-01-chrome.png
Skat 15,DDW165X,36V DC,350mA,3000K, CRI>97,Φ78*H102mm,60°,15W,AJ/CG,ASFD1500/30/60/CHB,https://i.ibb.co/G4f0kTHg/Skat-15-02-chrome-black.png
Skat 15,DDW165X,36V DC,350mA,3500K, CRI>97,Φ78*H102mm,60°,15W,AJ/CG,ASFD1500/35/60/W,https://i.ibb.co/nMwG8VTF/Skat-15-05-white.png
Skat 15,DDW165X,36V DC,350mA,3500K, CRI>97,Φ78*H102mm,60°,15W,AJ/CG,ASFD1500/35/60/B,https://i.ibb.co/wNcLSnbJ/Skat-15-03-mat-black-default.png
Skat 15,DDW165X,36V DC,350mA,3500K, CRI>97,Φ78*H102mm,60°,15W,AJ/CG,ASFD1500/35/60/CG,https://i.ibb.co/RTRmq0J8/Skat-15-04-champeing-gold.png
Skat 15,DDW165X,36V DC,350mA,3500K, CRI>97,Φ78*H102mm,60°,15W,AJ/CG,ASFD1500/35/60/RG,https://i.ibb.co/b5771mnf/Skat-15-08-rose-gold.png
Skat 15,DDW165X,36V DC,350mA,3500K, CRI>97,Φ78*H102mm,60°,15W,AJ/CG,ASFD1500/35/60/BR,https://i.ibb.co/nsLt9WYr/Skat-15-10-brown.png
Skat 15,DDW165X,36V DC,350mA,3500K, CRI>97,Φ78*H102mm,60°,15W,AJ/CG,ASFD1500/35/60/COF,https://i.ibb.co/356VYHwW/Skat-15-07-coffee.png
Skat 15,DDW165X,36V DC,350mA,3500K, CRI>97,Φ78*H102mm,60°,15W,AJ/CG,ASFD1500/35/60/DGR,https://i.ibb.co/yF12RgVG/Skat-15-09-dark-gray-default-001.png
Skat 15,DDW165X,36V DC,350mA,3500K, CRI>97,Φ78*H102mm,60°,15W,AJ/CG,ASFD1500/35/60/BB,https://i.ibb.co/fdR4c1G1/Skat-15-06-ballet-blue.png
Skat 15,DDW165X,36V DC,350mA,3500K, CRI>97,Φ78*H102mm,60°,15W,AJ/CG,ASFD1500/35/60/CH,https://i.ibb.co/5xxnhv0n/Skat-15-01-chrome.png
Skat 15,DDW165X,36V DC,350mA,3500K, CRI>97,Φ78*H102mm,60°,15W,AJ/CG,ASFD1500/35/60/CHB,https://i.ibb.co/G4f0kTHg/Skat-15-02-chrome-black.png
Skat 15,DDW165X,36V DC,350mA,4000K, CRI>97,Φ78*H102mm,60°,15W,AJ/CG,ASFD1500/40/60/W,https://i.ibb.co/nMwG8VTF/Skat-15-05-white.png
Skat 15,DDW165X,36V DC,350mA,4000K, CRI>97,Φ78*H102mm,60°,15W,AJ/CG,ASFD1500/40/60/B,https://i.ibb.co/wNcLSnbJ/Skat-15-03-mat-black-default.png
Skat 15,DDW165X,36V DC,350mA,4000K, CRI>97,Φ78*H102mm,60°,15W,AJ/CG,ASFD1500/40/60/CG,https://i.ibb.co/RTRmq0J8/Skat-15-04-champeing-gold.png
Skat 15,DDW165X,36V DC,350mA,4000K, CRI>97,Φ78*H102mm,60°,15W,AJ/CG,ASFD1500/40/60/RG,https://i.ibb.co/b5771mnf/Skat-15-08-rose-gold.png
Skat 15,DDW165X,36V DC,350mA,4000K, CRI>97,Φ78*H102mm,60°,15W,AJ/CG,ASFD1500/40/60/BR,https://i.ibb.co/nsLt9WYr/Skat-15-10-brown.png
Skat 15,DDW165X,36V DC,350mA,4000K, CRI>97,Φ78*H102mm,60°,15W,AJ/CG,ASFD1500/40/60/COF,https://i.ibb.co/356VYHwW/Skat-15-07-coffee.png
Skat 15,DDW165X,36V DC,350mA,4000K, CRI>97,Φ78*H102mm,60°,15W,AJ/CG,ASFD1500/40/60/DGR,https://i.ibb.co/yF12RgVG/Skat-15-09-dark-gray-default-001.png
Skat 15,DDW165X,36V DC,350mA,4000K, CRI>97,Φ78*H102mm,60°,15W,AJ/CG,ASFD1500/40/60/BB,https://i.ibb.co/fdR4c1G1/Skat-15-06-ballet-blue.png
Skat 15,DDW165X,36V DC,350mA,4000K, CRI>97,Φ78*H102mm,60°,15W,AJ/CG,ASFD1500/40/60/CH,https://i.ibb.co/5xxnhv0n/Skat-15-01-chrome.png
Skat 15,DDW165X,36V DC,350mA,4000K, CRI>97,Φ78*H102mm,60°,15W,AJ/CG,ASFD1500/40/60/CHB,https://i.ibb.co/G4f0kTHg/Skat-15-02-chrome-black.png
Skat 15,DDW165X,36V DC,350mA,5000K, CRI>97,Φ78*H102mm,60°,15W,AJ/CG,ASFD1500/50/60/W,https://i.ibb.co/nMwG8VTF/Skat-15-05-white.png
Skat 15,DDW165X,36V DC,350mA,5000K, CRI>97,Φ78*H102mm,60°,15W,AJ/CG,ASFD1500/50/60/B,https://i.ibb.co/wNcLSnbJ/Skat-15-03-mat-black-default.png
Skat 15,DDW165X,36V DC,350mA,5000K, CRI>97,Φ78*H102mm,60°,15W,AJ/CG,ASFD1500/50/60/CG,https://i.ibb.co/RTRmq0J8/Skat-15-04-champeing-gold.png
Skat 15,DDW165X,36V DC,350mA,5000K, CRI>97,Φ78*H102mm,60°,15W,AJ/CG,ASFD1500/50/60/RG,https://i.ibb.co/b5771mnf/Skat-15-08-rose-gold.png
Skat 15,DDW165X,36V DC,350mA,5000K, CRI>97,Φ78*H102mm,60°,15W,AJ/CG,ASFD1500/50/60/BR,https://i.ibb.co/nsLt9WYr/Skat-15-10-brown.png
Skat 15,DDW165X,36V DC,350mA,5000K, CRI>97,Φ78*H102mm,60°,15W,AJ/CG,ASFD1500/50/60/COF,https://i.ibb.co/356VYHwW/Skat-15-07-coffee.png
Skat 15,DDW165X,36V DC,350mA,5000K, CRI>97,Φ78*H102mm,60°,15W,AJ/CG,ASFD1500/50/60/DGR,https://i.ibb.co/yF12RgVG/Skat-15-09-dark-gray-default-001.png
Skat 15,DDW165X,36V DC,350mA,5000K, CRI>97,Φ78*H102mm,60°,15W,AJ/CG,ASFD1500/50/60/BB,https://i.ibb.co/fdR4c1G1/Skat-15-06-ballet-blue.png
Skat 15,DDW165X,36V DC,350mA,5000K, CRI>97,Φ78*H102mm,60°,15W,AJ/CG,ASFD1500/50/60/CH,https://i.ibb.co/5xxnhv0n/Skat-15-01-chrome.png
Skat 15,DDW165X,36V DC,350mA,5000K, CRI>97,Φ78*H102mm,60°,15W,AJ/CG,ASFD1500/50/60/CHB,https://i.ibb.co/G4f0kTHg/Skat-15-02-chrome-black.png
SKAT Tunable,DDW165X,36V DC,350mA,2700K~6500K, CRI>97,Φ78*H102mm,15°,15W,AJ/CG,ASFD1500/CT/15/W,https://i.ibb.co/nMwG8VTF/Skat-15-05-white.png
SKAT Tunable,DDW165X,36V DC,350mA,2700K~6500K, CRI>97,Φ78*H102mm,15°,15W,AJ/CG,ASFD1500/CT/15/B,https://i.ibb.co/wNcLSnbJ/Skat-15-03-mat-black-default.png
SKAT Tunable,DDW165X,36V DC,350mA,2700K~6500K, CRI>97,Φ78*H102mm,15°,15W,AJ/CG,ASFD1500/CT/15/CG,https://i.ibb.co/RTRmq0J8/Skat-15-04-champeing-gold.png
SKAT Tunable,DDW165X,36V DC,350mA,2700K~6500K, CRI>97,Φ78*H102mm,15°,15W,AJ/CG,ASFD1500/CT/15/RG,https://i.ibb.co/b5771mnf/Skat-15-08-rose-gold.png
SKAT Tunable,DDW165X,36V DC,350mA,2700K~6500K, CRI>97,Φ78*H102mm,15°,15W,AJ/CG,ASFD1500/CT/15/BR,https://i.ibb.co/nsLt9WYr/Skat-15-10-brown.png
SKAT Tunable,DDW165X,36V DC,350mA,2700K~6500K, CRI>97,Φ78*H102mm,15°,15W,AJ/CG,ASFD1500/CT/15/COF,https://i.ibb.co/356VYHwW/Skat-15-07-coffee.png
SKAT Tunable,DDW165X,36V DC,350mA,2700K~6500K, CRI>97,Φ78*H102mm,15°,15W,AJ/CG,ASFD1500/CT/15/DGR,https://i.ibb.co/yF12RgVG/Skat-15-09-dark-gray-default-001.png
SKAT Tunable,DDW165X,36V DC,350mA,2700K~6500K, CRI>97,Φ78*H102mm,15°,15W,AJ/CG,ASFD1500/CT/15/BB,https://i.ibb.co/fdR4c1G1/Skat-15-06-ballet-blue.png
SKAT Tunable,DDW165X,36V DC,350mA,2700K~6500K, CRI>97,Φ78*H102mm,15°,15W,AJ/CG,ASFD1500/CT/15/CH,https://i.ibb.co/5xxnhv0n/Skat-15-01-chrome.png
SKAT Tunable,DDW165X,36V DC,350mA,2700K~6500K, CRI>97,Φ78*H102mm,15°,15W,AJ/CG,ASFD1500/CT/15/CHB,https://i.ibb.co/G4f0kTHg/Skat-15-02-chrome-black.png
SKAT Tunable,DDW165X,36V DC,350mA,2700K~6500K, CRI>97,Φ78*H102mm,36°,15W,AJ/CG,ASFD1500/CT/36/W,https://i.ibb.co/nMwG8VTF/Skat-15-05-white.png
SKAT Tunable,DDW165X,36V DC,350mA,2700K~6500K, CRI>97,Φ78*H102mm,36°,15W,AJ/CG,ASFD1500/CT/36/B,https://i.ibb.co/wNcLSnbJ/Skat-15-03-mat-black-default.png
SKAT Tunable,DDW165X,36V DC,350mA,2700K~6500K, CRI>97,Φ78*H102mm,36°,15W,AJ/CG,ASFD1500/CT/36/CG,https://i.ibb.co/RTRmq0J8/Skat-15-04-champeing-gold.png
SKAT Tunable,DDW165X,36V DC,350mA,2700K~6500K, CRI>97,Φ78*H102mm,36°,15W,AJ/CG,ASFD1500/CT/36/RG,https://i.ibb.co/b5771mnf/Skat-15-08-rose-gold.png
SKAT Tunable,DDW165X,36V DC,350mA,2700K~6500K, CRI>97,Φ78*H102mm,36°,15W,AJ/CG,ASFD1500/CT/36/BR,https://i.ibb.co/nsLt9WYr/Skat-15-10-brown.png
SKAT Tunable,DDW165X,36V DC,350mA,2700K~6500K, CRI>97,Φ78*H102mm,36°,15W,AJ/CG,ASFD1500/CT/36/COF,https://i.ibb.co/356VYHwW/Skat-15-07-coffee.png
SKAT Tunable,DDW165X,36V DC,350mA,2700K~6500K, CRI>97,Φ78*H102mm,36°,15W,AJ/CG,ASFD1500/CT/36/DGR,https://i.ibb.co/yF12RgVG/Skat-15-09-dark-gray-default-001.png
SKAT Tunable,DDW165X,36V DC,350mA,2700K~6500K, CRI>97,Φ78*H102mm,36°,15W,AJ/CG,ASFD1500/CT/36/BB,https://i.ibb.co/fdR4c1G1/Skat-15-06-ballet-blue.png
SKAT Tunable,DDW165X,36V DC,350mA,2700K~6500K, CRI>97,Φ78*H102mm,36°,15W,AJ/CG,ASFD1500/CT/36/CH,https://i.ibb.co/5xxnhv0n/Skat-15-01-chrome.png
SKAT Tunable,DDW165X,36V DC,350mA,2700K~6500K, CRI>97,Φ78*H102mm,36°,15W,AJ/CG,ASFD1500/CT/36/CHB,https://i.ibb.co/G4f0kTHg/Skat-15-02-chrome-black.png
SKAT Tunable,DDW165X,36V DC,350mA,2700K~6500K, CRI>97,Φ78*H102mm,60°,15W,AJ/CG,ASFD1500/CT/60/W,https://i.ibb.co/nMwG8VTF/Skat-15-05-white.png
SKAT Tunable,DDW165X,36V DC,350mA,2700K~6500K, CRI>97,Φ78*H102mm,60°,15W,AJ/CG,ASFD1500/CT/60/B,https://i.ibb.co/wNcLSnbJ/Skat-15-03-mat-black-default.png
SKAT Tunable,DDW165X,36V DC,350mA,2700K~6500K, CRI>97,Φ78*H102mm,60°,15W,AJ/CG,ASFD1500/CT/60/CG,https://i.ibb.co/RTRmq0J8/Skat-15-04-champeing-gold.png
SKAT Tunable,DDW165X,36V DC,350mA,2700K~6500K, CRI>97,Φ78*H102mm,60°,15W,AJ/CG,ASFD1500/CT/60/RG,https://i.ibb.co/b5771mnf/Skat-15-08-rose-gold.png
SKAT Tunable,DDW165X,36V DC,350mA,2700K~6500K, CRI>97,Φ78*H102mm,60°,15W,AJ/CG,ASFD1500/CT/60/BR,https://i.ibb.co/nsLt9WYr/Skat-15-10-brown.png
SKAT Tunable,DDW165X,36V DC,350mA,2700K~6500K, CRI>97,Φ78*H102mm,60°,15W,AJ/CG,ASFD1500/CT/60/COF,https://i.ibb.co/356VYHwW/Skat-15-07-coffee.png
SKAT Tunable,DDW165X,36V DC,350mA,2700K~6500K, CRI>97,Φ78*H102mm,60°,15W,AJ/CG,ASFD1500/CT/60/DGR,https://i.ibb.co/yF12RgVG/Skat-15-09-dark-gray-default-001.png
SKAT Tunable,DDW165X,36V DC,350mA,2700K~6500K, CRI>97,Φ78*H102mm,60°,15W,AJ/CG,ASFD1500/CT/60/BB,https://i.ibb.co/fdR4c1G1/Skat-15-06-ballet-blue.png
SKAT Tunable,DDW165X,36V DC,350mA,2700K~6500K, CRI>97,Φ78*H102mm,60°,15W,AJ/CG,ASFD1500/CT/60/CH,https://i.ibb.co/5xxnhv0n/Skat-15-01-chrome.png
SKAT Tunable,DDW165X,36V DC,350mA,2700K~6500K, CRI>97,Φ78*H102mm,60°,15W,AJ/CG,ASFD1500/CT/60/CHB,https://i.ibb.co/G4f0kTHg/Skat-15-02-chrome-black.png
Felis 5,DTB125F,36V DC,100mA,2700K, CRI>97,Φ49*H74mm,15°,5W,AJ/CG,ARFD0540/27/15/W,https://i.ibb.co/rKLdwWHF/Felis-5-white.png
Felis 5,DTB125F,36V DC,100mA,2700K, CRI>97,Φ49*H74mm,15°,5W,AJ/CG,ARFD0540/27/15/B,https://i.ibb.co/NndRgxxV/Felis-5-black.png
Felis 5,DTB125F,36V DC,100mA,3000K, CRI>97,Φ49*H74mm,15°,5W,AJ/CG,ARFD0540/30/15/W,https://i.ibb.co/rKLdwWHF/Felis-5-white.png
Felis 5,DTB125F,36V DC,100mA,3000K, CRI>97,Φ49*H74mm,15°,5W,AJ/CG,ARFD0540/30/15/B,https://i.ibb.co/NndRgxxV/Felis-5-black.png
Felis 5,DTB125F,36V DC,100mA,3500K, CRI>97,Φ49*H74mm,15°,5W,AJ/CG,ARFD0540/35/15/W,https://i.ibb.co/rKLdwWHF/Felis-5-white.png
Felis 5,DTB125F,36V DC,100mA,3500K, CRI>97,Φ49*H74mm,15°,5W,AJ/CG,ARFD0540/35/15/B,https://i.ibb.co/NndRgxxV/Felis-5-black.png
Felis 5,DTB125F,36V DC,100mA,4000K, CRI>97,Φ49*H74mm,15°,5W,AJ/CG,ARFD0540/40/15/W,https://i.ibb.co/rKLdwWHF/Felis-5-white.png
Felis 5,DTB125F,36V DC,100mA,4000K, CRI>97,Φ49*H74mm,15°,5W,AJ/CG,ARFD0540/40/15/B,https://i.ibb.co/NndRgxxV/Felis-5-black.png
Felis 5,DTB125F,36V DC,100mA,5000K, CRI>97,Φ49*H74mm,15°,5W,AJ/CG,ARFD0540/50/15/W,https://i.ibb.co/rKLdwWHF/Felis-5-white.png
Felis 5,DTB125F,36V DC,100mA,5000K, CRI>97,Φ49*H74mm,15°,5W,AJ/CG,ARFD0540/50/15/B,https://i.ibb.co/NndRgxxV/Felis-5-black.png
Felis 5,DTB125F,36V DC,100mA,2700K, CRI>97,Φ49*H74mm,24°,5W,AJ/CG,ARFD0540/27/24/W,https://i.ibb.co/rKLdwWHF/Felis-5-white.png
Felis 5,DTB125F,36V DC,100mA,2700K, CRI>97,Φ49*H74mm,24°,5W,AJ/CG,ARFD0540/27/24/B,https://i.ibb.co/NndRgxxV/Felis-5-black.png
Felis 5,DTB125F,36V DC,100mA,3000K, CRI>97,Φ49*H74mm,24°,5W,AJ/CG,ARFD0540/30/24/W,https://i.ibb.co/rKLdwWHF/Felis-5-white.png
Felis 5,DTB125F,36V DC,100mA,3000K, CRI>97,Φ49*H74mm,24°,5W,AJ/CG,ARFD0540/30/24/B,https://i.ibb.co/NndRgxxV/Felis-5-black.png
Felis 5,DTB125F,36V DC,100mA,3500K, CRI>97,Φ49*H74mm,24°,5W,AJ/CG,ARFD0540/35/24/W,https://i.ibb.co/rKLdwWHF/Felis-5-white.png
Felis 5,DTB125F,36V DC,100mA,3500K, CRI>97,Φ49*H74mm,24°,5W,AJ/CG,ARFD0540/35/24/B,https://i.ibb.co/NndRgxxV/Felis-5-black.png
Felis 5,DTB125F,36V DC,100mA,4000K, CRI>97,Φ49*H74mm,24°,5W,AJ/CG,ARFD0540/40/24/W,https://i.ibb.co/rKLdwWHF/Felis-5-white.png
Felis 5,DTB125F,36V DC,100mA,4000K, CRI>97,Φ49*H74mm,24°,5W,AJ/CG,ARFD0540/40/24/B,https://i.ibb.co/NndRgxxV/Felis-5-black.png
Felis 5,DTB125F,36V DC,100mA,5000K, CRI>97,Φ49*H74mm,24°,5W,AJ/CG,ARFD0540/50/24/W,https://i.ibb.co/rKLdwWHF/Felis-5-white.png
Felis 5,DTB125F,36V DC,100mA,5000K, CRI>97,Φ49*H74mm,24°,5W,AJ/CG,ARFD0540/50/24/B,https://i.ibb.co/NndRgxxV/Felis-5-black.png
Felis 5,DTB125F,36V DC,100mA,2700K, CRI>97,Φ49*H74mm,36°,5W,AJ/CG,ARFD0540/27/36/W,https://i.ibb.co/rKLdwWHF/Felis-5-white.png
Felis 5,DTB125F,36V DC,100mA,2700K, CRI>97,Φ49*H74mm,36°,5W,AJ/CG,ARFD0540/27/36/B,https://i.ibb.co/NndRgxxV/Felis-5-black.png
Felis 5,DTB125F,36V DC,100mA,3000K, CRI>97,Φ49*H74mm,36°,5W,AJ/CG,ARFD0540/30/36/W,https://i.ibb.co/rKLdwWHF/Felis-5-white.png
Felis 5,DTB125F,36V DC,100mA,3000K, CRI>97,Φ49*H74mm,36°,5W,AJ/CG,ARFD0540/30/36/B,https://i.ibb.co/NndRgxxV/Felis-5-black.png
Felis 5,DTB125F,36V DC,100mA,3500K, CRI>97,Φ49*H74mm,36°,5W,AJ/CG,ARFD0540/35/36/W,https://i.ibb.co/rKLdwWHF/Felis-5-white.png
Felis 5,DTB125F,36V DC,100mA,3500K, CRI>97,Φ49*H74mm,36°,5W,AJ/CG,ARFD0540/35/36/B,https://i.ibb.co/NndRgxxV/Felis-5-black.png
Felis 5,DTB125F,36V DC,100mA,4000K, CRI>97,Φ49*H74mm,36°,5W,AJ/CG,ARFD0540/40/36/W,https://i.ibb.co/rKLdwWHF/Felis-5-white.png
Felis 5,DTB125F,36V DC,100mA,4000K, CRI>97,Φ49*H74mm,36°,5W,AJ/CG,ARFD0540/40/36/B,https://i.ibb.co/NndRgxxV/Felis-5-black.png
Felis 5,DTB125F,36V DC,100mA,5000K, CRI>97,Φ49*H74mm,36°,5W,AJ/CG,ARFD0540/50/36/W,https://i.ibb.co/rKLdwWHF/Felis-5-white.png
Felis 5,DTB125F,36V DC,100mA,5000K, CRI>97,Φ49*H74mm,36°,5W,AJ/CG,ARFD0540/50/36/B,https://i.ibb.co/NndRgxxV/Felis-5-black.png
Felis 5 Tunable,DTB125F,36V DC,100mA,2700K~6500K, CRI>97,Φ49*H74mm,15°,5W,AJ/CG,ARFD0540/CT/15/W,https://i.ibb.co/rKLdwWHF/Felis-5-white.png
Felis 5 Tunable,DTB125F,36V DC,100mA,2700K~6500K, CRI>97,Φ49*H74mm,15°,5W,AJ/CG,ARFD0540/CT/15/B,https://i.ibb.co/NndRgxxV/Felis-5-black.png
Felis 5 Tunable,DTB125F,36V DC,100mA,2700K~6500K, CRI>97,Φ49*H74mm,24°,5W,AJ/CG,ARFD0540/CT/24/W,https://i.ibb.co/rKLdwWHF/Felis-5-white.png
Felis 5 Tunable,DTB125F,36V DC,100mA,2700K~6500K, CRI>97,Φ49*H74mm,24°,5W,AJ/CG,ARFD0540/CT/24/B,https://i.ibb.co/NndRgxxV/Felis-5-black.png
Felis 5 Tunable,DTB125F,36V DC,100mA,2700K~6500K, CRI>97,Φ49*H74mm,36°,5W,AJ/CG,ARFD0540/CT/36/W,https://i.ibb.co/rKLdwWHF/Felis-5-white.png
Felis 5 Tunable,DTB125F,36V DC,100mA,2700K~6500K, CRI>97,Φ49*H74mm,36°,5W,AJ/CG,ARFD0540/CT/36/B,https://i.ibb.co/NndRgxxV/Felis-5-black.png
Felis 7,DTB125F,36V DC,150mA,2700K, CRI>97,Φ64*H72mm,15°,7W,AJ/CG,ARFD0755/27/15/W,https://i.ibb.co/8DTFBZ3V/Felis-7-white.png
Felis 7,DTB125F,36V DC,150mA,2700K, CRI>97,Φ64*H72mm,15°,7W,AJ/CG,ARFD0755/27/15/B,https://i.ibb.co/20hCDBy7/Felis-7-black.png
Felis 7,DTB125F,36V DC,150mA,3000K, CRI>97,Φ64*H72mm,15°,7W,AJ/CG,ARFD0755/30/15/W,https://i.ibb.co/8DTFBZ3V/Felis-7-white.png
Felis 7,DTB125F,36V DC,150mA,3000K, CRI>97,Φ64*H72mm,15°,7W,AJ/CG,ARFD0755/30/15/B,https://i.ibb.co/20hCDBy7/Felis-7-black.png
Felis 7,DTB125F,36V DC,150mA,3500K, CRI>97,Φ64*H72mm,15°,7W,AJ/CG,ARFD0755/35/15/W,https://i.ibb.co/8DTFBZ3V/Felis-7-white.png
Felis 7,DTB125F,36V DC,150mA,3500K, CRI>97,Φ64*H72mm,15°,7W,AJ/CG,ARFD0755/35/15/B,https://i.ibb.co/20hCDBy7/Felis-7-black.png
Felis 7,DTB125F,36V DC,150mA,4000K, CRI>97,Φ64*H72mm,15°,7W,AJ/CG,ARFD0755/40/15/W,https://i.ibb.co/8DTFBZ3V/Felis-7-white.png
Felis 7,DTB125F,36V DC,150mA,4000K, CRI>97,Φ64*H72mm,15°,7W,AJ/CG,ARFD0755/40/15/B,https://i.ibb.co/20hCDBy7/Felis-7-black.png
Felis 7,DTB125F,36V DC,150mA,5000K, CRI>97,Φ64*H72mm,15°,7W,AJ/CG,ARFD0755/50/15/W,https://i.ibb.co/8DTFBZ3V/Felis-7-white.png
Felis 7,DTB125F,36V DC,150mA,5000K, CRI>97,Φ64*H72mm,15°,7W,AJ/CG,ARFD0755/50/15/B,https://i.ibb.co/20hCDBy7/Felis-7-black.png
Felis 7,DTB125F,36V DC,150mA,2700K, CRI>97,Φ64*H72mm,24°,7W,AJ/CG,ARFD0755/27/24/W,https://i.ibb.co/8DTFBZ3V/Felis-7-white.png
Felis 7,DTB125F,36V DC,150mA,2700K, CRI>97,Φ64*H72mm,24°,7W,AJ/CG,ARFD0755/27/24/B,https://i.ibb.co/20hCDBy7/Felis-7-black.png
Felis 7,DTB125F,36V DC,150mA,3000K, CRI>97,Φ64*H72mm,24°,7W,AJ/CG,ARFD0755/30/24/W,https://i.ibb.co/8DTFBZ3V/Felis-7-white.png
Felis 7,DTB125F,36V DC,150mA,3000K, CRI>97,Φ64*H72mm,24°,7W,AJ/CG,ARFD0755/30/24/B,https://i.ibb.co/20hCDBy7/Felis-7-black.png
Felis 7,DTB125F,36V DC,150mA,3500K, CRI>97,Φ64*H72mm,24°,7W,AJ/CG,ARFD0755/35/24/W,https://i.ibb.co/8DTFBZ3V/Felis-7-white.png
Felis 7,DTB125F,36V DC,150mA,3500K, CRI>97,Φ64*H72mm,24°,7W,AJ/CG,ARFD0755/35/24/B,https://i.ibb.co/20hCDBy7/Felis-7-black.png
Felis 7,DTB125F,36V DC,150mA,4000K, CRI>97,Φ64*H72mm,24°,7W,AJ/CG,ARFD0755/40/24/W,https://i.ibb.co/8DTFBZ3V/Felis-7-white.png
Felis 7,DTB125F,36V DC,150mA,4000K, CRI>97,Φ64*H72mm,24°,7W,AJ/CG,ARFD0755/40/24/B,https://i.ibb.co/20hCDBy7/Felis-7-black.png
Felis 7,DTB125F,36V DC,150mA,5000K, CRI>97,Φ64*H72mm,24°,7W,AJ/CG,ARFD0755/50/24/W,https://i.ibb.co/8DTFBZ3V/Felis-7-white.png
Felis 7,DTB125F,36V DC,150mA,5000K, CRI>97,Φ64*H72mm,24°,7W,AJ/CG,ARFD0755/50/24/B,https://i.ibb.co/20hCDBy7/Felis-7-black.png
Felis 7,DTB125F,36V DC,150mA,2700K, CRI>97,Φ64*H72mm,36°,7W,AJ/CG,ARFD0755/27/36/W,https://i.ibb.co/8DTFBZ3V/Felis-7-white.png
Felis 7,DTB125F,36V DC,150mA,2700K, CRI>97,Φ64*H72mm,36°,7W,AJ/CG,ARFD0755/27/36/B,https://i.ibb.co/20hCDBy7/Felis-7-black.png
Felis 7,DTB125F,36V DC,150mA,3000K, CRI>97,Φ64*H72mm,36°,7W,AJ/CG,ARFD0755/30/36/W,https://i.ibb.co/8DTFBZ3V/Felis-7-white.png
Felis 7,DTB125F,36V DC,150mA,3000K, CRI>97,Φ64*H72mm,36°,7W,AJ/CG,ARFD0755/30/36/B,https://i.ibb.co/20hCDBy7/Felis-7-black.png
Felis 7,DTB125F,36V DC,150mA,3500K, CRI>97,Φ64*H72mm,36°,7W,AJ/CG,ARFD0755/35/36/W,https://i.ibb.co/8DTFBZ3V/Felis-7-white.png
Felis 7,DTB125F,36V DC,150mA,3500K, CRI>97,Φ64*H72mm,36°,7W,AJ/CG,ARFD0755/35/36/B,https://i.ibb.co/20hCDBy7/Felis-7-black.png
Felis 7,DTB125F,36V DC,150mA,4000K, CRI>97,Φ64*H72mm,36°,7W,AJ/CG,ARFD0755/40/36/W,https://i.ibb.co/8DTFBZ3V/Felis-7-white.png
Felis 7,DTB125F,36V DC,150mA,4000K, CRI>97,Φ64*H72mm,36°,7W,AJ/CG,ARFD0755/40/36/B,https://i.ibb.co/20hCDBy7/Felis-7-black.png
Felis 7,DTB125F,36V DC,150mA,5000K, CRI>97,Φ64*H72mm,36°,7W,AJ/CG,ARFD0755/50/36/W,https://i.ibb.co/8DTFBZ3V/Felis-7-white.png
Felis 7,DTB125F,36V DC,150mA,5000K, CRI>97,Φ64*H72mm,36°,7W,AJ/CG,ARFD0755/50/36/B,https://i.ibb.co/20hCDBy7/Felis-7-black.png
Felis 7 Tunable,DTB125F,36V DC,150mA,2700K~6500K, CRI>97,Φ64*H72mm,15°,7W,AJ/CG,ARFD0755/CT/15/W,https://i.ibb.co/8DTFBZ3V/Felis-7-white.png
Felis 7 Tunable,DTB125F,36V DC,150mA,2700K~6500K, CRI>97,Φ64*H72mm,15°,7W,AJ/CG,ARFD0755/CT/15/B,https://i.ibb.co/20hCDBy7/Felis-7-black.png
Felis 7 Tunable,DTB125F,36V DC,150mA,2700K~6500K, CRI>97,Φ64*H72mm,24°,7W,AJ/CG,ARFD0755/CT/24/W,https://i.ibb.co/8DTFBZ3V/Felis-7-white.png
Felis 7 Tunable,DTB125F,36V DC,150mA,2700K~6500K, CRI>97,Φ64*H72mm,24°,7W,AJ/CG,ARFD0755/CT/24/B,https://i.ibb.co/20hCDBy7/Felis-7-black.png
Felis 7 Tunable,DTB125F,36V DC,150mA,2700K~6500K, CRI>97,Φ64*H72mm,36°,7W,AJ/CG,ARFD0755/CT/36/W,https://i.ibb.co/8DTFBZ3V/Felis-7-white.png
Felis 7 Tunable,DTB125F,36V DC,150mA,2700K~6500K, CRI>97,Φ64*H72mm,36°,7W,AJ/CG,ARFD0755/CT/36/B,https://i.ibb.co/20hCDBy7/Felis-7-black.png
Felis 9,DTB125F,36V DC,200mA,2700K, CRI>97,Φ84*H86mm,15°,9W,AJ/CG,ARFD0975/27/15/W,https://i.ibb.co/B5DB00Pn/Felis-9-white.png
Felis 9,DTB125F,36V DC,200mA,2700K, CRI>97,Φ84*H86mm,15°,9W,AJ/CG,ARFD0975/27/15/B,https://i.ibb.co/0pD5vh10/Felis-9-black.png
Felis 9,DTB125F,36V DC,200mA,2700K, CRI>97,Φ84*H86mm,24°,9W,AJ/CG,ARFD0975/27/24/W,https://i.ibb.co/B5DB00Pn/Felis-9-white.png
Felis 9,DTB125F,36V DC,200mA,2700K, CRI>97,Φ84*H86mm,24°,9W,AJ/CG,ARFD0975/27/24/B,https://i.ibb.co/0pD5vh10/Felis-9-black.png
Felis 9,DTB125F,36V DC,200mA,2700K, CRI>97,Φ84*H86mm,36°,9W,AJ/CG,ARFD0975/27/36/W,https://i.ibb.co/B5DB00Pn/Felis-9-white.png
Felis 9,DTB125F,36V DC,200mA,2700K, CRI>97,Φ84*H86mm,36°,9W,AJ/CG,ARFD0975/27/36/B,https://i.ibb.co/0pD5vh10/Felis-9-black.png
Felis 9,DTB125F,36V DC,200mA,3000K, CRI>97,Φ84*H86mm,15°,9W,AJ/CG,ARFD0975/30/15/W,https://i.ibb.co/B5DB00Pn/Felis-9-white.png
Felis 9,DTB125F,36V DC,200mA,3000K, CRI>97,Φ84*H86mm,15°,9W,AJ/CG,ARFD0975/30/15/B,https://i.ibb.co/0pD5vh10/Felis-9-black.png
Felis 9,DTB125F,36V DC,200mA,3000K, CRI>97,Φ84*H86mm,24°,9W,AJ/CG,ARFD0975/30/24/W,https://i.ibb.co/B5DB00Pn/Felis-9-white.png
Felis 9,DTB125F,36V DC,200mA,3000K, CRI>97,Φ84*H86mm,24°,9W,AJ/CG,ARFD0975/30/24/B,https://i.ibb.co/0pD5vh10/Felis-9-black.png
Felis 9,DTB125F,36V DC,200mA,3000K, CRI>97,Φ84*H86mm,36°,9W,AJ/CG,ARFD0975/30/36/W,https://i.ibb.co/B5DB00Pn/Felis-9-white.png
Felis 9,DTB125F,36V DC,200mA,3000K, CRI>97,Φ84*H86mm,36°,9W,AJ/CG,ARFD0975/30/36/B,https://i.ibb.co/0pD5vh10/Felis-9-black.png
Felis 9,DTB125F,36V DC,200mA,3500K, CRI>97,Φ84*H86mm,15°,9W,AJ/CG,ARFD0975/35/15/W,https://i.ibb.co/B5DB00Pn/Felis-9-white.png
Felis 9,DTB125F,36V DC,200mA,3500K, CRI>97,Φ84*H86mm,15°,9W,AJ/CG,ARFD0975/35/15/B,https://i.ibb.co/0pD5vh10/Felis-9-black.png
Felis 9,DTB125F,36V DC,200mA,3500K, CRI>97,Φ84*H86mm,24°,9W,AJ/CG,ARFD0975/35/24/W,https://i.ibb.co/B5DB00Pn/Felis-9-white.png
Felis 9,DTB125F,36V DC,200mA,3500K, CRI>97,Φ84*H86mm,24°,9W,AJ/CG,ARFD0975/35/24/B,https://i.ibb.co/0pD5vh10/Felis-9-black.png
Felis 9,DTB125F,36V DC,200mA,3500K, CRI>97,Φ84*H86mm,36°,9W,AJ/CG,ARFD0975/35/36/W,https://i.ibb.co/B5DB00Pn/Felis-9-white.png
Felis 9,DTB125F,36V DC,200mA,3500K, CRI>97,Φ84*H86mm,36°,9W,AJ/CG,ARFD0975/35/36/B,https://i.ibb.co/0pD5vh10/Felis-9-black.png
Felis 9,DTB125F,36V DC,200mA,4000K, CRI>97,Φ84*H86mm,15°,9W,AJ/CG,ARFD0975/40/15/W,https://i.ibb.co/B5DB00Pn/Felis-9-white.png
Felis 9,DTB125F,36V DC,200mA,4000K, CRI>97,Φ84*H86mm,15°,9W,AJ/CG,ARFD0975/40/15/B,https://i.ibb.co/0pD5vh10/Felis-9-black.png
Felis 9,DTB125F,36V DC,200mA,4000K, CRI>97,Φ84*H86mm,24°,9W,AJ/CG,ARFD0975/40/24/W,https://i.ibb.co/B5DB00Pn/Felis-9-white.png
Felis 9,DTB125F,36V DC,200mA,4000K, CRI>97,Φ84*H86mm,24°,9W,AJ/CG,ARFD0975/40/24/B,https://i.ibb.co/0pD5vh10/Felis-9-black.png
Felis 9,DTB125F,36V DC,200mA,4000K, CRI>97,Φ84*H86mm,36°,9W,AJ/CG,ARFD0975/40/36/W,https://i.ibb.co/B5DB00Pn/Felis-9-white.png
Felis 9,DTB125F,36V DC,200mA,4000K, CRI>97,Φ84*H86mm,36°,9W,AJ/CG,ARFD0975/40/36/B,https://i.ibb.co/0pD5vh10/Felis-9-black.png
Felis 9,DTB125F,36V DC,200mA,5000K, CRI>97,Φ84*H86mm,15°,9W,AJ/CG,ARFD0975/50/15/W,https://i.ibb.co/B5DB00Pn/Felis-9-white.png
Felis 9,DTB125F,36V DC,200mA,5000K, CRI>97,Φ84*H86mm,15°,9W,AJ/CG,ARFD0975/50/15/B,https://i.ibb.co/0pD5vh10/Felis-9-black.png
Felis 9,DTB125F,36V DC,200mA,5000K, CRI>97,Φ84*H86mm,24°,9W,AJ/CG,ARFD0975/50/24/W,https://i.ibb.co/B5DB00Pn/Felis-9-white.png
Felis 9,DTB125F,36V DC,200mA,5000K, CRI>97,Φ84*H86mm,24°,9W,AJ/CG,ARFD0975/50/24/B,https://i.ibb.co/0pD5vh10/Felis-9-black.png
Felis 9,DTB125F,36V DC,200mA,5000K, CRI>97,Φ84*H86mm,36°,9W,AJ/CG,ARFD0975/50/36/W,https://i.ibb.co/B5DB00Pn/Felis-9-white.png
Felis 9,DTB125F,36V DC,200mA,5000K, CRI>97,Φ84*H86mm,36°,9W,AJ/CG,ARFD0975/50/36/B,https://i.ibb.co/0pD5vh10/Felis-9-black.png
Felis 9 Tunable,DTB125F,36V DC,200mA,2700K~6500K, CRI>97,Φ84*H86mm,15°,9W,AJ/CG,ARFD0975/CT/15/W,https://i.ibb.co/B5DB00Pn/Felis-9-white.png
Felis 9 Tunable,DTB125F,36V DC,200mA,2700K~6500K, CRI>97,Φ84*H86mm,15°,9W,AJ/CG,ARFD0975/CT/15/B,https://i.ibb.co/0pD5vh10/Felis-9-black.png
Felis 9 Tunable,DTB125F,36V DC,200mA,2700K~6500K, CRI>97,Φ84*H86mm,24°,9W,AJ/CG,ARFD0975/CT/24/W,https://i.ibb.co/B5DB00Pn/Felis-9-white.png
Felis 9 Tunable,DTB125F,36V DC,200mA,2700K~6500K, CRI>97,Φ84*H86mm,24°,9W,AJ/CG,ARFD0975/CT/24/B,https://i.ibb.co/0pD5vh10/Felis-9-black.png
Felis 9 Tunable,DTB125F,36V DC,200mA,2700K~6500K, CRI>97,Φ84*H86mm,36°,9W,AJ/CG,ARFD0975/CT/36/W,https://i.ibb.co/B5DB00Pn/Felis-9-white.png
Felis 9 Tunable,DTB125F,36V DC,200mA,2700K~6500K, CRI>97,Φ84*H86mm,36°,9W,AJ/CG,ARFD0975/CT/36/B,https://i.ibb.co/0pD5vh10/Felis-9-black.png
Felis 15,DTB125F,36V DC,350mA,2700K, CRI>97,Φ94*H97mm,15°,15W,AJ/CG,ARFD1585/27/15/W,https://i.ibb.co/gFP5zSwV/Felis-15-white.png
Felis 15,DTB125F,36V DC,350mA,2700K, CRI>97,Φ94*H97mm,15°,15W,AJ/CG,ARFD1585/27/15/B,https://i.ibb.co/Cpnh7vN9/Felis-15-black.png
Felis 15,DTB125F,36V DC,350mA,2700K, CRI>97,Φ94*H97mm,24°,15W,AJ/CG,ARFD1585/27/24/W,https://i.ibb.co/gFP5zSwV/Felis-15-white.png
Felis 15,DTB125F,36V DC,350mA,2700K, CRI>97,Φ94*H97mm,24°,15W,AJ/CG,ARFD1585/27/24/B,https://i.ibb.co/Cpnh7vN9/Felis-15-black.png
Felis 15,DTB125F,36V DC,350mA,2700K, CRI>97,Φ94*H97mm,36°,15W,AJ/CG,ARFD1585/27/36/W,https://i.ibb.co/gFP5zSwV/Felis-15-white.png
Felis 15,DTB125F,36V DC,350mA,2700K, CRI>97,Φ94*H97mm,36°,15W,AJ/CG,ARFD1585/27/36/B,https://i.ibb.co/Cpnh7vN9/Felis-15-black.png
Felis 15,DTB125F,36V DC,350mA,2700K, CRI>97,Φ94*H97mm,55°,15W,AJ/CG,ARFD1585/27/55/W,https://i.ibb.co/gFP5zSwV/Felis-15-white.png
Felis 15,DTB125F,36V DC,350mA,2700K, CRI>97,Φ94*H97mm,55°,15W,AJ/CG,ARFD1585/27/55/B,https://i.ibb.co/Cpnh7vN9/Felis-15-black.png
Felis 15,DTB125F,36V DC,350mA,3000K, CRI>97,Φ94*H97mm,15°,15W,AJ/CG,ARFD1585/30/15/W,https://i.ibb.co/gFP5zSwV/Felis-15-white.png
Felis 15,DTB125F,36V DC,350mA,3000K, CRI>97,Φ94*H97mm,15°,15W,AJ/CG,ARFD1585/30/15/B,https://i.ibb.co/Cpnh7vN9/Felis-15-black.png
Felis 15,DTB125F,36V DC,350mA,3000K, CRI>97,Φ94*H97mm,24°,15W,AJ/CG,ARFD1585/30/24/W,https://i.ibb.co/gFP5zSwV/Felis-15-white.png
Felis 15,DTB125F,36V DC,350mA,3000K, CRI>97,Φ94*H97mm,24°,15W,AJ/CG,ARFD1585/30/24/B,https://i.ibb.co/Cpnh7vN9/Felis-15-black.png
Felis 15,DTB125F,36V DC,350mA,3000K, CRI>97,Φ94*H97mm,36°,15W,AJ/CG,ARFD1585/30/36/W,https://i.ibb.co/gFP5zSwV/Felis-15-white.png
Felis 15,DTB125F,36V DC,350mA,3000K, CRI>97,Φ94*H97mm,36°,15W,AJ/CG,ARFD1585/30/36/B,https://i.ibb.co/Cpnh7vN9/Felis-15-black.png
Felis 15,DTB125F,36V DC,350mA,3000K, CRI>97,Φ94*H97mm,55°,15W,AJ/CG,ARFD1585/30/55/W,https://i.ibb.co/gFP5zSwV/Felis-15-white.png
Felis 15,DTB125F,36V DC,350mA,3000K, CRI>97,Φ94*H97mm,55°,15W,AJ/CG,ARFD1585/30/55/B,https://i.ibb.co/Cpnh7vN9/Felis-15-black.png
Felis 15,DTB125F,36V DC,350mA,3500K, CRI>97,Φ94*H97mm,15°,15W,AJ/CG,ARFD1585/35/15/W,https://i.ibb.co/gFP5zSwV/Felis-15-white.png
Felis 15,DTB125F,36V DC,350mA,3500K, CRI>97,Φ94*H97mm,15°,15W,AJ/CG,ARFD1585/35/15/B,https://i.ibb.co/Cpnh7vN9/Felis-15-black.png
Felis 15,DTB125F,36V DC,350mA,3500K, CRI>97,Φ94*H97mm,24°,15W,AJ/CG,ARFD1585/35/24/W,https://i.ibb.co/gFP5zSwV/Felis-15-white.png
Felis 15,DTB125F,36V DC,350mA,3500K, CRI>97,Φ94*H97mm,24°,15W,AJ/CG,ARFD1585/35/24/B,https://i.ibb.co/Cpnh7vN9/Felis-15-black.png
Felis 15,DTB125F,36V DC,350mA,3500K, CRI>97,Φ94*H97mm,36°,15W,AJ/CG,ARFD1585/35/36/W,https://i.ibb.co/gFP5zSwV/Felis-15-white.png
Felis 15,DTB125F,36V DC,350mA,3500K, CRI>97,Φ94*H97mm,36°,15W,AJ/CG,ARFD1585/35/36/B,https://i.ibb.co/Cpnh7vN9/Felis-15-black.png
Felis 15,DTB125F,36V DC,350mA,3500K, CRI>97,Φ94*H97mm,55°,15W,AJ/CG,ARFD1585/35/55/W,https://i.ibb.co/gFP5zSwV/Felis-15-white.png
Felis 15,DTB125F,36V DC,350mA,3500K, CRI>97,Φ94*H97mm,55°,15W,AJ/CG,ARFD1585/35/55/B,https://i.ibb.co/Cpnh7vN9/Felis-15-black.png
Felis 15,DTB125F,36V DC,350mA,4000K, CRI>97,Φ94*H97mm,15°,15W,AJ/CG,ARFD1585/40/15/W,https://i.ibb.co/gFP5zSwV/Felis-15-white.png
Felis 15,DTB125F,36V DC,350mA,4000K, CRI>97,Φ94*H97mm,15°,15W,AJ/CG,ARFD1585/40/15/B,https://i.ibb.co/Cpnh7vN9/Felis-15-black.png
Felis 15,DTB125F,36V DC,350mA,4000K, CRI>97,Φ94*H97mm,24°,15W,AJ/CG,ARFD1585/40/24/W,https://i.ibb.co/gFP5zSwV/Felis-15-white.png
Felis 15,DTB125F,36V DC,350mA,4000K, CRI>97,Φ94*H97mm,24°,15W,AJ/CG,ARFD1585/40/24/B,https://i.ibb.co/Cpnh7vN9/Felis-15-black.png
Felis 15,DTB125F,36V DC,350mA,4000K, CRI>97,Φ94*H97mm,36°,15W,AJ/CG,ARFD1585/40/36/W,https://i.ibb.co/gFP5zSwV/Felis-15-white.png
Felis 15,DTB125F,36V DC,350mA,4000K, CRI>97,Φ94*H97mm,36°,15W,AJ/CG,ARFD1585/40/36/B,https://i.ibb.co/Cpnh7vN9/Felis-15-black.png
Felis 15,DTB125F,36V DC,350mA,4000K, CRI>97,Φ94*H97mm,55°,15W,AJ/CG,ARFD1585/40/55/W,https://i.ibb.co/gFP5zSwV/Felis-15-white.png
Felis 15,DTB125F,36V DC,350mA,4000K, CRI>97,Φ94*H97mm,55°,15W,AJ/CG,ARFD1585/40/55/B,https://i.ibb.co/Cpnh7vN9/Felis-15-black.png
Felis 15,DTB125F,36V DC,350mA,5000K, CRI>97,Φ94*H97mm,15°,15W,AJ/CG,ARFD1585/50/15/W,https://i.ibb.co/gFP5zSwV/Felis-15-white.png
Felis 15,DTB125F,36V DC,350mA,5000K, CRI>97,Φ94*H97mm,15°,15W,AJ/CG,ARFD1585/50/15/B,https://i.ibb.co/Cpnh7vN9/Felis-15-black.png
Felis 15,DTB125F,36V DC,350mA,5000K, CRI>97,Φ94*H97mm,24°,15W,AJ/CG,ARFD1585/50/24/W,https://i.ibb.co/gFP5zSwV/Felis-15-white.png
Felis 15,DTB125F,36V DC,350mA,5000K, CRI>97,Φ94*H97mm,24°,15W,AJ/CG,ARFD1585/50/24/B,https://i.ibb.co/Cpnh7vN9/Felis-15-black.png
Felis 15,DTB125F,36V DC,350mA,5000K, CRI>97,Φ94*H97mm,36°,15W,AJ/CG,ARFD1585/50/36/W,https://i.ibb.co/gFP5zSwV/Felis-15-white.png
Felis 15,DTB125F,36V DC,350mA,5000K, CRI>97,Φ94*H97mm,36°,15W,AJ/CG,ARFD1585/50/36/B,https://i.ibb.co/Cpnh7vN9/Felis-15-black.png
Felis 15,DTB125F,36V DC,350mA,5000K, CRI>97,Φ94*H97mm,55°,15W,AJ/CG,ARFD1585/50/55/W,https://i.ibb.co/gFP5zSwV/Felis-15-white.png
Felis 15,DTB125F,36V DC,350mA,5000K, CRI>97,Φ94*H97mm,55°,15W,AJ/CG,ARFD1585/50/55/B,https://i.ibb.co/Cpnh7vN9/Felis-15-black.png
Felis 15 Tunable,DTB125F,36V DC,350mA,2700K~6500K, CRI>97,Φ94*H97mm,15°,15W,AJ/CG,ARFD1585/CT/15/B,https://i.ibb.co/Cpnh7vN9/Felis-15-black.png
Felis 15 Tunable,DTB125F,36V DC,350mA,2700K~6500K, CRI>97,Φ94*H97mm,15°,15W,AJ/CG,ARFD1585/CT/15/W,https://i.ibb.co/gFP5zSwV/Felis-15-white.png
Felis 15 Tunable,DTB125F,36V DC,350mA,2700K~6500K, CRI>97,Φ94*H97mm,24°,15W,AJ/CG,ARFD1585/CT/24/B,https://i.ibb.co/Cpnh7vN9/Felis-15-black.png
Felis 15 Tunable,DTB125F,36V DC,350mA,2700K~6500K, CRI>97,Φ94*H97mm,24°,15W,AJ/CG,ARFD1585/CT/24/W,https://i.ibb.co/gFP5zSwV/Felis-15-white.png
Felis 15 Tunable,DTB125F,36V DC,350mA,2700K~6500K, CRI>97,Φ94*H97mm,36°,15W,AJ/CG,ARFD1585/CT/36/B,https://i.ibb.co/Cpnh7vN9/Felis-15-black.png
Felis 15 Tunable,DTB125F,36V DC,350mA,2700K~6500K, CRI>97,Φ94*H97mm,36°,15W,AJ/CG,ARFD1585/CT/36/W,https://i.ibb.co/gFP5zSwV/Felis-15-white.png
Felis 15 Tunable,DTB125F,36V DC,350mA,2700K~6500K, CRI>97,Φ94*H97mm,55°,15W,AJ/CG,ARFD1585/CT/55/W,https://i.ibb.co/gFP5zSwV/Felis-15-white.png
Felis 15 Tunable,DTB125F,36V DC,350mA,2700K~6500K, CRI>97,Φ94*H97mm,55°,15W,AJ/CG,ARFD1585/CT/55/B,https://i.ibb.co/Cpnh7vN9/Felis-15-black.png
Tevel,DDI085X,36V DC,150mA,2700K, CRI>97,Φ82*H93mm,15°,7W,AJ/CG,ARAD0775/27/15/W,https://i.ibb.co/ycDH7MvF/Tevel-white.png
Tevel,DDI085X,36V DC,150mA,2700K, CRI>97,Φ82*H93mm,15°,7W,AJ/CG,ARAD0775/27/15/B,https://i.ibb.co/9990JZPf/Tevel-black.png
Tevel,DDI085X,36V DC,150mA,2700K, CRI>97,Φ82*H93mm,24°,7W,AJ/CG,ARAD0775/27/24/W,https://i.ibb.co/ycDH7MvF/Tevel-white.png
Tevel,DDI085X,36V DC,150mA,2700K, CRI>97,Φ82*H93mm,24°,7W,AJ/CG,ARAD0775/27/24/B,https://i.ibb.co/9990JZPf/Tevel-black.png
Tevel,DDI085X,36V DC,150mA,2700K, CRI>97,Φ82*H93mm,36°,7W,AJ/CG,ARAD0775/27/36/W,https://i.ibb.co/ycDH7MvF/Tevel-white.png
Tevel,DDI085X,36V DC,150mA,2700K, CRI>97,Φ82*H93mm,36°,7W,AJ/CG,ARAD0775/27/36/B,https://i.ibb.co/9990JZPf/Tevel-black.png
Tevel,DDI085X,36V DC,150mA,3000K, CRI>97,Φ82*H93mm,15°,7W,AJ/CG,ARAD0775/30/15/W,https://i.ibb.co/ycDH7MvF/Tevel-white.png
Tevel,DDI085X,36V DC,150mA,3000K, CRI>97,Φ82*H93mm,15°,7W,AJ/CG,ARAD0775/30/15/B,https://i.ibb.co/9990JZPf/Tevel-black.png
Tevel,DDI085X,36V DC,150mA,3000K, CRI>97,Φ82*H93mm,24°,7W,AJ/CG,ARAD0775/30/24/W,https://i.ibb.co/ycDH7MvF/Tevel-white.png
Tevel,DDI085X,36V DC,150mA,3000K, CRI>97,Φ82*H93mm,24°,7W,AJ/CG,ARAD0775/30/24/B,https://i.ibb.co/9990JZPf/Tevel-black.png
Tevel,DDI085X,36V DC,150mA,3000K, CRI>97,Φ82*H93mm,36°,7W,AJ/CG,ARAD0775/30/36/W,https://i.ibb.co/ycDH7MvF/Tevel-white.png
Tevel,DDI085X,36V DC,150mA,3000K, CRI>97,Φ82*H93mm,36°,7W,AJ/CG,ARAD0775/30/36/B,https://i.ibb.co/9990JZPf/Tevel-black.png
Tevel,DDI085X,36V DC,150mA,3500K, CRI>97,Φ82*H93mm,15°,7W,AJ/CG,ARAD0775/35/15/W,https://i.ibb.co/ycDH7MvF/Tevel-white.png
Tevel,DDI085X,36V DC,150mA,3500K, CRI>97,Φ82*H93mm,15°,7W,AJ/CG,ARAD0775/35/15/B,https://i.ibb.co/9990JZPf/Tevel-black.png
Tevel,DDI085X,36V DC,150mA,3500K, CRI>97,Φ82*H93mm,24°,7W,AJ/CG,ARAD0775/35/24/W,https://i.ibb.co/ycDH7MvF/Tevel-white.png
Tevel,DDI085X,36V DC,150mA,3500K, CRI>97,Φ82*H93mm,24°,7W,AJ/CG,ARAD0775/35/24/B,https://i.ibb.co/9990JZPf/Tevel-black.png
Tevel,DDI085X,36V DC,150mA,3500K, CRI>97,Φ82*H93mm,36°,7W,AJ/CG,ARAD0775/35/36/W,https://i.ibb.co/ycDH7MvF/Tevel-white.png
Tevel,DDI085X,36V DC,150mA,3500K, CRI>97,Φ82*H93mm,36°,7W,AJ/CG,ARAD0775/35/36/B,https://i.ibb.co/9990JZPf/Tevel-black.png
Tevel,DDI085X,36V DC,150mA,4000K, CRI>97,Φ82*H93mm,15°,7W,AJ/CG,ARAD0775/40/15/W,https://i.ibb.co/ycDH7MvF/Tevel-white.png
Tevel,DDI085X,36V DC,150mA,4000K, CRI>97,Φ82*H93mm,15°,7W,AJ/CG,ARAD0775/40/15/B,https://i.ibb.co/9990JZPf/Tevel-black.png
Tevel,DDI085X,36V DC,150mA,4000K, CRI>97,Φ82*H93mm,24°,7W,AJ/CG,ARAD0775/40/24/W,https://i.ibb.co/ycDH7MvF/Tevel-white.png
Tevel,DDI085X,36V DC,150mA,4000K, CRI>97,Φ82*H93mm,24°,7W,AJ/CG,ARAD0775/40/24/B,https://i.ibb.co/9990JZPf/Tevel-black.png
Tevel,DDI085X,36V DC,150mA,4000K, CRI>97,Φ82*H93mm,36°,7W,AJ/CG,ARAD0775/40/36/W,https://i.ibb.co/ycDH7MvF/Tevel-white.png
Tevel,DDI085X,36V DC,150mA,4000K, CRI>97,Φ82*H93mm,36°,7W,AJ/CG,ARAD0775/40/36/B,https://i.ibb.co/9990JZPf/Tevel-black.png
Tevel,DDI085X,36V DC,150mA,5000K, CRI>97,Φ82*H93mm,15°,7W,AJ/CG,ARAD0775/50/15/W,https://i.ibb.co/ycDH7MvF/Tevel-white.png
Tevel,DDI085X,36V DC,150mA,5000K, CRI>97,Φ82*H93mm,15°,7W,AJ/CG,ARAD0775/50/15/B,https://i.ibb.co/9990JZPf/Tevel-black.png
Tevel,DDI085X,36V DC,150mA,5000K, CRI>97,Φ82*H93mm,24°,7W,AJ/CG,ARAD0775/50/24/W,https://i.ibb.co/ycDH7MvF/Tevel-white.png
Tevel,DDI085X,36V DC,150mA,5000K, CRI>97,Φ82*H93mm,24°,7W,AJ/CG,ARAD0775/50/24/B,https://i.ibb.co/9990JZPf/Tevel-black.png
Tevel,DDI085X,36V DC,150mA,5000K, CRI>97,Φ82*H93mm,36°,7W,AJ/CG,ARAD0775/50/36/W,https://i.ibb.co/ycDH7MvF/Tevel-white.png
Tevel,DDI085X,36V DC,150mA,5000K, CRI>97,Φ82*H93mm,36°,7W,AJ/CG,ARAD0775/50/36/B,https://i.ibb.co/9990JZPf/Tevel-black.png
Tevel Tunable,DDI085X,36V DC,150mA,2700K~6500K, CRI>97,Φ82*H93mm,15°,7W,AJ/CG,ARAD0775/CT/15/W,https://i.ibb.co/ycDH7MvF/Tevel-white.png
Tevel Tunable,DDI085X,36V DC,150mA,2700K~6500K, CRI>97,Φ82*H93mm,15°,7W,AJ/CG,ARAD0775/CT/15/B,https://i.ibb.co/9990JZPf/Tevel-black.png
Tevel Tunable,DDI085X,36V DC,150mA,2700K~6500K, CRI>97,Φ82*H93mm,24°,7W,AJ/CG,ARAD0775/CT/24/W,https://i.ibb.co/ycDH7MvF/Tevel-white.png
Tevel Tunable,DDI085X,36V DC,150mA,2700K~6500K, CRI>97,Φ82*H93mm,24°,7W,AJ/CG,ARAD0775/CT/24/B,https://i.ibb.co/9990JZPf/Tevel-black.png
Tevel Tunable,DDI085X,36V DC,150mA,2700K~6500K, CRI>97,Φ82*H93mm,36°,7W,AJ/CG,ARAD0775/CT/36/W,https://i.ibb.co/ycDH7MvF/Tevel-white.png
Tevel Tunable,DDI085X,36V DC,150mA,2700K~6500K, CRI>97,Φ82*H93mm,36°,7W,AJ/CG,ARAD0775/CT/36/B,https://i.ibb.co/9990JZPf/Tevel-black.png
Altair Mini,DTD075C,36V DC,160mA,2700K, CRI>97,Φ70*H107mm,15°,7W,AJ/CG,ARAS0735/27/15/W,https://i.ibb.co/XkktJG1y/Altair-mini-white.png
Altair Mini,DTD075C,36V DC,160mA,2700K, CRI>97,Φ70*H107mm,15°,7W,AJ/CG,ARAS0735/27/15/B,https://i.ibb.co/7NTLvYnw/Altair-mini-Black.png
Altair Mini,DTD075C,36V DC,160mA,2700K, CRI>97,Φ70*H107mm,15°,7W,AJ/CG,ARAS0735/27/15/CG,https://i.ibb.co/0p6PVgWK/Altair-mini-Champeign-Gold.png
Altair Mini,DTD075C,36V DC,160mA,2700K, CRI>97,Φ70*H107mm,15°,7W,AJ/CG,ARAS0735/27/15/RG,https://i.ibb.co/nNzy0n5z/Altair-mini-rose-gold.png
Altair Mini,DTD075C,36V DC,160mA,2700K, CRI>97,Φ70*H107mm,15°,7W,AJ/CG,ARAS0735/27/15/BR,https://i.ibb.co/Q3S9HhmD/Altair-mini-L-Brown.png
Altair Mini,DTD075C,36V DC,160mA,2700K, CRI>97,Φ70*H107mm,15°,7W,AJ/CG,ARAS0735/27/15/COF,https://i.ibb.co/wr7rGF2f/Altair-mini-cofee.png
Altair Mini,DTD075C,36V DC,160mA,2700K, CRI>97,Φ70*H107mm,15°,7W,AJ/CG,ARAS0735/27/15/DGR,https://i.ibb.co/RkQr3qQK/Altair-mini-dark-gray.png
Altair Mini,DTD075C,36V DC,160mA,2700K, CRI>97,Φ70*H107mm,15°,7W,AJ/CG,ARAS0735/27/15/BB,https://i.ibb.co/bg5c7DKD/Altair-mini-ballet-blue-new.png
Altair Mini,DTD075C,36V DC,160mA,2700K, CRI>97,Φ70*H107mm,15°,7W,AJ/CG,ARAS0735/27/15/CH,https://i.ibb.co/G4wyVYnT/Altair-mini-Chrome.png
Altair Mini,DTD075C,36V DC,160mA,2700K, CRI>97,Φ70*H107mm,15°,7W,AJ/CG,ARAS0735/27/15/CHB,https://i.ibb.co/PZsybzRz/Altair-mini-Chrome-Black.png
Altair Mini,DTD075C,36V DC,160mA,3000K, CRI>97,Φ70*H107mm,15°,7W,AJ/CG,ARAS0735/30/15/W,https://i.ibb.co/XkktJG1y/Altair-mini-white.png
Altair Mini,DTD075C,36V DC,160mA,3000K, CRI>97,Φ70*H107mm,15°,7W,AJ/CG,ARAS0735/30/15/B,https://i.ibb.co/7NTLvYnw/Altair-mini-Black.png
Altair Mini,DTD075C,36V DC,160mA,3000K, CRI>97,Φ70*H107mm,15°,7W,AJ/CG,ARAS0735/30/15/CG,https://i.ibb.co/0p6PVgWK/Altair-mini-Champeign-Gold.png
Altair Mini,DTD075C,36V DC,160mA,3000K, CRI>97,Φ70*H107mm,15°,7W,AJ/CG,ARAS0735/30/15/RG,https://i.ibb.co/nNzy0n5z/Altair-mini-rose-gold.png
Altair Mini,DTD075C,36V DC,160mA,3000K, CRI>97,Φ70*H107mm,15°,7W,AJ/CG,ARAS0735/30/15/BR,https://i.ibb.co/Q3S9HhmD/Altair-mini-L-Brown.png
Altair Mini,DTD075C,36V DC,160mA,3000K, CRI>97,Φ70*H107mm,15°,7W,AJ/CG,ARAS0735/30/15/COF,https://i.ibb.co/wr7rGF2f/Altair-mini-cofee.png
Altair Mini,DTD075C,36V DC,160mA,3000K, CRI>97,Φ70*H107mm,15°,7W,AJ/CG,ARAS0735/30/15/DGR,https://i.ibb.co/RkQr3qQK/Altair-mini-dark-gray.png
Altair Mini,DTD075C,36V DC,160mA,3000K, CRI>97,Φ70*H107mm,15°,7W,AJ/CG,ARAS0735/30/15/BB,https://i.ibb.co/bg5c7DKD/Altair-mini-ballet-blue-new.png
Altair Mini,DTD075C,36V DC,160mA,3000K, CRI>97,Φ70*H107mm,15°,7W,AJ/CG,ARAS0735/30/15/CH,https://i.ibb.co/G4wyVYnT/Altair-mini-Chrome.png
Altair Mini,DTD075C,36V DC,160mA,3000K, CRI>97,Φ70*H107mm,15°,7W,AJ/CG,ARAS0735/30/15/CHB,https://i.ibb.co/PZsybzRz/Altair-mini-Chrome-Black.png
Altair Mini,DTD075C,36V DC,160mA,3500K, CRI>97,Φ70*H107mm,15°,7W,AJ/CG,ARAS0735/35/15/W,https://i.ibb.co/XkktJG1y/Altair-mini-white.png
Altair Mini,DTD075C,36V DC,160mA,3500K, CRI>97,Φ70*H107mm,15°,7W,AJ/CG,ARAS0735/35/15/B,https://i.ibb.co/7NTLvYnw/Altair-mini-Black.png
Altair Mini,DTD075C,36V DC,160mA,3500K, CRI>97,Φ70*H107mm,15°,7W,AJ/CG,ARAS0735/35/15/CG,https://i.ibb.co/0p6PVgWK/Altair-mini-Champeign-Gold.png
Altair Mini,DTD075C,36V DC,160mA,3500K, CRI>97,Φ70*H107mm,15°,7W,AJ/CG,ARAS0735/35/15/RG,https://i.ibb.co/nNzy0n5z/Altair-mini-rose-gold.png
Altair Mini,DTD075C,36V DC,160mA,3500K, CRI>97,Φ70*H107mm,15°,7W,AJ/CG,ARAS0735/35/15/BR,https://i.ibb.co/Q3S9HhmD/Altair-mini-L-Brown.png
Altair Mini,DTD075C,36V DC,160mA,3500K, CRI>97,Φ70*H107mm,15°,7W,AJ/CG,ARAS0735/35/15/COF,https://i.ibb.co/wr7rGF2f/Altair-mini-cofee.png
Altair Mini,DTD075C,36V DC,160mA,3500K, CRI>97,Φ70*H107mm,15°,7W,AJ/CG,ARAS0735/35/15/DGR,https://i.ibb.co/RkQr3qQK/Altair-mini-dark-gray.png
Altair Mini,DTD075C,36V DC,160mA,3500K, CRI>97,Φ70*H107mm,15°,7W,AJ/CG,ARAS0735/35/15/BB,https://i.ibb.co/bg5c7DKD/Altair-mini-ballet-blue-new.png
Altair Mini,DTD075C,36V DC,160mA,3500K, CRI>97,Φ70*H107mm,15°,7W,AJ/CG,ARAS0735/35/15/CH,https://i.ibb.co/G4wyVYnT/Altair-mini-Chrome.png
Altair Mini,DTD075C,36V DC,160mA,3500K, CRI>97,Φ70*H107mm,15°,7W,AJ/CG,ARAS0735/35/15/CHB,https://i.ibb.co/PZsybzRz/Altair-mini-Chrome-Black.png
Altair Mini,DTD075C,36V DC,160mA,4000K, CRI>97,Φ70*H107mm,15°,7W,AJ/CG,ARAS0735/40/15/W,https://i.ibb.co/XkktJG1y/Altair-mini-white.png
Altair Mini,DTD075C,36V DC,160mA,4000K, CRI>97,Φ70*H107mm,15°,7W,AJ/CG,ARAS0735/40/15/B,https://i.ibb.co/7NTLvYnw/Altair-mini-Black.png
Altair Mini,DTD075C,36V DC,160mA,4000K, CRI>97,Φ70*H107mm,15°,7W,AJ/CG,ARAS0735/40/15/CG,https://i.ibb.co/0p6PVgWK/Altair-mini-Champeign-Gold.png
Altair Mini,DTD075C,36V DC,160mA,4000K, CRI>97,Φ70*H107mm,15°,7W,AJ/CG,ARAS0735/40/15/RG,https://i.ibb.co/nNzy0n5z/Altair-mini-rose-gold.png
Altair Mini,DTD075C,36V DC,160mA,4000K, CRI>97,Φ70*H107mm,15°,7W,AJ/CG,ARAS0735/40/15/BR,https://i.ibb.co/Q3S9HhmD/Altair-mini-L-Brown.png
Altair Mini,DTD075C,36V DC,160mA,4000K, CRI>97,Φ70*H107mm,15°,7W,AJ/CG,ARAS0735/40/15/COF,https://i.ibb.co/wr7rGF2f/Altair-mini-cofee.png
Altair Mini,DTD075C,36V DC,160mA,4000K, CRI>97,Φ70*H107mm,15°,7W,AJ/CG,ARAS0735/40/15/DGR,https://i.ibb.co/RkQr3qQK/Altair-mini-dark-gray.png
Altair Mini,DTD075C,36V DC,160mA,4000K, CRI>97,Φ70*H107mm,15°,7W,AJ/CG,ARAS0735/40/15/BB,https://i.ibb.co/bg5c7DKD/Altair-mini-ballet-blue-new.png
Altair Mini,DTD075C,36V DC,160mA,4000K, CRI>97,Φ70*H107mm,15°,7W,AJ/CG,ARAS0735/40/15/CH,https://i.ibb.co/G4wyVYnT/Altair-mini-Chrome.png
Altair Mini,DTD075C,36V DC,160mA,4000K, CRI>97,Φ70*H107mm,15°,7W,AJ/CG,ARAS0735/40/15/CHB,https://i.ibb.co/PZsybzRz/Altair-mini-Chrome-Black.png
Altair Mini,DTD075C,36V DC,160mA,5000K, CRI>97,Φ70*H107mm,15°,7W,AJ/CG,ARAS0735/50/15/W,https://i.ibb.co/XkktJG1y/Altair-mini-white.png
Altair Mini,DTD075C,36V DC,160mA,5000K, CRI>97,Φ70*H107mm,15°,7W,AJ/CG,ARAS0735/50/15/B,https://i.ibb.co/7NTLvYnw/Altair-mini-Black.png
Altair Mini,DTD075C,36V DC,160mA,5000K, CRI>97,Φ70*H107mm,15°,7W,AJ/CG,ARAS0735/50/15/CG,https://i.ibb.co/0p6PVgWK/Altair-mini-Champeign-Gold.png
Altair Mini,DTD075C,36V DC,160mA,5000K, CRI>97,Φ70*H107mm,15°,7W,AJ/CG,ARAS0735/50/15/RG,https://i.ibb.co/nNzy0n5z/Altair-mini-rose-gold.png
Altair Mini,DTD075C,36V DC,160mA,5000K, CRI>97,Φ70*H107mm,15°,7W,AJ/CG,ARAS0735/50/15/BR,https://i.ibb.co/Q3S9HhmD/Altair-mini-L-Brown.png
Altair Mini,DTD075C,36V DC,160mA,5000K, CRI>97,Φ70*H107mm,15°,7W,AJ/CG,ARAS0735/50/15/COF,https://i.ibb.co/wr7rGF2f/Altair-mini-cofee.png
Altair Mini,DTD075C,36V DC,160mA,5000K, CRI>97,Φ70*H107mm,15°,7W,AJ/CG,ARAS0735/50/15/DGR,https://i.ibb.co/RkQr3qQK/Altair-mini-dark-gray.png
Altair Mini,DTD075C,36V DC,160mA,5000K, CRI>97,Φ70*H107mm,15°,7W,AJ/CG,ARAS0735/50/15/BB,https://i.ibb.co/bg5c7DKD/Altair-mini-ballet-blue-new.png
Altair Mini,DTD075C,36V DC,160mA,5000K, CRI>97,Φ70*H107mm,15°,7W,AJ/CG,ARAS0735/50/15/CH,https://i.ibb.co/G4wyVYnT/Altair-mini-Chrome.png
Altair Mini,DTD075C,36V DC,160mA,5000K, CRI>97,Φ70*H107mm,15°,7W,AJ/CG,ARAS0735/50/15/CHB,https://i.ibb.co/PZsybzRz/Altair-mini-Chrome-Black.png
Altair Mini,DTD075C,36V DC,160mA,2700K, CRI>97,Φ70*H107mm,24°,7W,AJ/CG,ARAS0735/27/24/W,https://i.ibb.co/XkktJG1y/Altair-mini-white.png
Altair Mini,DTD075C,36V DC,160mA,2700K, CRI>97,Φ70*H107mm,24°,7W,AJ/CG,ARAS0735/27/24/B,https://i.ibb.co/7NTLvYnw/Altair-mini-Black.png
Altair Mini,DTD075C,36V DC,160mA,2700K, CRI>97,Φ70*H107mm,24°,7W,AJ/CG,ARAS0735/27/24/CG,https://i.ibb.co/0p6PVgWK/Altair-mini-Champeign-Gold.png
Altair Mini,DTD075C,36V DC,160mA,2700K, CRI>97,Φ70*H107mm,24°,7W,AJ/CG,ARAS0735/27/24/RG,https://i.ibb.co/nNzy0n5z/Altair-mini-rose-gold.png
Altair Mini,DTD075C,36V DC,160mA,2700K, CRI>97,Φ70*H107mm,24°,7W,AJ/CG,ARAS0735/27/24/BR,https://i.ibb.co/Q3S9HhmD/Altair-mini-L-Brown.png
Altair Mini,DTD075C,36V DC,160mA,2700K, CRI>97,Φ70*H107mm,24°,7W,AJ/CG,ARAS0735/27/24/COF,https://i.ibb.co/wr7rGF2f/Altair-mini-cofee.png
Altair Mini,DTD075C,36V DC,160mA,2700K, CRI>97,Φ70*H107mm,24°,7W,AJ/CG,ARAS0735/27/24/DGR,https://i.ibb.co/RkQr3qQK/Altair-mini-dark-gray.png
Altair Mini,DTD075C,36V DC,160mA,2700K, CRI>97,Φ70*H107mm,24°,7W,AJ/CG,ARAS0735/27/24/BB,https://i.ibb.co/bg5c7DKD/Altair-mini-ballet-blue-new.png
Altair Mini,DTD075C,36V DC,160mA,2700K, CRI>97,Φ70*H107mm,24°,7W,AJ/CG,ARAS0735/27/24/CH,https://i.ibb.co/G4wyVYnT/Altair-mini-Chrome.png
Altair Mini,DTD075C,36V DC,160mA,2700K, CRI>97,Φ70*H107mm,24°,7W,AJ/CG,ARAS0735/27/24/CHB,https://i.ibb.co/PZsybzRz/Altair-mini-Chrome-Black.png
Altair Mini,DTD075C,36V DC,160mA,3000K, CRI>97,Φ70*H107mm,24°,7W,AJ/CG,ARAS0735/30/24/W,https://i.ibb.co/XkktJG1y/Altair-mini-white.png
Altair Mini,DTD075C,36V DC,160mA,3000K, CRI>97,Φ70*H107mm,24°,7W,AJ/CG,ARAS0735/30/24/B,https://i.ibb.co/7NTLvYnw/Altair-mini-Black.png
Altair Mini,DTD075C,36V DC,160mA,3000K, CRI>97,Φ70*H107mm,24°,7W,AJ/CG,ARAS0735/30/24/CG,https://i.ibb.co/0p6PVgWK/Altair-mini-Champeign-Gold.png
Altair Mini,DTD075C,36V DC,160mA,3000K, CRI>97,Φ70*H107mm,24°,7W,AJ/CG,ARAS0735/30/24/RG,https://i.ibb.co/nNzy0n5z/Altair-mini-rose-gold.png
Altair Mini,DTD075C,36V DC,160mA,3000K, CRI>97,Φ70*H107mm,24°,7W,AJ/CG,ARAS0735/30/24/BR,https://i.ibb.co/Q3S9HhmD/Altair-mini-L-Brown.png
Altair Mini,DTD075C,36V DC,160mA,3000K, CRI>97,Φ70*H107mm,24°,7W,AJ/CG,ARAS0735/30/24/COF,https://i.ibb.co/wr7rGF2f/Altair-mini-cofee.png
Altair Mini,DTD075C,36V DC,160mA,3000K, CRI>97,Φ70*H107mm,24°,7W,AJ/CG,ARAS0735/30/24/DGR,https://i.ibb.co/RkQr3qQK/Altair-mini-dark-gray.png
Altair Mini,DTD075C,36V DC,160mA,3000K, CRI>97,Φ70*H107mm,24°,7W,AJ/CG,ARAS0735/30/24/BB,https://i.ibb.co/bg5c7DKD/Altair-mini-ballet-blue-new.png
Altair Mini,DTD075C,36V DC,160mA,3000K, CRI>97,Φ70*H107mm,24°,7W,AJ/CG,ARAS0735/30/24/CH,https://i.ibb.co/G4wyVYnT/Altair-mini-Chrome.png
Altair Mini,DTD075C,36V DC,160mA,3000K, CRI>97,Φ70*H107mm,24°,7W,AJ/CG,ARAS0735/30/24/CHB,https://i.ibb.co/PZsybzRz/Altair-mini-Chrome-Black.png
Altair Mini,DTD075C,36V DC,160mA,3500K, CRI>97,Φ70*H107mm,24°,7W,AJ/CG,ARAS0735/35/24/W,https://i.ibb.co/XkktJG1y/Altair-mini-white.png
Altair Mini,DTD075C,36V DC,160mA,3500K, CRI>97,Φ70*H107mm,24°,7W,AJ/CG,ARAS0735/35/24/B,https://i.ibb.co/7NTLvYnw/Altair-mini-Black.png
Altair Mini,DTD075C,36V DC,160mA,3500K, CRI>97,Φ70*H107mm,24°,7W,AJ/CG,ARAS0735/35/24/CG,https://i.ibb.co/0p6PVgWK/Altair-mini-Champeign-Gold.png
Altair Mini,DTD075C,36V DC,160mA,3500K, CRI>97,Φ70*H107mm,24°,7W,AJ/CG,ARAS0735/35/24/RG,https://i.ibb.co/nNzy0n5z/Altair-mini-rose-gold.png
Altair Mini,DTD075C,36V DC,160mA,3500K, CRI>97,Φ70*H107mm,24°,7W,AJ/CG,ARAS0735/35/24/BR,https://i.ibb.co/Q3S9HhmD/Altair-mini-L-Brown.png
Altair Mini,DTD075C,36V DC,160mA,3500K, CRI>97,Φ70*H107mm,24°,7W,AJ/CG,ARAS0735/35/24/COF,https://i.ibb.co/wr7rGF2f/Altair-mini-cofee.png
Altair Mini,DTD075C,36V DC,160mA,3500K, CRI>97,Φ70*H107mm,24°,7W,AJ/CG,ARAS0735/35/24/DGR,https://i.ibb.co/RkQr3qQK/Altair-mini-dark-gray.png
Altair Mini,DTD075C,36V DC,160mA,3500K, CRI>97,Φ70*H107mm,24°,7W,AJ/CG,ARAS0735/35/24/BB,https://i.ibb.co/bg5c7DKD/Altair-mini-ballet-blue-new.png
Altair Mini,DTD075C,36V DC,160mA,3500K, CRI>97,Φ70*H107mm,24°,7W,AJ/CG,ARAS0735/35/24/CH,https://i.ibb.co/G4wyVYnT/Altair-mini-Chrome.png
Altair Mini,DTD075C,36V DC,160mA,3500K, CRI>97,Φ70*H107mm,24°,7W,AJ/CG,ARAS0735/35/24/CHB,https://i.ibb.co/PZsybzRz/Altair-mini-Chrome-Black.png
Altair Mini,DTD075C,36V DC,160mA,4000K, CRI>97,Φ70*H107mm,24°,7W,AJ/CG,ARAS0735/40/24/W,https://i.ibb.co/XkktJG1y/Altair-mini-white.png
Altair Mini,DTD075C,36V DC,160mA,4000K, CRI>97,Φ70*H107mm,24°,7W,AJ/CG,ARAS0735/40/24/B,https://i.ibb.co/7NTLvYnw/Altair-mini-Black.png
Altair Mini,DTD075C,36V DC,160mA,4000K, CRI>97,Φ70*H107mm,24°,7W,AJ/CG,ARAS0735/40/24/CG,https://i.ibb.co/0p6PVgWK/Altair-mini-Champeign-Gold.png
Altair Mini,DTD075C,36V DC,160mA,4000K, CRI>97,Φ70*H107mm,24°,7W,AJ/CG,ARAS0735/40/24/RG,https://i.ibb.co/nNzy0n5z/Altair-mini-rose-gold.png
Altair Mini,DTD075C,36V DC,160mA,4000K, CRI>97,Φ70*H107mm,24°,7W,AJ/CG,ARAS0735/40/24/BR,https://i.ibb.co/Q3S9HhmD/Altair-mini-L-Brown.png
Altair Mini,DTD075C,36V DC,160mA,4000K, CRI>97,Φ70*H107mm,24°,7W,AJ/CG,ARAS0735/40/24/COF,https://i.ibb.co/wr7rGF2f/Altair-mini-cofee.png
Altair Mini,DTD075C,36V DC,160mA,4000K, CRI>97,Φ70*H107mm,24°,7W,AJ/CG,ARAS0735/40/24/DGR,https://i.ibb.co/RkQr3qQK/Altair-mini-dark-gray.png
Altair Mini,DTD075C,36V DC,160mA,4000K, CRI>97,Φ70*H107mm,24°,7W,AJ/CG,ARAS0735/40/24/BB,https://i.ibb.co/bg5c7DKD/Altair-mini-ballet-blue-new.png
Altair Mini,DTD075C,36V DC,160mA,4000K, CRI>97,Φ70*H107mm,24°,7W,AJ/CG,ARAS0735/40/24/CH,https://i.ibb.co/G4wyVYnT/Altair-mini-Chrome.png
Altair Mini,DTD075C,36V DC,160mA,4000K, CRI>97,Φ70*H107mm,24°,7W,AJ/CG,ARAS0735/40/24/CHB,https://i.ibb.co/PZsybzRz/Altair-mini-Chrome-Black.png
Altair Mini,DTD075C,36V DC,160mA,5000K, CRI>97,Φ70*H107mm,24°,7W,AJ/CG,ARAS0735/50/24/W,https://i.ibb.co/XkktJG1y/Altair-mini-white.png
Altair Mini,DTD075C,36V DC,160mA,5000K, CRI>97,Φ70*H107mm,24°,7W,AJ/CG,ARAS0735/50/24/B,https://i.ibb.co/7NTLvYnw/Altair-mini-Black.png
Altair Mini,DTD075C,36V DC,160mA,5000K, CRI>97,Φ70*H107mm,24°,7W,AJ/CG,ARAS0735/50/24/CG,https://i.ibb.co/0p6PVgWK/Altair-mini-Champeign-Gold.png
Altair Mini,DTD075C,36V DC,160mA,5000K, CRI>97,Φ70*H107mm,24°,7W,AJ/CG,ARAS0735/50/24/RG,https://i.ibb.co/nNzy0n5z/Altair-mini-rose-gold.png
Altair Mini,DTD075C,36V DC,160mA,5000K, CRI>97,Φ70*H107mm,24°,7W,AJ/CG,ARAS0735/50/24/BR,https://i.ibb.co/Q3S9HhmD/Altair-mini-L-Brown.png
Altair Mini,DTD075C,36V DC,160mA,5000K, CRI>97,Φ70*H107mm,24°,7W,AJ/CG,ARAS0735/50/24/COF,https://i.ibb.co/wr7rGF2f/Altair-mini-cofee.png
Altair Mini,DTD075C,36V DC,160mA,5000K, CRI>97,Φ70*H107mm,24°,7W,AJ/CG,ARAS0735/50/24/DGR,https://i.ibb.co/RkQr3qQK/Altair-mini-dark-gray.png
Altair Mini,DTD075C,36V DC,160mA,5000K, CRI>97,Φ70*H107mm,24°,7W,AJ/CG,ARAS0735/50/24/BB,https://i.ibb.co/bg5c7DKD/Altair-mini-ballet-blue-new.png
Altair Mini,DTD075C,36V DC,160mA,5000K, CRI>97,Φ70*H107mm,24°,7W,AJ/CG,ARAS0735/50/24/CH,https://i.ibb.co/G4wyVYnT/Altair-mini-Chrome.png
Altair Mini,DTD075C,36V DC,160mA,5000K, CRI>97,Φ70*H107mm,24°,7W,AJ/CG,ARAS0735/50/24/CHB,https://i.ibb.co/PZsybzRz/Altair-mini-Chrome-Black.png
Altair Mini,DTD075C,36V DC,160mA,2700K, CRI>97,Φ70*H107mm,36°,7W,AJ/CG,ARAS0735/27/36/W,https://i.ibb.co/XkktJG1y/Altair-mini-white.png
Altair Mini,DTD075C,36V DC,160mA,2700K, CRI>97,Φ70*H107mm,36°,7W,AJ/CG,ARAS0735/27/36/B,https://i.ibb.co/7NTLvYnw/Altair-mini-Black.png
Altair Mini,DTD075C,36V DC,160mA,2700K, CRI>97,Φ70*H107mm,36°,7W,AJ/CG,ARAS0735/27/36/CG,https://i.ibb.co/0p6PVgWK/Altair-mini-Champeign-Gold.png
Altair Mini,DTD075C,36V DC,160mA,2700K, CRI>97,Φ70*H107mm,36°,7W,AJ/CG,ARAS0735/27/36/RG,https://i.ibb.co/nNzy0n5z/Altair-mini-rose-gold.png
Altair Mini,DTD075C,36V DC,160mA,2700K, CRI>97,Φ70*H107mm,36°,7W,AJ/CG,ARAS0735/27/36/BR,https://i.ibb.co/Q3S9HhmD/Altair-mini-L-Brown.png
Altair Mini,DTD075C,36V DC,160mA,2700K, CRI>97,Φ70*H107mm,36°,7W,AJ/CG,ARAS0735/27/36/COF,https://i.ibb.co/wr7rGF2f/Altair-mini-cofee.png
Altair Mini,DTD075C,36V DC,160mA,2700K, CRI>97,Φ70*H107mm,36°,7W,AJ/CG,ARAS0735/27/36/DGR,https://i.ibb.co/RkQr3qQK/Altair-mini-dark-gray.png
Altair Mini,DTD075C,36V DC,160mA,2700K, CRI>97,Φ70*H107mm,36°,7W,AJ/CG,ARAS0735/27/36/BB,https://i.ibb.co/bg5c7DKD/Altair-mini-ballet-blue-new.png
Altair Mini,DTD075C,36V DC,160mA,2700K, CRI>97,Φ70*H107mm,36°,7W,AJ/CG,ARAS0735/27/36/CH,https://i.ibb.co/G4wyVYnT/Altair-mini-Chrome.png
Altair Mini,DTD075C,36V DC,160mA,2700K, CRI>97,Φ70*H107mm,36°,7W,AJ/CG,ARAS0735/27/36/CHB,https://i.ibb.co/PZsybzRz/Altair-mini-Chrome-Black.png
Altair Mini,DTD075C,36V DC,160mA,3000K, CRI>97,Φ70*H107mm,36°,7W,AJ/CG,ARAS0735/30/36/W,https://i.ibb.co/XkktJG1y/Altair-mini-white.png
Altair Mini,DTD075C,36V DC,160mA,3000K, CRI>97,Φ70*H107mm,36°,7W,AJ/CG,ARAS0735/30/36/B,https://i.ibb.co/7NTLvYnw/Altair-mini-Black.png
Altair Mini,DTD075C,36V DC,160mA,3000K, CRI>97,Φ70*H107mm,36°,7W,AJ/CG,ARAS0735/30/36/CG,https://i.ibb.co/0p6PVgWK/Altair-mini-Champeign-Gold.png
Altair Mini,DTD075C,36V DC,160mA,3000K, CRI>97,Φ70*H107mm,36°,7W,AJ/CG,ARAS0735/30/36/RG,https://i.ibb.co/nNzy0n5z/Altair-mini-rose-gold.png
Altair Mini,DTD075C,36V DC,160mA,3000K, CRI>97,Φ70*H107mm,36°,7W,AJ/CG,ARAS0735/30/36/BR,https://i.ibb.co/Q3S9HhmD/Altair-mini-L-Brown.png
Altair Mini,DTD075C,36V DC,160mA,3000K, CRI>97,Φ70*H107mm,36°,7W,AJ/CG,ARAS0735/30/36/COF,https://i.ibb.co/wr7rGF2f/Altair-mini-cofee.png
Altair Mini,DTD075C,36V DC,160mA,3000K, CRI>97,Φ70*H107mm,36°,7W,AJ/CG,ARAS0735/30/36/DGR,https://i.ibb.co/RkQr3qQK/Altair-mini-dark-gray.png
Altair Mini,DTD075C,36V DC,160mA,3000K, CRI>97,Φ70*H107mm,36°,7W,AJ/CG,ARAS0735/30/36/BB,https://i.ibb.co/bg5c7DKD/Altair-mini-ballet-blue-new.png
Altair Mini,DTD075C,36V DC,160mA,3000K, CRI>97,Φ70*H107mm,36°,7W,AJ/CG,ARAS0735/30/36/CH,https://i.ibb.co/G4wyVYnT/Altair-mini-Chrome.png
Altair Mini,DTD075C,36V DC,160mA,3000K, CRI>97,Φ70*H107mm,36°,7W,AJ/CG,ARAS0735/30/36/CHB,https://i.ibb.co/PZsybzRz/Altair-mini-Chrome-Black.png
Altair Mini,DTD075C,36V DC,160mA,3500K, CRI>97,Φ70*H107mm,36°,7W,AJ/CG,ARAS0735/35/36/W,https://i.ibb.co/XkktJG1y/Altair-mini-white.png
Altair Mini,DTD075C,36V DC,160mA,3500K, CRI>97,Φ70*H107mm,36°,7W,AJ/CG,ARAS0735/35/36/B,https://i.ibb.co/7NTLvYnw/Altair-mini-Black.png
Altair Mini,DTD075C,36V DC,160mA,3500K, CRI>97,Φ70*H107mm,36°,7W,AJ/CG,ARAS0735/35/36/CG,https://i.ibb.co/0p6PVgWK/Altair-mini-Champeign-Gold.png
Altair Mini,DTD075C,36V DC,160mA,3500K, CRI>97,Φ70*H107mm,36°,7W,AJ/CG,ARAS0735/35/36/RG,https://i.ibb.co/nNzy0n5z/Altair-mini-rose-gold.png
Altair Mini,DTD075C,36V DC,160mA,3500K, CRI>97,Φ70*H107mm,36°,7W,AJ/CG,ARAS0735/35/36/BR,https://i.ibb.co/Q3S9HhmD/Altair-mini-L-Brown.png
Altair Mini,DTD075C,36V DC,160mA,3500K, CRI>97,Φ70*H107mm,36°,7W,AJ/CG,ARAS0735/35/36/COF,https://i.ibb.co/wr7rGF2f/Altair-mini-cofee.png
Altair Mini,DTD075C,36V DC,160mA,3500K, CRI>97,Φ70*H107mm,36°,7W,AJ/CG,ARAS0735/35/36/DGR,https://i.ibb.co/RkQr3qQK/Altair-mini-dark-gray.png
Altair Mini,DTD075C,36V DC,160mA,3500K, CRI>97,Φ70*H107mm,36°,7W,AJ/CG,ARAS0735/35/36/BB,https://i.ibb.co/bg5c7DKD/Altair-mini-ballet-blue-new.png
Altair Mini,DTD075C,36V DC,160mA,3500K, CRI>97,Φ70*H107mm,36°,7W,AJ/CG,ARAS0735/35/36/CH,https://i.ibb.co/G4wyVYnT/Altair-mini-Chrome.png
Altair Mini,DTD075C,36V DC,160mA,3500K, CRI>97,Φ70*H107mm,36°,7W,AJ/CG,ARAS0735/35/36/CHB,https://i.ibb.co/PZsybzRz/Altair-mini-Chrome-Black.png
Altair Mini,DTD075C,36V DC,160mA,4000K, CRI>97,Φ70*H107mm,36°,7W,AJ/CG,ARAS0735/40/36/W,https://i.ibb.co/XkktJG1y/Altair-mini-white.png
Altair Mini,DTD075C,36V DC,160mA,4000K, CRI>97,Φ70*H107mm,36°,7W,AJ/CG,ARAS0735/40/36/B,https://i.ibb.co/7NTLvYnw/Altair-mini-Black.png
Altair Mini,DTD075C,36V DC,160mA,4000K, CRI>97,Φ70*H107mm,36°,7W,AJ/CG,ARAS0735/40/36/CG,https://i.ibb.co/0p6PVgWK/Altair-mini-Champeign-Gold.png
Altair Mini,DTD075C,36V DC,160mA,4000K, CRI>97,Φ70*H107mm,36°,7W,AJ/CG,ARAS0735/40/36/RG,https://i.ibb.co/nNzy0n5z/Altair-mini-rose-gold.png
Altair Mini,DTD075C,36V DC,160mA,4000K, CRI>97,Φ70*H107mm,36°,7W,AJ/CG,ARAS0735/40/36/BR,https://i.ibb.co/Q3S9HhmD/Altair-mini-L-Brown.png
Altair Mini,DTD075C,36V DC,160mA,4000K, CRI>97,Φ70*H107mm,36°,7W,AJ/CG,ARAS0735/40/36/COF,https://i.ibb.co/wr7rGF2f/Altair-mini-cofee.png
Altair Mini,DTD075C,36V DC,160mA,4000K, CRI>97,Φ70*H107mm,36°,7W,AJ/CG,ARAS0735/40/36/DGR,https://i.ibb.co/RkQr3qQK/Altair-mini-dark-gray.png
Altair Mini,DTD075C,36V DC,160mA,4000K, CRI>97,Φ70*H107mm,36°,7W,AJ/CG,ARAS0735/40/36/BB,https://i.ibb.co/bg5c7DKD/Altair-mini-ballet-blue-new.png
Altair Mini,DTD075C,36V DC,160mA,4000K, CRI>97,Φ70*H107mm,36°,7W,AJ/CG,ARAS0735/40/36/CH,https://i.ibb.co/G4wyVYnT/Altair-mini-Chrome.png
Altair Mini,DTD075C,36V DC,160mA,4000K, CRI>97,Φ70*H107mm,36°,7W,AJ/CG,ARAS0735/40/36/CHB,https://i.ibb.co/PZsybzRz/Altair-mini-Chrome-Black.png
Altair Mini,DTD075C,36V DC,160mA,5000K, CRI>97,Φ70*H107mm,36°,7W,AJ/CG,ARAS0735/50/36/W,https://i.ibb.co/XkktJG1y/Altair-mini-white.png
Altair Mini,DTD075C,36V DC,160mA,5000K, CRI>97,Φ70*H107mm,36°,7W,AJ/CG,ARAS0735/50/36/B,https://i.ibb.co/7NTLvYnw/Altair-mini-Black.png
Altair Mini,DTD075C,36V DC,160mA,5000K, CRI>97,Φ70*H107mm,36°,7W,AJ/CG,ARAS0735/50/36/CG,https://i.ibb.co/0p6PVgWK/Altair-mini-Champeign-Gold.png
Altair Mini,DTD075C,36V DC,160mA,5000K, CRI>97,Φ70*H107mm,36°,7W,AJ/CG,ARAS0735/50/36/RG,https://i.ibb.co/nNzy0n5z/Altair-mini-rose-gold.png
Altair Mini,DTD075C,36V DC,160mA,5000K, CRI>97,Φ70*H107mm,36°,7W,AJ/CG,ARAS0735/50/36/BR,https://i.ibb.co/Q3S9HhmD/Altair-mini-L-Brown.png
Altair Mini,DTD075C,36V DC,160mA,5000K, CRI>97,Φ70*H107mm,36°,7W,AJ/CG,ARAS0735/50/36/COF,https://i.ibb.co/wr7rGF2f/Altair-mini-cofee.png
Altair Mini,DTD075C,36V DC,160mA,5000K, CRI>97,Φ70*H107mm,36°,7W,AJ/CG,ARAS0735/50/36/DGR,https://i.ibb.co/RkQr3qQK/Altair-mini-dark-gray.png
Altair Mini,DTD075C,36V DC,160mA,5000K, CRI>97,Φ70*H107mm,36°,7W,AJ/CG,ARAS0735/50/36/BB,https://i.ibb.co/bg5c7DKD/Altair-mini-ballet-blue-new.png
Altair Mini,DTD075C,36V DC,160mA,5000K, CRI>97,Φ70*H107mm,36°,7W,AJ/CG,ARAS0735/50/36/CH,https://i.ibb.co/G4wyVYnT/Altair-mini-Chrome.png
Altair Mini,DTD075C,36V DC,160mA,5000K, CRI>97,Φ70*H107mm,36°,7W,AJ/CG,ARAS0735/50/36/CHB,https://i.ibb.co/PZsybzRz/Altair-mini-Chrome-Black.png
Altair Mini,DTD075C,36V DC,160mA,2700K, CRI>97,Φ70*H107mm,15°~45° Zoom,7W,AJ/CG,ARAS0735/27/Z/W,https://i.ibb.co/XkktJG1y/Altair-mini-white.png
Altair Mini,DTD075C,36V DC,160mA,2700K, CRI>97,Φ70*H107mm,15°~45° Zoom,7W,AJ/CG,ARAS0735/27/Z/B,https://i.ibb.co/7NTLvYnw/Altair-mini-Black.png
Altair Mini,DTD075C,36V DC,160mA,2700K, CRI>97,Φ70*H107mm,15°~45° Zoom,7W,AJ/CG,ARAS0735/27/Z/CG,https://i.ibb.co/0p6PVgWK/Altair-mini-Champeign-Gold.png
Altair Mini,DTD075C,36V DC,160mA,2700K, CRI>97,Φ70*H107mm,15°~45° Zoom,7W,AJ/CG,ARAS0735/27/Z/RG,https://i.ibb.co/nNzy0n5z/Altair-mini-rose-gold.png
Altair Mini,DTD075C,36V DC,160mA,2700K, CRI>97,Φ70*H107mm,15°~45° Zoom,7W,AJ/CG,ARAS0735/27/Z/BR,https://i.ibb.co/Q3S9HhmD/Altair-mini-L-Brown.png
Altair Mini,DTD075C,36V DC,160mA,2700K, CRI>97,Φ70*H107mm,15°~45° Zoom,7W,AJ/CG,ARAS0735/27/Z/COF,https://i.ibb.co/wr7rGF2f/Altair-mini-cofee.png
Altair Mini,DTD075C,36V DC,160mA,2700K, CRI>97,Φ70*H107mm,15°~45° Zoom,7W,AJ/CG,ARAS0735/27/Z/DGR,https://i.ibb.co/RkQr3qQK/Altair-mini-dark-gray.png
Altair Mini,DTD075C,36V DC,160mA,2700K, CRI>97,Φ70*H107mm,15°~45° Zoom,7W,AJ/CG,ARAS0735/27/Z/BB,https://i.ibb.co/bg5c7DKD/Altair-mini-ballet-blue-new.png
Altair Mini,DTD075C,36V DC,160mA,2700K, CRI>97,Φ70*H107mm,15°~45° Zoom,7W,AJ/CG,ARAS0735/27/Z/CH,https://i.ibb.co/G4wyVYnT/Altair-mini-Chrome.png
Altair Mini,DTD075C,36V DC,160mA,2700K, CRI>97,Φ70*H107mm,15°~45° Zoom,7W,AJ/CG,ARAS0735/27/Z/CHB,https://i.ibb.co/PZsybzRz/Altair-mini-Chrome-Black.png
Altair Mini,DTD075C,36V DC,160mA,3000K, CRI>97,Φ70*H107mm,15°~45° Zoom,7W,AJ/CG,ARAS0735/30/Z/W,https://i.ibb.co/XkktJG1y/Altair-mini-white.png
Altair Mini,DTD075C,36V DC,160mA,3000K, CRI>97,Φ70*H107mm,15°~45° Zoom,7W,AJ/CG,ARAS0735/30/Z/B,https://i.ibb.co/7NTLvYnw/Altair-mini-Black.png
Altair Mini,DTD075C,36V DC,160mA,3000K, CRI>97,Φ70*H107mm,15°~45° Zoom,7W,AJ/CG,ARAS0735/30/Z/CG,https://i.ibb.co/0p6PVgWK/Altair-mini-Champeign-Gold.png
Altair Mini,DTD075C,36V DC,160mA,3000K, CRI>97,Φ70*H107mm,15°~45° Zoom,7W,AJ/CG,ARAS0735/30/Z/RG,https://i.ibb.co/nNzy0n5z/Altair-mini-rose-gold.png
Altair Mini,DTD075C,36V DC,160mA,3000K, CRI>97,Φ70*H107mm,15°~45° Zoom,7W,AJ/CG,ARAS0735/30/Z/BR,https://i.ibb.co/Q3S9HhmD/Altair-mini-L-Brown.png
Altair Mini,DTD075C,36V DC,160mA,3000K, CRI>97,Φ70*H107mm,15°~45° Zoom,7W,AJ/CG,ARAS0735/30/Z/COF,https://i.ibb.co/wr7rGF2f/Altair-mini-cofee.png
Altair Mini,DTD075C,36V DC,160mA,3000K, CRI>97,Φ70*H107mm,15°~45° Zoom,7W,AJ/CG,ARAS0735/30/Z/DGR,https://i.ibb.co/RkQr3qQK/Altair-mini-dark-gray.png
Altair Mini,DTD075C,36V DC,160mA,3000K, CRI>97,Φ70*H107mm,15°~45° Zoom,7W,AJ/CG,ARAS0735/30/Z/BB,https://i.ibb.co/bg5c7DKD/Altair-mini-ballet-blue-new.png
Altair Mini,DTD075C,36V DC,160mA,3000K, CRI>97,Φ70*H107mm,15°~45° Zoom,7W,AJ/CG,ARAS0735/30/Z/CH,https://i.ibb.co/G4wyVYnT/Altair-mini-Chrome.png
Altair Mini,DTD075C,36V DC,160mA,3000K, CRI>97,Φ70*H107mm,15°~45° Zoom,7W,AJ/CG,ARAS0735/30/Z/CHB,https://i.ibb.co/PZsybzRz/Altair-mini-Chrome-Black.png
Altair Mini,DTD075C,36V DC,160mA,3500K, CRI>97,Φ70*H107mm,15°~45° Zoom,7W,AJ/CG,ARAS0735/35/Z/W,https://i.ibb.co/XkktJG1y/Altair-mini-white.png
Altair Mini,DTD075C,36V DC,160mA,3500K, CRI>97,Φ70*H107mm,15°~45° Zoom,7W,AJ/CG,ARAS0735/35/Z/B,https://i.ibb.co/7NTLvYnw/Altair-mini-Black.png
Altair Mini,DTD075C,36V DC,160mA,3500K, CRI>97,Φ70*H107mm,15°~45° Zoom,7W,AJ/CG,ARAS0735/35/Z/CG,https://i.ibb.co/0p6PVgWK/Altair-mini-Champeign-Gold.png
Altair Mini,DTD075C,36V DC,160mA,3500K, CRI>97,Φ70*H107mm,15°~45° Zoom,7W,AJ/CG,ARAS0735/35/Z/RG,https://i.ibb.co/nNzy0n5z/Altair-mini-rose-gold.png
Altair Mini,DTD075C,36V DC,160mA,3500K, CRI>97,Φ70*H107mm,15°~45° Zoom,7W,AJ/CG,ARAS0735/35/Z/BR,https://i.ibb.co/Q3S9HhmD/Altair-mini-L-Brown.png
Altair Mini,DTD075C,36V DC,160mA,3500K, CRI>97,Φ70*H107mm,15°~45° Zoom,7W,AJ/CG,ARAS0735/35/Z/COF,https://i.ibb.co/wr7rGF2f/Altair-mini-cofee.png
Altair Mini,DTD075C,36V DC,160mA,3500K, CRI>97,Φ70*H107mm,15°~45° Zoom,7W,AJ/CG,ARAS0735/35/Z/DGR,https://i.ibb.co/RkQr3qQK/Altair-mini-dark-gray.png
Altair Mini,DTD075C,36V DC,160mA,3500K, CRI>97,Φ70*H107mm,15°~45° Zoom,7W,AJ/CG,ARAS0735/35/Z/BB,https://i.ibb.co/bg5c7DKD/Altair-mini-ballet-blue-new.png
Altair Mini,DTD075C,36V DC,160mA,3500K, CRI>97,Φ70*H107mm,15°~45° Zoom,7W,AJ/CG,ARAS0735/35/Z/CH,https://i.ibb.co/G4wyVYnT/Altair-mini-Chrome.png
Altair Mini,DTD075C,36V DC,160mA,3500K, CRI>97,Φ70*H107mm,15°~45° Zoom,7W,AJ/CG,ARAS0735/35/Z/CHB,https://i.ibb.co/PZsybzRz/Altair-mini-Chrome-Black.png
Altair Mini,DTD075C,36V DC,160mA,4000K, CRI>97,Φ70*H107mm,15°~45° Zoom,7W,AJ/CG,ARAS0735/40/Z/W,https://i.ibb.co/XkktJG1y/Altair-mini-white.png
Altair Mini,DTD075C,36V DC,160mA,4000K, CRI>97,Φ70*H107mm,15°~45° Zoom,7W,AJ/CG,ARAS0735/40/Z/B,https://i.ibb.co/7NTLvYnw/Altair-mini-Black.png
Altair Mini,DTD075C,36V DC,160mA,4000K, CRI>97,Φ70*H107mm,15°~45° Zoom,7W,AJ/CG,ARAS0735/40/Z/CG,https://i.ibb.co/0p6PVgWK/Altair-mini-Champeign-Gold.png
Altair Mini,DTD075C,36V DC,160mA,4000K, CRI>97,Φ70*H107mm,15°~45° Zoom,7W,AJ/CG,ARAS0735/40/Z/RG,https://i.ibb.co/nNzy0n5z/Altair-mini-rose-gold.png
Altair Mini,DTD075C,36V DC,160mA,4000K, CRI>97,Φ70*H107mm,15°~45° Zoom,7W,AJ/CG,ARAS0735/40/Z/BR,https://i.ibb.co/Q3S9HhmD/Altair-mini-L-Brown.png
Altair Mini,DTD075C,36V DC,160mA,4000K, CRI>97,Φ70*H107mm,15°~45° Zoom,7W,AJ/CG,ARAS0735/40/Z/COF,https://i.ibb.co/wr7rGF2f/Altair-mini-cofee.png
Altair Mini,DTD075C,36V DC,160mA,4000K, CRI>97,Φ70*H107mm,15°~45° Zoom,7W,AJ/CG,ARAS0735/40/Z/DGR,https://i.ibb.co/RkQr3qQK/Altair-mini-dark-gray.png
Altair Mini,DTD075C,36V DC,160mA,4000K, CRI>97,Φ70*H107mm,15°~45° Zoom,7W,AJ/CG,ARAS0735/40/Z/BB,https://i.ibb.co/bg5c7DKD/Altair-mini-ballet-blue-new.png
Altair Mini,DTD075C,36V DC,160mA,4000K, CRI>97,Φ70*H107mm,15°~45° Zoom,7W,AJ/CG,ARAS0735/40/Z/CH,https://i.ibb.co/G4wyVYnT/Altair-mini-Chrome.png
Altair Mini,DTD075C,36V DC,160mA,4000K, CRI>97,Φ70*H107mm,15°~45° Zoom,7W,AJ/CG,ARAS0735/40/Z/CHB,https://i.ibb.co/PZsybzRz/Altair-mini-Chrome-Black.png
Altair Mini,DTD075C,36V DC,160mA,5000K, CRI>97,Φ70*H107mm,15°~45° Zoom,7W,AJ/CG,ARAS0735/50/Z/W,https://i.ibb.co/XkktJG1y/Altair-mini-white.png
Altair Mini,DTD075C,36V DC,160mA,5000K, CRI>97,Φ70*H107mm,15°~45° Zoom,7W,AJ/CG,ARAS0735/50/Z/B,https://i.ibb.co/7NTLvYnw/Altair-mini-Black.png
Altair Mini,DTD075C,36V DC,160mA,5000K, CRI>97,Φ70*H107mm,15°~45° Zoom,7W,AJ/CG,ARAS0735/50/Z/CG,https://i.ibb.co/0p6PVgWK/Altair-mini-Champeign-Gold.png
Altair Mini,DTD075C,36V DC,160mA,5000K, CRI>97,Φ70*H107mm,15°~45° Zoom,7W,AJ/CG,ARAS0735/50/Z/RG,https://i.ibb.co/nNzy0n5z/Altair-mini-rose-gold.png
Altair Mini,DTD075C,36V DC,160mA,5000K, CRI>97,Φ70*H107mm,15°~45° Zoom,7W,AJ/CG,ARAS0735/50/Z/BR,https://i.ibb.co/Q3S9HhmD/Altair-mini-L-Brown.png
Altair Mini,DTD075C,36V DC,160mA,5000K, CRI>97,Φ70*H107mm,15°~45° Zoom,7W,AJ/CG,ARAS0735/50/Z/COF,https://i.ibb.co/wr7rGF2f/Altair-mini-cofee.png
Altair Mini,DTD075C,36V DC,160mA,5000K, CRI>97,Φ70*H107mm,15°~45° Zoom,7W,AJ/CG,ARAS0735/50/Z/DGR,https://i.ibb.co/RkQr3qQK/Altair-mini-dark-gray.png
Altair Mini,DTD075C,36V DC,160mA,5000K, CRI>97,Φ70*H107mm,15°~45° Zoom,7W,AJ/CG,ARAS0735/50/Z/BB,https://i.ibb.co/bg5c7DKD/Altair-mini-ballet-blue-new.png
Altair Mini,DTD075C,36V DC,160mA,5000K, CRI>97,Φ70*H107mm,15°~45° Zoom,7W,AJ/CG,ARAS0735/50/Z/CH,https://i.ibb.co/G4wyVYnT/Altair-mini-Chrome.png
Altair Mini,DTD075C,36V DC,160mA,5000K, CRI>97,Φ70*H107mm,15°~45° Zoom,7W,AJ/CG,ARAS0735/50/Z/CHB,https://i.ibb.co/PZsybzRz/Altair-mini-Chrome-Black.png
Altair Mini Tunable,DTD075C,36V DC,160mA,2700K~6500K, CRI>97,Φ70*H107mm,15°,7W,AJ/CG,ARAS0735/CT/15/B,https://i.ibb.co/7NTLvYnw/Altair-mini-Black.png
Altair Mini Tunable,DTD075C,36V DC,160mA,2700K~6500K, CRI>97,Φ70*H107mm,15°,7W,AJ/CG,ARAS0735/CT/15/COF,https://i.ibb.co/wr7rGF2f/Altair-mini-cofee.png
Altair Mini Tunable,DTD075C,36V DC,160mA,2700K~6500K, CRI>97,Φ70*H107mm,15°,7W,AJ/CG,ARAS0735/CT/15/DGR,https://i.ibb.co/RkQr3qQK/Altair-mini-dark-gray.png
Altair Mini Tunable,DTD075C,36V DC,160mA,2700K~6500K, CRI>97,Φ70*H107mm,15°,7W,AJ/CG,ARAS0735/CT/15/BB,https://i.ibb.co/bg5c7DKD/Altair-mini-ballet-blue-new.png
Altair Mini Tunable,DTD075C,36V DC,160mA,2700K~6500K, CRI>97,Φ70*H107mm,15°,7W,AJ/CG,ARAS0735/CT/15/CH,https://i.ibb.co/G4wyVYnT/Altair-mini-Chrome.png
Altair Mini Tunable,DTD075C,36V DC,160mA,2700K~6500K, CRI>97,Φ70*H107mm,15°,7W,AJ/CG,ARAS0735/CT/15/W,https://i.ibb.co/XkktJG1y/Altair-mini-white.png
Altair Mini Tunable,DTD075C,36V DC,160mA,2700K~6500K, CRI>97,Φ70*H107mm,15°,7W,AJ/CG,ARAS0735/CT/15/CG,https://i.ibb.co/0p6PVgWK/Altair-mini-Champeign-Gold.png
Altair Mini Tunable,DTD075C,36V DC,160mA,2700K~6500K, CRI>97,Φ70*H107mm,15°,7W,AJ/CG,ARAS0735/CT/15/RG,https://i.ibb.co/nNzy0n5z/Altair-mini-rose-gold.png
Altair Mini Tunable,DTD075C,36V DC,160mA,2700K~6500K, CRI>97,Φ70*H107mm,15°,7W,AJ/CG,ARAS0735/CT/15/BR,https://i.ibb.co/Q3S9HhmD/Altair-mini-L-Brown.png
Altair Mini Tunable,DTD075C,36V DC,160mA,2700K~6500K, CRI>97,Φ70*H107mm,15°,7W,AJ/CG,ARAS0735/CT/15/CHB,https://i.ibb.co/PZsybzRz/Altair-mini-Chrome-Black.png
Altair Mini Tunable,DTD075C,36V DC,160mA,2700K~6500K, CRI>97,Φ70*H107mm,24°,7W,AJ/CG,ARAS0735/CT/24/W,https://i.ibb.co/XkktJG1y/Altair-mini-white.png
Altair Mini Tunable,DTD075C,36V DC,160mA,2700K~6500K, CRI>97,Φ70*H107mm,24°,7W,AJ/CG,ARAS0735/CT/24/CG,https://i.ibb.co/0p6PVgWK/Altair-mini-Champeign-Gold.png
Altair Mini Tunable,DTD075C,36V DC,160mA,2700K~6500K, CRI>97,Φ70*H107mm,24°,7W,AJ/CG,ARAS0735/CT/24/RG,https://i.ibb.co/nNzy0n5z/Altair-mini-rose-gold.png
Altair Mini Tunable,DTD075C,36V DC,160mA,2700K~6500K, CRI>97,Φ70*H107mm,24°,7W,AJ/CG,ARAS0735/CT/24/BR,https://i.ibb.co/Q3S9HhmD/Altair-mini-L-Brown.png
Altair Mini Tunable,DTD075C,36V DC,160mA,2700K~6500K, CRI>97,Φ70*H107mm,24°,7W,AJ/CG,ARAS0735/CT/24/CHB,https://i.ibb.co/PZsybzRz/Altair-mini-Chrome-Black.png
Altair Mini Tunable,DTD075C,36V DC,160mA,2700K~6500K, CRI>97,Φ70*H107mm,24°,7W,AJ/CG,ARAS0735/CT/24/B,https://i.ibb.co/7NTLvYnw/Altair-mini-Black.png
Altair Mini Tunable,DTD075C,36V DC,160mA,2700K~6500K, CRI>97,Φ70*H107mm,24°,7W,AJ/CG,ARAS0735/CT/24/COF,https://i.ibb.co/wr7rGF2f/Altair-mini-cofee.png
Altair Mini Tunable,DTD075C,36V DC,160mA,2700K~6500K, CRI>97,Φ70*H107mm,24°,7W,AJ/CG,ARAS0735/CT/24/DGR,https://i.ibb.co/RkQr3qQK/Altair-mini-dark-gray.png
Altair Mini Tunable,DTD075C,36V DC,160mA,2700K~6500K, CRI>97,Φ70*H107mm,24°,7W,AJ/CG,ARAS0735/CT/24/BB,https://i.ibb.co/bg5c7DKD/Altair-mini-ballet-blue-new.png
Altair Mini Tunable,DTD075C,36V DC,160mA,2700K~6500K, CRI>97,Φ70*H107mm,24°,7W,AJ/CG,ARAS0735/CT/24/CH,https://i.ibb.co/G4wyVYnT/Altair-mini-Chrome.png
Altair Mini Tunable,DTD075C,36V DC,160mA,2700K~6500K, CRI>97,Φ70*H107mm,36°,7W,AJ/CG,ARAS0735/CT/36/B,https://i.ibb.co/7NTLvYnw/Altair-mini-Black.png
Altair Mini Tunable,DTD075C,36V DC,160mA,2700K~6500K, CRI>97,Φ70*H107mm,36°,7W,AJ/CG,ARAS0735/CT/36/COF,https://i.ibb.co/wr7rGF2f/Altair-mini-cofee.png
Altair Mini Tunable,DTD075C,36V DC,160mA,2700K~6500K, CRI>97,Φ70*H107mm,36°,7W,AJ/CG,ARAS0735/CT/36/DGR,https://i.ibb.co/RkQr3qQK/Altair-mini-dark-gray.png
Altair Mini Tunable,DTD075C,36V DC,160mA,2700K~6500K, CRI>97,Φ70*H107mm,36°,7W,AJ/CG,ARAS0735/CT/36/BB,https://i.ibb.co/bg5c7DKD/Altair-mini-ballet-blue-new.png
Altair Mini Tunable,DTD075C,36V DC,160mA,2700K~6500K, CRI>97,Φ70*H107mm,36°,7W,AJ/CG,ARAS0735/CT/36/CH,https://i.ibb.co/G4wyVYnT/Altair-mini-Chrome.png
Altair Mini Tunable,DTD075C,36V DC,160mA,2700K~6500K, CRI>97,Φ70*H107mm,36°,7W,AJ/CG,ARAS0735/CT/36/W,https://i.ibb.co/XkktJG1y/Altair-mini-white.png
Altair Mini Tunable,DTD075C,36V DC,160mA,2700K~6500K, CRI>97,Φ70*H107mm,36°,7W,AJ/CG,ARAS0735/CT/36/CG,https://i.ibb.co/0p6PVgWK/Altair-mini-Champeign-Gold.png
Altair Mini Tunable,DTD075C,36V DC,160mA,2700K~6500K, CRI>97,Φ70*H107mm,36°,7W,AJ/CG,ARAS0735/CT/36/RG,https://i.ibb.co/nNzy0n5z/Altair-mini-rose-gold.png
Altair Mini Tunable,DTD075C,36V DC,160mA,2700K~6500K, CRI>97,Φ70*H107mm,36°,7W,AJ/CG,ARAS0735/CT/36/BR,https://i.ibb.co/Q3S9HhmD/Altair-mini-L-Brown.png
Altair Mini Tunable,DTD075C,36V DC,160mA,2700K~6500K, CRI>97,Φ70*H107mm,36°,7W,AJ/CG,ARAS0735/CT/36/CHB,https://i.ibb.co/PZsybzRz/Altair-mini-Chrome-Black.png
Altair Mini Tunable,DTD075C,36V DC,160mA,2700K~6500K, CRI>97,Φ70*H107mm,15°~45° Zoom,7W,AJ/CG,ARAS0735/CT/Z/B,https://i.ibb.co/7NTLvYnw/Altair-mini-Black.png
Altair Mini Tunable,DTD075C,36V DC,160mA,2700K~6500K, CRI>97,Φ70*H107mm,15°~45° Zoom,7W,AJ/CG,ARAS0735/CT/Z/COF,https://i.ibb.co/wr7rGF2f/Altair-mini-cofee.png
Altair Mini Tunable,DTD075C,36V DC,160mA,2700K~6500K, CRI>97,Φ70*H107mm,15°~45° Zoom,7W,AJ/CG,ARAS0735/CT/Z/DGR,https://i.ibb.co/RkQr3qQK/Altair-mini-dark-gray.png
Altair Mini Tunable,DTD075C,36V DC,160mA,2700K~6500K, CRI>97,Φ70*H107mm,15°~45° Zoom,7W,AJ/CG,ARAS0735/CT/Z/BB,https://i.ibb.co/bg5c7DKD/Altair-mini-ballet-blue-new.png
Altair Mini Tunable,DTD075C,36V DC,160mA,2700K~6500K, CRI>97,Φ70*H107mm,15°~45° Zoom,7W,AJ/CG,ARAS0735/CT/Z/CH,https://i.ibb.co/G4wyVYnT/Altair-mini-Chrome.png
Altair Mini Tunable,DTD075C,36V DC,160mA,2700K~6500K, CRI>97,Φ70*H107mm,15°~45° Zoom,7W,AJ/CG,ARAS0735/CT/Z/W,https://i.ibb.co/XkktJG1y/Altair-mini-white.png
Altair Mini Tunable,DTD075C,36V DC,160mA,2700K~6500K, CRI>97,Φ70*H107mm,15°~45° Zoom,7W,AJ/CG,ARAS0735/CT/Z/CG,https://i.ibb.co/0p6PVgWK/Altair-mini-Champeign-Gold.png
Altair Mini Tunable,DTD075C,36V DC,160mA,2700K~6500K, CRI>97,Φ70*H107mm,15°~45° Zoom,7W,AJ/CG,ARAS0735/CT/Z/RG,https://i.ibb.co/nNzy0n5z/Altair-mini-rose-gold.png
Altair Mini Tunable,DTD075C,36V DC,160mA,2700K~6500K, CRI>97,Φ70*H107mm,15°~45° Zoom,7W,AJ/CG,ARAS0735/CT/Z/BR,https://i.ibb.co/Q3S9HhmD/Altair-mini-L-Brown.png
Altair Mini Tunable,DTD075C,36V DC,160mA,2700K~6500K, CRI>97,Φ70*H107mm,15°~45° Zoom,7W,AJ/CG,ARAS0735/CT/Z/CHB,https://i.ibb.co/PZsybzRz/Altair-mini-Chrome-Black.png
Altair dyna,DTD075C,36V DC,160mA,2700K, CRI>97,Φ70*H107mm,15°,7W,AJ/CG,ARPS0750/27/15/B,https://i.ibb.co/PZGkB0V9/Altair-Dyna-03-mat-black-default.png
Altair dyna,DTD075C,36V DC,160mA,2700K, CRI>97,Φ70*H107mm,15°,7W,AJ/CG,ARPS0750/27/15/W,https://i.ibb.co/gNmZHxZ/Altair-Dyna-05-white.png
Altair dyna,DTD075C,36V DC,160mA,2700K, CRI>97,Φ70*H107mm,15°,7W,AJ/CG,ARPS0750/27/15/CG,https://i.ibb.co/4wrBkbXG/Altair-Dyna-04-champeing-gold.png
Altair dyna,DTD075C,36V DC,160mA,2700K, CRI>97,Φ70*H107mm,15°,7W,AJ/CG,ARPS0750/27/15/RG,https://i.ibb.co/DfLk9v2c/Altair-Dyna-08-rose-gold.png
Altair dyna,DTD075C,36V DC,160mA,2700K, CRI>97,Φ70*H107mm,15°,7W,AJ/CG,ARPS0750/27/15/BR,https://i.ibb.co/wr0kt7NZ/Altair-Dyna-10-brown.png
Altair dyna,DTD075C,36V DC,160mA,2700K, CRI>97,Φ70*H107mm,15°,7W,AJ/CG,ARPS0750/27/15/COF,https://i.ibb.co/jPZX9CSS/Altair-Dyna-07-coffee.png
Altair dyna,DTD075C,36V DC,160mA,2700K, CRI>97,Φ70*H107mm,15°,7W,AJ/CG,ARPS0750/27/15/DGR,https://i.ibb.co/KMXmkFK/Altair-Dyna-09-dark-gray-default-001.png
Altair dyna,DTD075C,36V DC,160mA,2700K, CRI>97,Φ70*H107mm,15°,7W,AJ/CG,ARPS0750/27/15/BB,https://i.ibb.co/d4KNJJ6j/Altair-Dyna-06-ballet-blue.png
Altair dyna,DTD075C,36V DC,160mA,2700K, CRI>97,Φ70*H107mm,15°,7W,AJ/CG,ARPS0750/27/15/CH,https://i.ibb.co/8J4HCPs/Altair-Dyna-01-chrome.png
Altair dyna,DTD075C,36V DC,160mA,2700K, CRI>97,Φ70*H107mm,15°,7W,AJ/CG,ARPS0750/27/15/CHB,https://i.ibb.co/Fqm7qr2r/Altair-Dyna-02-chrome-black.png
Altair dyna,DTD075C,36V DC,160mA,3000K, CRI>97,Φ70*H107mm,15°,7W,AJ/CG,ARPS0750/30/15/B,https://i.ibb.co/PZGkB0V9/Altair-Dyna-03-mat-black-default.png
Altair dyna,DTD075C,36V DC,160mA,3000K, CRI>97,Φ70*H107mm,15°,7W,AJ/CG,ARPS0750/30/15/W,https://i.ibb.co/gNmZHxZ/Altair-Dyna-05-white.png
Altair dyna,DTD075C,36V DC,160mA,3000K, CRI>97,Φ70*H107mm,15°,7W,AJ/CG,ARPS0750/30/15/CG,https://i.ibb.co/4wrBkbXG/Altair-Dyna-04-champeing-gold.png
Altair dyna,DTD075C,36V DC,160mA,3000K, CRI>97,Φ70*H107mm,15°,7W,AJ/CG,ARPS0750/30/15/RG,https://i.ibb.co/DfLk9v2c/Altair-Dyna-08-rose-gold.png
Altair dyna,DTD075C,36V DC,160mA,3000K, CRI>97,Φ70*H107mm,15°,7W,AJ/CG,ARPS0750/30/15/BR,https://i.ibb.co/wr0kt7NZ/Altair-Dyna-10-brown.png
Altair dyna,DTD075C,36V DC,160mA,3000K, CRI>97,Φ70*H107mm,15°,7W,AJ/CG,ARPS0750/30/15/COF,https://i.ibb.co/jPZX9CSS/Altair-Dyna-07-coffee.png
Altair dyna,DTD075C,36V DC,160mA,3000K, CRI>97,Φ70*H107mm,15°,7W,AJ/CG,ARPS0750/30/15/DGR,https://i.ibb.co/KMXmkFK/Altair-Dyna-09-dark-gray-default-001.png
Altair dyna,DTD075C,36V DC,160mA,3000K, CRI>97,Φ70*H107mm,15°,7W,AJ/CG,ARPS0750/30/15/BB,https://i.ibb.co/d4KNJJ6j/Altair-Dyna-06-ballet-blue.png
Altair dyna,DTD075C,36V DC,160mA,3000K, CRI>97,Φ70*H107mm,15°,7W,AJ/CG,ARPS0750/30/15/CH,https://i.ibb.co/8J4HCPs/Altair-Dyna-01-chrome.png
Altair dyna,DTD075C,36V DC,160mA,3000K, CRI>97,Φ70*H107mm,15°,7W,AJ/CG,ARPS0750/30/15/CHB,https://i.ibb.co/Fqm7qr2r/Altair-Dyna-02-chrome-black.png
Altair dyna,DTD075C,36V DC,160mA,3500K, CRI>97,Φ70*H107mm,15°,7W,AJ/CG,ARPS0750/35/15/B,https://i.ibb.co/PZGkB0V9/Altair-Dyna-03-mat-black-default.png
Altair dyna,DTD075C,36V DC,160mA,3500K, CRI>97,Φ70*H107mm,15°,7W,AJ/CG,ARPS0750/35/15/W,https://i.ibb.co/gNmZHxZ/Altair-Dyna-05-white.png
Altair dyna,DTD075C,36V DC,160mA,3500K, CRI>97,Φ70*H107mm,15°,7W,AJ/CG,ARPS0750/35/15/CG,https://i.ibb.co/4wrBkbXG/Altair-Dyna-04-champeing-gold.png
Altair dyna,DTD075C,36V DC,160mA,3500K, CRI>97,Φ70*H107mm,15°,7W,AJ/CG,ARPS0750/35/15/RG,https://i.ibb.co/DfLk9v2c/Altair-Dyna-08-rose-gold.png
Altair dyna,DTD075C,36V DC,160mA,3500K, CRI>97,Φ70*H107mm,15°,7W,AJ/CG,ARPS0750/35/15/BR,https://i.ibb.co/wr0kt7NZ/Altair-Dyna-10-brown.png
Altair dyna,DTD075C,36V DC,160mA,3500K, CRI>97,Φ70*H107mm,15°,7W,AJ/CG,ARPS0750/35/15/COF,https://i.ibb.co/jPZX9CSS/Altair-Dyna-07-coffee.png
Altair dyna,DTD075C,36V DC,160mA,3500K, CRI>97,Φ70*H107mm,15°,7W,AJ/CG,ARPS0750/35/15/DGR,https://i.ibb.co/KMXmkFK/Altair-Dyna-09-dark-gray-default-001.png
Altair dyna,DTD075C,36V DC,160mA,3500K, CRI>97,Φ70*H107mm,15°,7W,AJ/CG,ARPS0750/35/15/BB,https://i.ibb.co/d4KNJJ6j/Altair-Dyna-06-ballet-blue.png
Altair dyna,DTD075C,36V DC,160mA,3500K, CRI>97,Φ70*H107mm,15°,7W,AJ/CG,ARPS0750/35/15/CH,https://i.ibb.co/8J4HCPs/Altair-Dyna-01-chrome.png
Altair dyna,DTD075C,36V DC,160mA,3500K, CRI>97,Φ70*H107mm,15°,7W,AJ/CG,ARPS0750/35/15/CHB,https://i.ibb.co/Fqm7qr2r/Altair-Dyna-02-chrome-black.png
Altair dyna,DTD075C,36V DC,160mA,4000K, CRI>97,Φ70*H107mm,15°,7W,AJ/CG,ARPS0750/40/15/B,https://i.ibb.co/PZGkB0V9/Altair-Dyna-03-mat-black-default.png
Altair dyna,DTD075C,36V DC,160mA,4000K, CRI>97,Φ70*H107mm,15°,7W,AJ/CG,ARPS0750/40/15/W,https://i.ibb.co/gNmZHxZ/Altair-Dyna-05-white.png
Altair dyna,DTD075C,36V DC,160mA,4000K, CRI>97,Φ70*H107mm,15°,7W,AJ/CG,ARPS0750/40/15/CG,https://i.ibb.co/4wrBkbXG/Altair-Dyna-04-champeing-gold.png
Altair dyna,DTD075C,36V DC,160mA,4000K, CRI>97,Φ70*H107mm,15°,7W,AJ/CG,ARPS0750/40/15/RG,https://i.ibb.co/DfLk9v2c/Altair-Dyna-08-rose-gold.png
Altair dyna,DTD075C,36V DC,160mA,4000K, CRI>97,Φ70*H107mm,15°,7W,AJ/CG,ARPS0750/40/15/BR,https://i.ibb.co/wr0kt7NZ/Altair-Dyna-10-brown.png
Altair dyna,DTD075C,36V DC,160mA,4000K, CRI>97,Φ70*H107mm,15°,7W,AJ/CG,ARPS0750/40/15/COF,https://i.ibb.co/jPZX9CSS/Altair-Dyna-07-coffee.png
Altair dyna,DTD075C,36V DC,160mA,4000K, CRI>97,Φ70*H107mm,15°,7W,AJ/CG,ARPS0750/40/15/DGR,https://i.ibb.co/KMXmkFK/Altair-Dyna-09-dark-gray-default-001.png
Altair dyna,DTD075C,36V DC,160mA,4000K, CRI>97,Φ70*H107mm,15°,7W,AJ/CG,ARPS0750/40/15/BB,https://i.ibb.co/d4KNJJ6j/Altair-Dyna-06-ballet-blue.png
Altair dyna,DTD075C,36V DC,160mA,4000K, CRI>97,Φ70*H107mm,15°,7W,AJ/CG,ARPS0750/40/15/CH,https://i.ibb.co/8J4HCPs/Altair-Dyna-01-chrome.png
Altair dyna,DTD075C,36V DC,160mA,4000K, CRI>97,Φ70*H107mm,15°,7W,AJ/CG,ARPS0750/40/15/CHB,https://i.ibb.co/Fqm7qr2r/Altair-Dyna-02-chrome-black.png
Altair dyna,DTD075C,36V DC,160mA,5000K, CRI>97,Φ70*H107mm,15°,7W,AJ/CG,ARPS0750/50/15/B,https://i.ibb.co/PZGkB0V9/Altair-Dyna-03-mat-black-default.png
Altair dyna,DTD075C,36V DC,160mA,5000K, CRI>97,Φ70*H107mm,15°,7W,AJ/CG,ARPS0750/50/15/W,https://i.ibb.co/gNmZHxZ/Altair-Dyna-05-white.png
Altair dyna,DTD075C,36V DC,160mA,5000K, CRI>97,Φ70*H107mm,15°,7W,AJ/CG,ARPS0750/50/15/CG,https://i.ibb.co/4wrBkbXG/Altair-Dyna-04-champeing-gold.png
Altair dyna,DTD075C,36V DC,160mA,5000K, CRI>97,Φ70*H107mm,15°,7W,AJ/CG,ARPS0750/50/15/RG,https://i.ibb.co/DfLk9v2c/Altair-Dyna-08-rose-gold.png
Altair dyna,DTD075C,36V DC,160mA,5000K, CRI>97,Φ70*H107mm,15°,7W,AJ/CG,ARPS0750/50/15/BR,https://i.ibb.co/wr0kt7NZ/Altair-Dyna-10-brown.png
Altair dyna,DTD075C,36V DC,160mA,5000K, CRI>97,Φ70*H107mm,15°,7W,AJ/CG,ARPS0750/50/15/COF,https://i.ibb.co/jPZX9CSS/Altair-Dyna-07-coffee.png
Altair dyna,DTD075C,36V DC,160mA,5000K, CRI>97,Φ70*H107mm,15°,7W,AJ/CG,ARPS0750/50/15/DGR,https://i.ibb.co/KMXmkFK/Altair-Dyna-09-dark-gray-default-001.png
Altair dyna,DTD075C,36V DC,160mA,5000K, CRI>97,Φ70*H107mm,15°,7W,AJ/CG,ARPS0750/50/15/BB,https://i.ibb.co/d4KNJJ6j/Altair-Dyna-06-ballet-blue.png
Altair dyna,DTD075C,36V DC,160mA,5000K, CRI>97,Φ70*H107mm,15°,7W,AJ/CG,ARPS0750/50/15/CH,https://i.ibb.co/8J4HCPs/Altair-Dyna-01-chrome.png
Altair dyna,DTD075C,36V DC,160mA,5000K, CRI>97,Φ70*H107mm,15°,7W,AJ/CG,ARPS0750/50/15/CHB,https://i.ibb.co/Fqm7qr2r/Altair-Dyna-02-chrome-black.png
Altair dyna,DTD075C,36V DC,160mA,2700K, CRI>97,Φ70*H107mm,24°,7W,AJ/CG,ARPS0750/27/24/B,https://i.ibb.co/PZGkB0V9/Altair-Dyna-03-mat-black-default.png
Altair dyna,DTD075C,36V DC,160mA,2700K, CRI>97,Φ70*H107mm,24°,7W,AJ/CG,ARPS0750/27/24/W,https://i.ibb.co/gNmZHxZ/Altair-Dyna-05-white.png
Altair dyna,DTD075C,36V DC,160mA,2700K, CRI>97,Φ70*H107mm,24°,7W,AJ/CG,ARPS0750/27/24/CG,https://i.ibb.co/4wrBkbXG/Altair-Dyna-04-champeing-gold.png
Altair dyna,DTD075C,36V DC,160mA,2700K, CRI>97,Φ70*H107mm,24°,7W,AJ/CG,ARPS0750/27/24/RG,https://i.ibb.co/DfLk9v2c/Altair-Dyna-08-rose-gold.png
Altair dyna,DTD075C,36V DC,160mA,2700K, CRI>97,Φ70*H107mm,24°,7W,AJ/CG,ARPS0750/27/24/BR,https://i.ibb.co/wr0kt7NZ/Altair-Dyna-10-brown.png
Altair dyna,DTD075C,36V DC,160mA,2700K, CRI>97,Φ70*H107mm,24°,7W,AJ/CG,ARPS0750/27/24/COF,https://i.ibb.co/jPZX9CSS/Altair-Dyna-07-coffee.png
Altair dyna,DTD075C,36V DC,160mA,2700K, CRI>97,Φ70*H107mm,24°,7W,AJ/CG,ARPS0750/27/24/DGR,https://i.ibb.co/KMXmkFK/Altair-Dyna-09-dark-gray-default-001.png
Altair dyna,DTD075C,36V DC,160mA,2700K, CRI>97,Φ70*H107mm,24°,7W,AJ/CG,ARPS0750/27/24/BB,https://i.ibb.co/d4KNJJ6j/Altair-Dyna-06-ballet-blue.png
Altair dyna,DTD075C,36V DC,160mA,2700K, CRI>97,Φ70*H107mm,24°,7W,AJ/CG,ARPS0750/27/24/CH,https://i.ibb.co/8J4HCPs/Altair-Dyna-01-chrome.png
Altair dyna,DTD075C,36V DC,160mA,2700K, CRI>97,Φ70*H107mm,24°,7W,AJ/CG,ARPS0750/27/24/CHB,https://i.ibb.co/Fqm7qr2r/Altair-Dyna-02-chrome-black.png
Altair dyna,DTD075C,36V DC,160mA,3000K, CRI>97,Φ70*H107mm,24°,7W,AJ/CG,ARPS0750/30/24/B,https://i.ibb.co/PZGkB0V9/Altair-Dyna-03-mat-black-default.png
Altair dyna,DTD075C,36V DC,160mA,3000K, CRI>97,Φ70*H107mm,24°,7W,AJ/CG,ARPS0750/30/24/W,https://i.ibb.co/gNmZHxZ/Altair-Dyna-05-white.png
Altair dyna,DTD075C,36V DC,160mA,3000K, CRI>97,Φ70*H107mm,24°,7W,AJ/CG,ARPS0750/30/24/CG,https://i.ibb.co/4wrBkbXG/Altair-Dyna-04-champeing-gold.png
Altair dyna,DTD075C,36V DC,160mA,3000K, CRI>97,Φ70*H107mm,24°,7W,AJ/CG,ARPS0750/30/24/RG,https://i.ibb.co/DfLk9v2c/Altair-Dyna-08-rose-gold.png
Altair dyna,DTD075C,36V DC,160mA,3000K, CRI>97,Φ70*H107mm,24°,7W,AJ/CG,ARPS0750/30/24/BR,https://i.ibb.co/wr0kt7NZ/Altair-Dyna-10-brown.png
Altair dyna,DTD075C,36V DC,160mA,3000K, CRI>97,Φ70*H107mm,24°,7W,AJ/CG,ARPS0750/30/24/COF,https://i.ibb.co/jPZX9CSS/Altair-Dyna-07-coffee.png
Altair dyna,DTD075C,36V DC,160mA,3000K, CRI>97,Φ70*H107mm,24°,7W,AJ/CG,ARPS0750/30/24/DGR,https://i.ibb.co/KMXmkFK/Altair-Dyna-09-dark-gray-default-001.png
Altair dyna,DTD075C,36V DC,160mA,3000K, CRI>97,Φ70*H107mm,24°,7W,AJ/CG,ARPS0750/30/24/BB,https://i.ibb.co/d4KNJJ6j/Altair-Dyna-06-ballet-blue.png
Altair dyna,DTD075C,36V DC,160mA,3000K, CRI>97,Φ70*H107mm,24°,7W,AJ/CG,ARPS0750/30/24/CH,https://i.ibb.co/8J4HCPs/Altair-Dyna-01-chrome.png
Altair dyna,DTD075C,36V DC,160mA,3000K, CRI>97,Φ70*H107mm,24°,7W,AJ/CG,ARPS0750/30/24/CHB,https://i.ibb.co/Fqm7qr2r/Altair-Dyna-02-chrome-black.png
Altair dyna,DTD075C,36V DC,160mA,3500K, CRI>97,Φ70*H107mm,24°,7W,AJ/CG,ARPS0750/35/24/B,https://i.ibb.co/PZGkB0V9/Altair-Dyna-03-mat-black-default.png
Altair dyna,DTD075C,36V DC,160mA,3500K, CRI>97,Φ70*H107mm,24°,7W,AJ/CG,ARPS0750/35/24/W,https://i.ibb.co/gNmZHxZ/Altair-Dyna-05-white.png
Altair dyna,DTD075C,36V DC,160mA,3500K, CRI>97,Φ70*H107mm,24°,7W,AJ/CG,ARPS0750/35/24/CG,https://i.ibb.co/4wrBkbXG/Altair-Dyna-04-champeing-gold.png
Altair dyna,DTD075C,36V DC,160mA,3500K, CRI>97,Φ70*H107mm,24°,7W,AJ/CG,ARPS0750/35/24/RG,https://i.ibb.co/DfLk9v2c/Altair-Dyna-08-rose-gold.png
Altair dyna,DTD075C,36V DC,160mA,3500K, CRI>97,Φ70*H107mm,24°,7W,AJ/CG,ARPS0750/35/24/BR,https://i.ibb.co/wr0kt7NZ/Altair-Dyna-10-brown.png
Altair dyna,DTD075C,36V DC,160mA,3500K, CRI>97,Φ70*H107mm,24°,7W,AJ/CG,ARPS0750/35/24/COF,https://i.ibb.co/jPZX9CSS/Altair-Dyna-07-coffee.png
Altair dyna,DTD075C,36V DC,160mA,3500K, CRI>97,Φ70*H107mm,24°,7W,AJ/CG,ARPS0750/35/24/DGR,https://i.ibb.co/KMXmkFK/Altair-Dyna-09-dark-gray-default-001.png
Altair dyna,DTD075C,36V DC,160mA,3500K, CRI>97,Φ70*H107mm,24°,7W,AJ/CG,ARPS0750/35/24/BB,https://i.ibb.co/d4KNJJ6j/Altair-Dyna-06-ballet-blue.png
Altair dyna,DTD075C,36V DC,160mA,3500K, CRI>97,Φ70*H107mm,24°,7W,AJ/CG,ARPS0750/35/24/CH,https://i.ibb.co/8J4HCPs/Altair-Dyna-01-chrome.png
Altair dyna,DTD075C,36V DC,160mA,3500K, CRI>97,Φ70*H107mm,24°,7W,AJ/CG,ARPS0750/35/24/CHB,https://i.ibb.co/Fqm7qr2r/Altair-Dyna-02-chrome-black.png
Altair dyna,DTD075C,36V DC,160mA,4000K, CRI>97,Φ70*H107mm,24°,7W,AJ/CG,ARPS0750/40/24/B,https://i.ibb.co/PZGkB0V9/Altair-Dyna-03-mat-black-default.png
Altair dyna,DTD075C,36V DC,160mA,4000K, CRI>97,Φ70*H107mm,24°,7W,AJ/CG,ARPS0750/40/24/W,https://i.ibb.co/gNmZHxZ/Altair-Dyna-05-white.png
Altair dyna,DTD075C,36V DC,160mA,4000K, CRI>97,Φ70*H107mm,24°,7W,AJ/CG,ARPS0750/40/24/CG,https://i.ibb.co/4wrBkbXG/Altair-Dyna-04-champeing-gold.png
Altair dyna,DTD075C,36V DC,160mA,4000K, CRI>97,Φ70*H107mm,24°,7W,AJ/CG,ARPS0750/40/24/RG,https://i.ibb.co/DfLk9v2c/Altair-Dyna-08-rose-gold.png
Altair dyna,DTD075C,36V DC,160mA,4000K, CRI>97,Φ70*H107mm,24°,7W,AJ/CG,ARPS0750/40/24/BR,https://i.ibb.co/wr0kt7NZ/Altair-Dyna-10-brown.png
Altair dyna,DTD075C,36V DC,160mA,4000K, CRI>97,Φ70*H107mm,24°,7W,AJ/CG,ARPS0750/40/24/COF,https://i.ibb.co/jPZX9CSS/Altair-Dyna-07-coffee.png
Altair dyna,DTD075C,36V DC,160mA,4000K, CRI>97,Φ70*H107mm,24°,7W,AJ/CG,ARPS0750/40/24/DGR,https://i.ibb.co/KMXmkFK/Altair-Dyna-09-dark-gray-default-001.png
Altair dyna,DTD075C,36V DC,160mA,4000K, CRI>97,Φ70*H107mm,24°,7W,AJ/CG,ARPS0750/40/24/BB,https://i.ibb.co/d4KNJJ6j/Altair-Dyna-06-ballet-blue.png
Altair dyna,DTD075C,36V DC,160mA,4000K, CRI>97,Φ70*H107mm,24°,7W,AJ/CG,ARPS0750/40/24/CH,https://i.ibb.co/8J4HCPs/Altair-Dyna-01-chrome.png
Altair dyna,DTD075C,36V DC,160mA,4000K, CRI>97,Φ70*H107mm,24°,7W,AJ/CG,ARPS0750/40/24/CHB,https://i.ibb.co/Fqm7qr2r/Altair-Dyna-02-chrome-black.png
Altair dyna,DTD075C,36V DC,160mA,5000K, CRI>97,Φ70*H107mm,24°,7W,AJ/CG,ARPS0750/50/24/B,https://i.ibb.co/PZGkB0V9/Altair-Dyna-03-mat-black-default.png
Altair dyna,DTD075C,36V DC,160mA,5000K, CRI>97,Φ70*H107mm,24°,7W,AJ/CG,ARPS0750/50/24/W,https://i.ibb.co/gNmZHxZ/Altair-Dyna-05-white.png
Altair dyna,DTD075C,36V DC,160mA,5000K, CRI>97,Φ70*H107mm,24°,7W,AJ/CG,ARPS0750/50/24/CG,https://i.ibb.co/4wrBkbXG/Altair-Dyna-04-champeing-gold.png
Altair dyna,DTD075C,36V DC,160mA,5000K, CRI>97,Φ70*H107mm,24°,7W,AJ/CG,ARPS0750/50/24/RG,https://i.ibb.co/DfLk9v2c/Altair-Dyna-08-rose-gold.png
Altair dyna,DTD075C,36V DC,160mA,5000K, CRI>97,Φ70*H107mm,24°,7W,AJ/CG,ARPS0750/50/24/BR,https://i.ibb.co/wr0kt7NZ/Altair-Dyna-10-brown.png
Altair dyna,DTD075C,36V DC,160mA,5000K, CRI>97,Φ70*H107mm,24°,7W,AJ/CG,ARPS0750/50/24/COF,https://i.ibb.co/jPZX9CSS/Altair-Dyna-07-coffee.png
Altair dyna,DTD075C,36V DC,160mA,5000K, CRI>97,Φ70*H107mm,24°,7W,AJ/CG,ARPS0750/50/24/DGR,https://i.ibb.co/KMXmkFK/Altair-Dyna-09-dark-gray-default-001.png
Altair dyna,DTD075C,36V DC,160mA,5000K, CRI>97,Φ70*H107mm,24°,7W,AJ/CG,ARPS0750/50/24/BB,https://i.ibb.co/d4KNJJ6j/Altair-Dyna-06-ballet-blue.png
Altair dyna,DTD075C,36V DC,160mA,5000K, CRI>97,Φ70*H107mm,24°,7W,AJ/CG,ARPS0750/50/24/CH,https://i.ibb.co/8J4HCPs/Altair-Dyna-01-chrome.png
Altair dyna,DTD075C,36V DC,160mA,5000K, CRI>97,Φ70*H107mm,24°,7W,AJ/CG,ARPS0750/50/24/CHB,https://i.ibb.co/Fqm7qr2r/Altair-Dyna-02-chrome-black.png
Altair dyna,DTD075C,36V DC,160mA,2700K, CRI>97,Φ70*H107mm,36°,7W,AJ/CG,ARPS0750/27/36/B,https://i.ibb.co/PZGkB0V9/Altair-Dyna-03-mat-black-default.png
Altair dyna,DTD075C,36V DC,160mA,2700K, CRI>97,Φ70*H107mm,36°,7W,AJ/CG,ARPS0750/27/36/W,https://i.ibb.co/gNmZHxZ/Altair-Dyna-05-white.png
Altair dyna,DTD075C,36V DC,160mA,2700K, CRI>97,Φ70*H107mm,36°,7W,AJ/CG,ARPS0750/27/36/CG,https://i.ibb.co/4wrBkbXG/Altair-Dyna-04-champeing-gold.png
Altair dyna,DTD075C,36V DC,160mA,2700K, CRI>97,Φ70*H107mm,36°,7W,AJ/CG,ARPS0750/27/36/RG,https://i.ibb.co/DfLk9v2c/Altair-Dyna-08-rose-gold.png
Altair dyna,DTD075C,36V DC,160mA,2700K, CRI>97,Φ70*H107mm,36°,7W,AJ/CG,ARPS0750/27/36/BR,https://i.ibb.co/wr0kt7NZ/Altair-Dyna-10-brown.png
Altair dyna,DTD075C,36V DC,160mA,2700K, CRI>97,Φ70*H107mm,36°,7W,AJ/CG,ARPS0750/27/36/COF,https://i.ibb.co/jPZX9CSS/Altair-Dyna-07-coffee.png
Altair dyna,DTD075C,36V DC,160mA,2700K, CRI>97,Φ70*H107mm,36°,7W,AJ/CG,ARPS0750/27/36/DGR,https://i.ibb.co/KMXmkFK/Altair-Dyna-09-dark-gray-default-001.png
Altair dyna,DTD075C,36V DC,160mA,2700K, CRI>97,Φ70*H107mm,36°,7W,AJ/CG,ARPS0750/27/36/BB,https://i.ibb.co/d4KNJJ6j/Altair-Dyna-06-ballet-blue.png
Altair dyna,DTD075C,36V DC,160mA,2700K, CRI>97,Φ70*H107mm,36°,7W,AJ/CG,ARPS0750/27/36/CH,https://i.ibb.co/8J4HCPs/Altair-Dyna-01-chrome.png
Altair dyna,DTD075C,36V DC,160mA,2700K, CRI>97,Φ70*H107mm,36°,7W,AJ/CG,ARPS0750/27/36/CHB,https://i.ibb.co/Fqm7qr2r/Altair-Dyna-02-chrome-black.png
Altair dyna,DTD075C,36V DC,160mA,3000K, CRI>97,Φ70*H107mm,36°,7W,AJ/CG,ARPS0750/30/36/B,https://i.ibb.co/PZGkB0V9/Altair-Dyna-03-mat-black-default.png
Altair dyna,DTD075C,36V DC,160mA,3000K, CRI>97,Φ70*H107mm,36°,7W,AJ/CG,ARPS0750/30/36/W,https://i.ibb.co/gNmZHxZ/Altair-Dyna-05-white.png
Altair dyna,DTD075C,36V DC,160mA,3000K, CRI>97,Φ70*H107mm,36°,7W,AJ/CG,ARPS0750/30/36/CG,https://i.ibb.co/4wrBkbXG/Altair-Dyna-04-champeing-gold.png
Altair dyna,DTD075C,36V DC,160mA,3000K, CRI>97,Φ70*H107mm,36°,7W,AJ/CG,ARPS0750/30/36/RG,https://i.ibb.co/DfLk9v2c/Altair-Dyna-08-rose-gold.png
Altair dyna,DTD075C,36V DC,160mA,3000K, CRI>97,Φ70*H107mm,36°,7W,AJ/CG,ARPS0750/30/36/BR,https://i.ibb.co/wr0kt7NZ/Altair-Dyna-10-brown.png
Altair dyna,DTD075C,36V DC,160mA,3000K, CRI>97,Φ70*H107mm,36°,7W,AJ/CG,ARPS0750/30/36/COF,https://i.ibb.co/jPZX9CSS/Altair-Dyna-07-coffee.png
Altair dyna,DTD075C,36V DC,160mA,3000K, CRI>97,Φ70*H107mm,36°,7W,AJ/CG,ARPS0750/30/36/DGR,https://i.ibb.co/KMXmkFK/Altair-Dyna-09-dark-gray-default-001.png
Altair dyna,DTD075C,36V DC,160mA,3000K, CRI>97,Φ70*H107mm,36°,7W,AJ/CG,ARPS0750/30/36/BB,https://i.ibb.co/d4KNJJ6j/Altair-Dyna-06-ballet-blue.png
Altair dyna,DTD075C,36V DC,160mA,3000K, CRI>97,Φ70*H107mm,36°,7W,AJ/CG,ARPS0750/30/36/CH,https://i.ibb.co/8J4HCPs/Altair-Dyna-01-chrome.png
Altair dyna,DTD075C,36V DC,160mA,3000K, CRI>97,Φ70*H107mm,36°,7W,AJ/CG,ARPS0750/30/36/CHB,https://i.ibb.co/Fqm7qr2r/Altair-Dyna-02-chrome-black.png
Altair dyna,DTD075C,36V DC,160mA,3500K, CRI>97,Φ70*H107mm,36°,7W,AJ/CG,ARPS0750/35/36/B,https://i.ibb.co/PZGkB0V9/Altair-Dyna-03-mat-black-default.png
Altair dyna,DTD075C,36V DC,160mA,3500K, CRI>97,Φ70*H107mm,36°,7W,AJ/CG,ARPS0750/35/36/W,https://i.ibb.co/gNmZHxZ/Altair-Dyna-05-white.png
Altair dyna,DTD075C,36V DC,160mA,3500K, CRI>97,Φ70*H107mm,36°,7W,AJ/CG,ARPS0750/35/36/CG,https://i.ibb.co/4wrBkbXG/Altair-Dyna-04-champeing-gold.png
Altair dyna,DTD075C,36V DC,160mA,3500K, CRI>97,Φ70*H107mm,36°,7W,AJ/CG,ARPS0750/35/36/RG,https://i.ibb.co/DfLk9v2c/Altair-Dyna-08-rose-gold.png
Altair dyna,DTD075C,36V DC,160mA,3500K, CRI>97,Φ70*H107mm,36°,7W,AJ/CG,ARPS0750/35/36/BR,https://i.ibb.co/wr0kt7NZ/Altair-Dyna-10-brown.png
Altair dyna,DTD075C,36V DC,160mA,3500K, CRI>97,Φ70*H107mm,36°,7W,AJ/CG,ARPS0750/35/36/COF,https://i.ibb.co/jPZX9CSS/Altair-Dyna-07-coffee.png
Altair dyna,DTD075C,36V DC,160mA,3500K, CRI>97,Φ70*H107mm,36°,7W,AJ/CG,ARPS0750/35/36/DGR,https://i.ibb.co/KMXmkFK/Altair-Dyna-09-dark-gray-default-001.png
Altair dyna,DTD075C,36V DC,160mA,3500K, CRI>97,Φ70*H107mm,36°,7W,AJ/CG,ARPS0750/35/36/BB,https://i.ibb.co/d4KNJJ6j/Altair-Dyna-06-ballet-blue.png
Altair dyna,DTD075C,36V DC,160mA,3500K, CRI>97,Φ70*H107mm,36°,7W,AJ/CG,ARPS0750/35/36/CH,https://i.ibb.co/8J4HCPs/Altair-Dyna-01-chrome.png
Altair dyna,DTD075C,36V DC,160mA,3500K, CRI>97,Φ70*H107mm,36°,7W,AJ/CG,ARPS0750/35/36/CHB,https://i.ibb.co/Fqm7qr2r/Altair-Dyna-02-chrome-black.png
Altair dyna,DTD075C,36V DC,160mA,4000K, CRI>97,Φ70*H107mm,36°,7W,AJ/CG,ARPS0750/40/36/B,https://i.ibb.co/PZGkB0V9/Altair-Dyna-03-mat-black-default.png
Altair dyna,DTD075C,36V DC,160mA,4000K, CRI>97,Φ70*H107mm,36°,7W,AJ/CG,ARPS0750/40/36/W,https://i.ibb.co/gNmZHxZ/Altair-Dyna-05-white.png
Altair dyna,DTD075C,36V DC,160mA,4000K, CRI>97,Φ70*H107mm,36°,7W,AJ/CG,ARPS0750/40/36/CG,https://i.ibb.co/4wrBkbXG/Altair-Dyna-04-champeing-gold.png
Altair dyna,DTD075C,36V DC,160mA,4000K, CRI>97,Φ70*H107mm,36°,7W,AJ/CG,ARPS0750/40/36/RG,https://i.ibb.co/DfLk9v2c/Altair-Dyna-08-rose-gold.png
Altair dyna,DTD075C,36V DC,160mA,4000K, CRI>97,Φ70*H107mm,36°,7W,AJ/CG,ARPS0750/40/36/BR,https://i.ibb.co/wr0kt7NZ/Altair-Dyna-10-brown.png
Altair dyna,DTD075C,36V DC,160mA,4000K, CRI>97,Φ70*H107mm,36°,7W,AJ/CG,ARPS0750/40/36/COF,https://i.ibb.co/jPZX9CSS/Altair-Dyna-07-coffee.png
Altair dyna,DTD075C,36V DC,160mA,4000K, CRI>97,Φ70*H107mm,36°,7W,AJ/CG,ARPS0750/40/36/DGR,https://i.ibb.co/KMXmkFK/Altair-Dyna-09-dark-gray-default-001.png
Altair dyna,DTD075C,36V DC,160mA,4000K, CRI>97,Φ70*H107mm,36°,7W,AJ/CG,ARPS0750/40/36/BB,https://i.ibb.co/d4KNJJ6j/Altair-Dyna-06-ballet-blue.png
Altair dyna,DTD075C,36V DC,160mA,4000K, CRI>97,Φ70*H107mm,36°,7W,AJ/CG,ARPS0750/40/36/CH,https://i.ibb.co/8J4HCPs/Altair-Dyna-01-chrome.png
Altair dyna,DTD075C,36V DC,160mA,4000K, CRI>97,Φ70*H107mm,36°,7W,AJ/CG,ARPS0750/40/36/CHB,https://i.ibb.co/Fqm7qr2r/Altair-Dyna-02-chrome-black.png
Altair dyna,DTD075C,36V DC,160mA,5000K, CRI>97,Φ70*H107mm,36°,7W,AJ/CG,ARPS0750/50/36/B,https://i.ibb.co/PZGkB0V9/Altair-Dyna-03-mat-black-default.png
Altair dyna,DTD075C,36V DC,160mA,5000K, CRI>97,Φ70*H107mm,36°,7W,AJ/CG,ARPS0750/50/36/W,https://i.ibb.co/gNmZHxZ/Altair-Dyna-05-white.png
Altair dyna,DTD075C,36V DC,160mA,5000K, CRI>97,Φ70*H107mm,36°,7W,AJ/CG,ARPS0750/50/36/CG,https://i.ibb.co/4wrBkbXG/Altair-Dyna-04-champeing-gold.png
Altair dyna,DTD075C,36V DC,160mA,5000K, CRI>97,Φ70*H107mm,36°,7W,AJ/CG,ARPS0750/50/36/RG,https://i.ibb.co/DfLk9v2c/Altair-Dyna-08-rose-gold.png
Altair dyna,DTD075C,36V DC,160mA,5000K, CRI>97,Φ70*H107mm,36°,7W,AJ/CG,ARPS0750/50/36/BR,https://i.ibb.co/wr0kt7NZ/Altair-Dyna-10-brown.png
Altair dyna,DTD075C,36V DC,160mA,5000K, CRI>97,Φ70*H107mm,36°,7W,AJ/CG,ARPS0750/50/36/COF,https://i.ibb.co/jPZX9CSS/Altair-Dyna-07-coffee.png
Altair dyna,DTD075C,36V DC,160mA,5000K, CRI>97,Φ70*H107mm,36°,7W,AJ/CG,ARPS0750/50/36/DGR,https://i.ibb.co/KMXmkFK/Altair-Dyna-09-dark-gray-default-001.png
Altair dyna,DTD075C,36V DC,160mA,5000K, CRI>97,Φ70*H107mm,36°,7W,AJ/CG,ARPS0750/50/36/BB,https://i.ibb.co/d4KNJJ6j/Altair-Dyna-06-ballet-blue.png
Altair dyna,DTD075C,36V DC,160mA,5000K, CRI>97,Φ70*H107mm,36°,7W,AJ/CG,ARPS0750/50/36/CH,https://i.ibb.co/8J4HCPs/Altair-Dyna-01-chrome.png
Altair dyna,DTD075C,36V DC,160mA,5000K, CRI>97,Φ70*H107mm,36°,7W,AJ/CG,ARPS0750/50/36/CHB,https://i.ibb.co/Fqm7qr2r/Altair-Dyna-02-chrome-black.png
Altair dyna,DTD075C,36V DC,160mA,2700K, CRI>97,Φ70*H107mm,15°~45° Zoom,7W,AJ/CG,ARPS0750/27/Z/B,https://i.ibb.co/PZGkB0V9/Altair-Dyna-03-mat-black-default.png
Altair dyna,DTD075C,36V DC,160mA,2700K, CRI>97,Φ70*H107mm,15°~45° Zoom,7W,AJ/CG,ARPS0750/27/Z/W,https://i.ibb.co/gNmZHxZ/Altair-Dyna-05-white.png
Altair dyna,DTD075C,36V DC,160mA,2700K, CRI>97,Φ70*H107mm,15°~45° Zoom,7W,AJ/CG,ARPS0750/27/Z/CG,https://i.ibb.co/4wrBkbXG/Altair-Dyna-04-champeing-gold.png
Altair dyna,DTD075C,36V DC,160mA,2700K, CRI>97,Φ70*H107mm,15°~45° Zoom,7W,AJ/CG,ARPS0750/27/Z/RG,https://i.ibb.co/DfLk9v2c/Altair-Dyna-08-rose-gold.png
Altair dyna,DTD075C,36V DC,160mA,2700K, CRI>97,Φ70*H107mm,15°~45° Zoom,7W,AJ/CG,ARPS0750/27/Z/BR,https://i.ibb.co/wr0kt7NZ/Altair-Dyna-10-brown.png
Altair dyna,DTD075C,36V DC,160mA,2700K, CRI>97,Φ70*H107mm,15°~45° Zoom,7W,AJ/CG,ARPS0750/27/Z/COF,https://i.ibb.co/jPZX9CSS/Altair-Dyna-07-coffee.png
Altair dyna,DTD075C,36V DC,160mA,2700K, CRI>97,Φ70*H107mm,15°~45° Zoom,7W,AJ/CG,ARPS0750/27/Z/DGR,https://i.ibb.co/KMXmkFK/Altair-Dyna-09-dark-gray-default-001.png
Altair dyna,DTD075C,36V DC,160mA,2700K, CRI>97,Φ70*H107mm,15°~45° Zoom,7W,AJ/CG,ARPS0750/27/Z/BB,https://i.ibb.co/d4KNJJ6j/Altair-Dyna-06-ballet-blue.png
Altair dyna,DTD075C,36V DC,160mA,2700K, CRI>97,Φ70*H107mm,15°~45° Zoom,7W,AJ/CG,ARPS0750/27/Z/CH,https://i.ibb.co/8J4HCPs/Altair-Dyna-01-chrome.png
Altair dyna,DTD075C,36V DC,160mA,2700K, CRI>97,Φ70*H107mm,15°~45° Zoom,7W,AJ/CG,ARPS0750/27/Z/CHB,https://i.ibb.co/Fqm7qr2r/Altair-Dyna-02-chrome-black.png
Altair dyna,DTD075C,36V DC,160mA,3000K, CRI>97,Φ70*H107mm,15°~45° Zoom,7W,AJ/CG,ARPS0750/30/Z/B,https://i.ibb.co/PZGkB0V9/Altair-Dyna-03-mat-black-default.png
Altair dyna,DTD075C,36V DC,160mA,3000K, CRI>97,Φ70*H107mm,15°~45° Zoom,7W,AJ/CG,ARPS0750/30/Z/W,https://i.ibb.co/gNmZHxZ/Altair-Dyna-05-white.png
Altair dyna,DTD075C,36V DC,160mA,3000K, CRI>97,Φ70*H107mm,15°~45° Zoom,7W,AJ/CG,ARPS0750/30/Z/CG,https://i.ibb.co/4wrBkbXG/Altair-Dyna-04-champeing-gold.png
Altair dyna,DTD075C,36V DC,160mA,3000K, CRI>97,Φ70*H107mm,15°~45° Zoom,7W,AJ/CG,ARPS0750/30/Z/RG,https://i.ibb.co/DfLk9v2c/Altair-Dyna-08-rose-gold.png
Altair dyna,DTD075C,36V DC,160mA,3000K, CRI>97,Φ70*H107mm,15°~45° Zoom,7W,AJ/CG,ARPS0750/30/Z/BR,https://i.ibb.co/wr0kt7NZ/Altair-Dyna-10-brown.png
Altair dyna,DTD075C,36V DC,160mA,3000K, CRI>97,Φ70*H107mm,15°~45° Zoom,7W,AJ/CG,ARPS0750/30/Z/COF,https://i.ibb.co/jPZX9CSS/Altair-Dyna-07-coffee.png
Altair dyna,DTD075C,36V DC,160mA,3000K, CRI>97,Φ70*H107mm,15°~45° Zoom,7W,AJ/CG,ARPS0750/30/Z/DGR,https://i.ibb.co/KMXmkFK/Altair-Dyna-09-dark-gray-default-001.png
Altair dyna,DTD075C,36V DC,160mA,3000K, CRI>97,Φ70*H107mm,15°~45° Zoom,7W,AJ/CG,ARPS0750/30/Z/BB,https://i.ibb.co/d4KNJJ6j/Altair-Dyna-06-ballet-blue.png
Altair dyna,DTD075C,36V DC,160mA,3000K, CRI>97,Φ70*H107mm,15°~45° Zoom,7W,AJ/CG,ARPS0750/30/Z/CH,https://i.ibb.co/8J4HCPs/Altair-Dyna-01-chrome.png
Altair dyna,DTD075C,36V DC,160mA,3000K, CRI>97,Φ70*H107mm,15°~45° Zoom,7W,AJ/CG,ARPS0750/30/Z/CHB,https://i.ibb.co/Fqm7qr2r/Altair-Dyna-02-chrome-black.png
Altair dyna,DTD075C,36V DC,160mA,3500K, CRI>97,Φ70*H107mm,15°~45° Zoom,7W,AJ/CG,ARPS0750/35/Z/B,https://i.ibb.co/PZGkB0V9/Altair-Dyna-03-mat-black-default.png
Altair dyna,DTD075C,36V DC,160mA,3500K, CRI>97,Φ70*H107mm,15°~45° Zoom,7W,AJ/CG,ARPS0750/35/Z/W,https://i.ibb.co/gNmZHxZ/Altair-Dyna-05-white.png
Altair dyna,DTD075C,36V DC,160mA,3500K, CRI>97,Φ70*H107mm,15°~45° Zoom,7W,AJ/CG,ARPS0750/35/Z/CG,https://i.ibb.co/4wrBkbXG/Altair-Dyna-04-champeing-gold.png
Altair dyna,DTD075C,36V DC,160mA,3500K, CRI>97,Φ70*H107mm,15°~45° Zoom,7W,AJ/CG,ARPS0750/35/Z/RG,https://i.ibb.co/DfLk9v2c/Altair-Dyna-08-rose-gold.png
Altair dyna,DTD075C,36V DC,160mA,3500K, CRI>97,Φ70*H107mm,15°~45° Zoom,7W,AJ/CG,ARPS0750/35/Z/BR,https://i.ibb.co/wr0kt7NZ/Altair-Dyna-10-brown.png
Altair dyna,DTD075C,36V DC,160mA,3500K, CRI>97,Φ70*H107mm,15°~45° Zoom,7W,AJ/CG,ARPS0750/35/Z/COF,https://i.ibb.co/jPZX9CSS/Altair-Dyna-07-coffee.png
Altair dyna,DTD075C,36V DC,160mA,3500K, CRI>97,Φ70*H107mm,15°~45° Zoom,7W,AJ/CG,ARPS0750/35/Z/DGR,https://i.ibb.co/KMXmkFK/Altair-Dyna-09-dark-gray-default-001.png
Altair dyna,DTD075C,36V DC,160mA,3500K, CRI>97,Φ70*H107mm,15°~45° Zoom,7W,AJ/CG,ARPS0750/35/Z/BB,https://i.ibb.co/d4KNJJ6j/Altair-Dyna-06-ballet-blue.png
Altair dyna,DTD075C,36V DC,160mA,3500K, CRI>97,Φ70*H107mm,15°~45° Zoom,7W,AJ/CG,ARPS0750/35/Z/CH,https://i.ibb.co/8J4HCPs/Altair-Dyna-01-chrome.png
Altair dyna,DTD075C,36V DC,160mA,3500K, CRI>97,Φ70*H107mm,15°~45° Zoom,7W,AJ/CG,ARPS0750/35/Z/CHB,https://i.ibb.co/Fqm7qr2r/Altair-Dyna-02-chrome-black.png
Altair dyna,DTD075C,36V DC,160mA,4000K, CRI>97,Φ70*H107mm,15°~45° Zoom,7W,AJ/CG,ARPS0750/40/Z/B,https://i.ibb.co/PZGkB0V9/Altair-Dyna-03-mat-black-default.png
Altair dyna,DTD075C,36V DC,160mA,4000K, CRI>97,Φ70*H107mm,15°~45° Zoom,7W,AJ/CG,ARPS0750/40/Z/W,https://i.ibb.co/gNmZHxZ/Altair-Dyna-05-white.png
Altair dyna,DTD075C,36V DC,160mA,4000K, CRI>97,Φ70*H107mm,15°~45° Zoom,7W,AJ/CG,ARPS0750/40/Z/CG,https://i.ibb.co/4wrBkbXG/Altair-Dyna-04-champeing-gold.png
Altair dyna,DTD075C,36V DC,160mA,4000K, CRI>97,Φ70*H107mm,15°~45° Zoom,7W,AJ/CG,ARPS0750/40/Z/RG,https://i.ibb.co/DfLk9v2c/Altair-Dyna-08-rose-gold.png
Altair dyna,DTD075C,36V DC,160mA,4000K, CRI>97,Φ70*H107mm,15°~45° Zoom,7W,AJ/CG,ARPS0750/40/Z/BR,https://i.ibb.co/wr0kt7NZ/Altair-Dyna-10-brown.png
Altair dyna,DTD075C,36V DC,160mA,4000K, CRI>97,Φ70*H107mm,15°~45° Zoom,7W,AJ/CG,ARPS0750/40/Z/COF,https://i.ibb.co/jPZX9CSS/Altair-Dyna-07-coffee.png
Altair dyna,DTD075C,36V DC,160mA,4000K, CRI>97,Φ70*H107mm,15°~45° Zoom,7W,AJ/CG,ARPS0750/40/Z/DGR,https://i.ibb.co/KMXmkFK/Altair-Dyna-09-dark-gray-default-001.png
Altair dyna,DTD075C,36V DC,160mA,4000K, CRI>97,Φ70*H107mm,15°~45° Zoom,7W,AJ/CG,ARPS0750/40/Z/BB,https://i.ibb.co/d4KNJJ6j/Altair-Dyna-06-ballet-blue.png
Altair dyna,DTD075C,36V DC,160mA,4000K, CRI>97,Φ70*H107mm,15°~45° Zoom,7W,AJ/CG,ARPS0750/40/Z/CH,https://i.ibb.co/8J4HCPs/Altair-Dyna-01-chrome.png
Altair dyna,DTD075C,36V DC,160mA,4000K, CRI>97,Φ70*H107mm,15°~45° Zoom,7W,AJ/CG,ARPS0750/40/Z/CHB,https://i.ibb.co/Fqm7qr2r/Altair-Dyna-02-chrome-black.png
Altair dyna,DTD075C,36V DC,160mA,5000K, CRI>97,Φ70*H107mm,15°~45° Zoom,7W,AJ/CG,ARPS0750/50/Z/B,https://i.ibb.co/PZGkB0V9/Altair-Dyna-03-mat-black-default.png
Altair dyna,DTD075C,36V DC,160mA,5000K, CRI>97,Φ70*H107mm,15°~45° Zoom,7W,AJ/CG,ARPS0750/50/Z/W,https://i.ibb.co/gNmZHxZ/Altair-Dyna-05-white.png
Altair dyna,DTD075C,36V DC,160mA,5000K, CRI>97,Φ70*H107mm,15°~45° Zoom,7W,AJ/CG,ARPS0750/50/Z/CG,https://i.ibb.co/4wrBkbXG/Altair-Dyna-04-champeing-gold.png
Altair dyna,DTD075C,36V DC,160mA,5000K, CRI>97,Φ70*H107mm,15°~45° Zoom,7W,AJ/CG,ARPS0750/50/Z/RG,https://i.ibb.co/DfLk9v2c/Altair-Dyna-08-rose-gold.png
Altair dyna,DTD075C,36V DC,160mA,5000K, CRI>97,Φ70*H107mm,15°~45° Zoom,7W,AJ/CG,ARPS0750/50/Z/BR,https://i.ibb.co/wr0kt7NZ/Altair-Dyna-10-brown.png
Altair dyna,DTD075C,36V DC,160mA,5000K, CRI>97,Φ70*H107mm,15°~45° Zoom,7W,AJ/CG,ARPS0750/50/Z/COF,https://i.ibb.co/jPZX9CSS/Altair-Dyna-07-coffee.png
Altair dyna,DTD075C,36V DC,160mA,5000K, CRI>97,Φ70*H107mm,15°~45° Zoom,7W,AJ/CG,ARPS0750/50/Z/DGR,https://i.ibb.co/KMXmkFK/Altair-Dyna-09-dark-gray-default-001.png
Altair dyna,DTD075C,36V DC,160mA,5000K, CRI>97,Φ70*H107mm,15°~45° Zoom,7W,AJ/CG,ARPS0750/50/Z/BB,https://i.ibb.co/d4KNJJ6j/Altair-Dyna-06-ballet-blue.png
Altair dyna,DTD075C,36V DC,160mA,5000K, CRI>97,Φ70*H107mm,15°~45° Zoom,7W,AJ/CG,ARPS0750/50/Z/CH,https://i.ibb.co/8J4HCPs/Altair-Dyna-01-chrome.png
Altair dyna,DTD075C,36V DC,160mA,5000K, CRI>97,Φ70*H107mm,15°~45° Zoom,7W,AJ/CG,ARPS0750/50/Z/CHB,https://i.ibb.co/Fqm7qr2r/Altair-Dyna-02-chrome-black.png
Altair dyna Tunable,DTD075C,36V DC,160mA,2700K~6500K, CRI>97,Φ70*H107mm,15°,7W,AJ/CG,ARPS0750/CT/15/B,https://i.ibb.co/PZGkB0V9/Altair-Dyna-03-mat-black-default.png
Altair dyna Tunable,DTD075C,36V DC,160mA,2700K~6500K, CRI>97,Φ70*H107mm,15°,7W,AJ/CG,ARPS0750/CT/15/W,https://i.ibb.co/gNmZHxZ/Altair-Dyna-05-white.png
Altair dyna Tunable,DTD075C,36V DC,160mA,2700K~6500K, CRI>97,Φ70*H107mm,15°,7W,AJ/CG,ARPS0750/CT/15/CG,https://i.ibb.co/4wrBkbXG/Altair-Dyna-04-champeing-gold.png
Altair dyna Tunable,DTD075C,36V DC,160mA,2700K~6500K, CRI>97,Φ70*H107mm,15°,7W,AJ/CG,ARPS0750/CT/15/RG,https://i.ibb.co/DfLk9v2c/Altair-Dyna-08-rose-gold.png
Altair dyna Tunable,DTD075C,36V DC,160mA,2700K~6500K, CRI>97,Φ70*H107mm,15°,7W,AJ/CG,ARPS0750/CT/15/BR,https://i.ibb.co/wr0kt7NZ/Altair-Dyna-10-brown.png
Altair dyna Tunable,DTD075C,36V DC,160mA,2700K~6500K, CRI>97,Φ70*H107mm,15°,7W,AJ/CG,ARPS0750/CT/15/COF,https://i.ibb.co/jPZX9CSS/Altair-Dyna-07-coffee.png
Altair dyna Tunable,DTD075C,36V DC,160mA,2700K~6500K, CRI>97,Φ70*H107mm,15°,7W,AJ/CG,ARPS0750/CT/15/DGR,https://i.ibb.co/KMXmkFK/Altair-Dyna-09-dark-gray-default-001.png
Altair dyna Tunable,DTD075C,36V DC,160mA,2700K~6500K, CRI>97,Φ70*H107mm,15°,7W,AJ/CG,ARPS0750/CT/15/BB,https://i.ibb.co/d4KNJJ6j/Altair-Dyna-06-ballet-blue.png
Altair dyna Tunable,DTD075C,36V DC,160mA,2700K~6500K, CRI>97,Φ70*H107mm,15°,7W,AJ/CG,ARPS0750/CT/15/CH,https://i.ibb.co/8J4HCPs/Altair-Dyna-01-chrome.png
Altair dyna Tunable,DTD075C,36V DC,160mA,2700K~6500K, CRI>97,Φ70*H107mm,15°,7W,AJ/CG,ARPS0750/CT/15/CHB,https://i.ibb.co/Fqm7qr2r/Altair-Dyna-02-chrome-black.png
Altair dyna Tunable,DTD075C,36V DC,160mA,2700K~6500K, CRI>97,Φ70*H107mm,24°,7W,AJ/CG,ARPS0750/CT/24/B,https://i.ibb.co/PZGkB0V9/Altair-Dyna-03-mat-black-default.png
Altair dyna Tunable,DTD075C,36V DC,160mA,2700K~6500K, CRI>97,Φ70*H107mm,24°,7W,AJ/CG,ARPS0750/CT/24/W,https://i.ibb.co/gNmZHxZ/Altair-Dyna-05-white.png
Altair dyna Tunable,DTD075C,36V DC,160mA,2700K~6500K, CRI>97,Φ70*H107mm,24°,7W,AJ/CG,ARPS0750/CT/24/CG,https://i.ibb.co/4wrBkbXG/Altair-Dyna-04-champeing-gold.png
Altair dyna Tunable,DTD075C,36V DC,160mA,2700K~6500K, CRI>97,Φ70*H107mm,24°,7W,AJ/CG,ARPS0750/CT/24/RG,https://i.ibb.co/DfLk9v2c/Altair-Dyna-08-rose-gold.png
Altair dyna Tunable,DTD075C,36V DC,160mA,2700K~6500K, CRI>97,Φ70*H107mm,24°,7W,AJ/CG,ARPS0750/CT/24/BR,https://i.ibb.co/wr0kt7NZ/Altair-Dyna-10-brown.png
Altair dyna Tunable,DTD075C,36V DC,160mA,2700K~6500K, CRI>97,Φ70*H107mm,24°,7W,AJ/CG,ARPS0750/CT/24/COF,https://i.ibb.co/jPZX9CSS/Altair-Dyna-07-coffee.png
Altair dyna Tunable,DTD075C,36V DC,160mA,2700K~6500K, CRI>97,Φ70*H107mm,24°,7W,AJ/CG,ARPS0750/CT/24/DGR,https://i.ibb.co/KMXmkFK/Altair-Dyna-09-dark-gray-default-001.png
Altair dyna Tunable,DTD075C,36V DC,160mA,2700K~6500K, CRI>97,Φ70*H107mm,24°,7W,AJ/CG,ARPS0750/CT/24/BB,https://i.ibb.co/d4KNJJ6j/Altair-Dyna-06-ballet-blue.png
Altair dyna Tunable,DTD075C,36V DC,160mA,2700K~6500K, CRI>97,Φ70*H107mm,24°,7W,AJ/CG,ARPS0750/CT/24/CH,https://i.ibb.co/8J4HCPs/Altair-Dyna-01-chrome.png
Altair dyna Tunable,DTD075C,36V DC,160mA,2700K~6500K, CRI>97,Φ70*H107mm,24°,7W,AJ/CG,ARPS0750/CT/24/CHB,https://i.ibb.co/Fqm7qr2r/Altair-Dyna-02-chrome-black.png
Altair dyna Tunable,DTD075C,36V DC,160mA,2700K~6500K, CRI>97,Φ70*H107mm,36°,7W,AJ/CG,ARPS0750/CT/36/B,https://i.ibb.co/PZGkB0V9/Altair-Dyna-03-mat-black-default.png
Altair dyna Tunable,DTD075C,36V DC,160mA,2700K~6500K, CRI>97,Φ70*H107mm,36°,7W,AJ/CG,ARPS0750/CT/36/W,https://i.ibb.co/gNmZHxZ/Altair-Dyna-05-white.png
Altair dyna Tunable,DTD075C,36V DC,160mA,2700K~6500K, CRI>97,Φ70*H107mm,36°,7W,AJ/CG,ARPS0750/CT/36/CG,https://i.ibb.co/4wrBkbXG/Altair-Dyna-04-champeing-gold.png
Altair dyna Tunable,DTD075C,36V DC,160mA,2700K~6500K, CRI>97,Φ70*H107mm,36°,7W,AJ/CG,ARPS0750/CT/36/RG,https://i.ibb.co/DfLk9v2c/Altair-Dyna-08-rose-gold.png
Altair dyna Tunable,DTD075C,36V DC,160mA,2700K~6500K, CRI>97,Φ70*H107mm,36°,7W,AJ/CG,ARPS0750/CT/36/BR,https://i.ibb.co/wr0kt7NZ/Altair-Dyna-10-brown.png
Altair dyna Tunable,DTD075C,36V DC,160mA,2700K~6500K, CRI>97,Φ70*H107mm,36°,7W,AJ/CG,ARPS0750/CT/36/COF,https://i.ibb.co/jPZX9CSS/Altair-Dyna-07-coffee.png
Altair dyna Tunable,DTD075C,36V DC,160mA,2700K~6500K, CRI>97,Φ70*H107mm,36°,7W,AJ/CG,ARPS0750/CT/36/DGR,https://i.ibb.co/KMXmkFK/Altair-Dyna-09-dark-gray-default-001.png
Altair dyna Tunable,DTD075C,36V DC,160mA,2700K~6500K, CRI>97,Φ70*H107mm,36°,7W,AJ/CG,ARPS0750/CT/36/BB,https://i.ibb.co/d4KNJJ6j/Altair-Dyna-06-ballet-blue.png
Altair dyna Tunable,DTD075C,36V DC,160mA,2700K~6500K, CRI>97,Φ70*H107mm,36°,7W,AJ/CG,ARPS0750/CT/36/CH,https://i.ibb.co/8J4HCPs/Altair-Dyna-01-chrome.png
Altair dyna Tunable,DTD075C,36V DC,160mA,2700K~6500K, CRI>97,Φ70*H107mm,36°,7W,AJ/CG,ARPS0750/CT/36/CHB,https://i.ibb.co/Fqm7qr2r/Altair-Dyna-02-chrome-black.png
Altair dyna Tunable,DTD075C,36V DC,160mA,2700K~6500K, CRI>97,Φ70*H107mm,15°~45° Zoom,7W,AJ/CG,ARPS0750/CT/Z/B,https://i.ibb.co/PZGkB0V9/Altair-Dyna-03-mat-black-default.png
Altair dyna Tunable,DTD075C,36V DC,160mA,2700K~6500K, CRI>97,Φ70*H107mm,15°~45° Zoom,7W,AJ/CG,ARPS0750/CT/Z/W,https://i.ibb.co/gNmZHxZ/Altair-Dyna-05-white.png
Altair dyna Tunable,DTD075C,36V DC,160mA,2700K~6500K, CRI>97,Φ70*H107mm,15°~45° Zoom,7W,AJ/CG,ARPS0750/CT/Z/CG,https://i.ibb.co/4wrBkbXG/Altair-Dyna-04-champeing-gold.png
Altair dyna Tunable,DTD075C,36V DC,160mA,2700K~6500K, CRI>97,Φ70*H107mm,15°~45° Zoom,7W,AJ/CG,ARPS0750/CT/Z/RG,https://i.ibb.co/DfLk9v2c/Altair-Dyna-08-rose-gold.png
Altair dyna Tunable,DTD075C,36V DC,160mA,2700K~6500K, CRI>97,Φ70*H107mm,15°~45° Zoom,7W,AJ/CG,ARPS0750/CT/Z/BR,https://i.ibb.co/wr0kt7NZ/Altair-Dyna-10-brown.png
Altair dyna Tunable,DTD075C,36V DC,160mA,2700K~6500K, CRI>97,Φ70*H107mm,15°~45° Zoom,7W,AJ/CG,ARPS0750/CT/Z/COF,https://i.ibb.co/jPZX9CSS/Altair-Dyna-07-coffee.png
Altair dyna Tunable,DTD075C,36V DC,160mA,2700K~6500K, CRI>97,Φ70*H107mm,15°~45° Zoom,7W,AJ/CG,ARPS0750/CT/Z/DGR,https://i.ibb.co/KMXmkFK/Altair-Dyna-09-dark-gray-default-001.png
Altair dyna Tunable,DTD075C,36V DC,160mA,2700K~6500K, CRI>97,Φ70*H107mm,15°~45° Zoom,7W,AJ/CG,ARPS0750/CT/Z/BB,https://i.ibb.co/d4KNJJ6j/Altair-Dyna-06-ballet-blue.png
Altair dyna Tunable,DTD075C,36V DC,160mA,2700K~6500K, CRI>97,Φ70*H107mm,15°~45° Zoom,7W,AJ/CG,ARPS0750/CT/Z/CH,https://i.ibb.co/8J4HCPs/Altair-Dyna-01-chrome.png
Altair dyna Tunable,DTD075C,36V DC,160mA,2700K~6500K, CRI>97,Φ70*H107mm,15°~45° Zoom,7W,AJ/CG,ARPS0750/CT/Z/CHB,https://i.ibb.co/Fqm7qr2r/Altair-Dyna-02-chrome-black.png
Altair Prime,DTL065X,36V DC,200/300mA,2700K, CRI>97,Φ50*H120mm,15°,9W,AJ/CG,ARAS0950/27/15/W,https://i.ibb.co/kgwNq92R/Altair-Prime-9-05-white.png
Altair Prime,DTL065X,36V DC,200/300mA,2700K, CRI>97,Φ50*H120mm,15°,9W,AJ/CG,ARAS0950/27/15/B,https://i.ibb.co/Xk8cKwjS/Altair-Prime-9-03-mat-black-default.png
Altair Prime,DTL065X,36V DC,200/300mA,2700K, CRI>97,Φ50*H120mm,15°,9W,AJ/CG,ARAS0950/27/15/CG,https://i.ibb.co/GfYNWwRK/Altair-Prime-9-04-champeing-gold.png
Altair Prime,DTL065X,36V DC,200/300mA,2700K, CRI>97,Φ50*H120mm,15°,9W,AJ/CG,ARAS0950/27/15/RG,https://i.ibb.co/4Zbkv14m/Altair-Prime-9-08-rose-gold.png
Altair Prime,DTL065X,36V DC,200/300mA,2700K, CRI>97,Φ50*H120mm,15°,9W,AJ/CG,ARAS0950/27/15/BR,https://i.ibb.co/ynn4vm8B/Altair-Prime-9-10-brown.png
Altair Prime,DTL065X,36V DC,200/300mA,2700K, CRI>97,Φ50*H120mm,15°,9W,AJ/CG,ARAS0950/27/15/COF,https://i.ibb.co/nNXMgZTv/Altair-Prime-9-07-coffee.png
Altair Prime,DTL065X,36V DC,200/300mA,2700K, CRI>97,Φ50*H120mm,15°,9W,AJ/CG,ARAS0950/27/15/DGR,https://i.ibb.co/Mym4YQ0K/Altair-Prime-9-09-dark-gray-default-001.png
Altair Prime,DTL065X,36V DC,200/300mA,2700K, CRI>97,Φ50*H120mm,15°,9W,AJ/CG,ARAS0950/27/15/BB,https://i.ibb.co/JRbqkrZ8/Altair-Prime-9-06-ballet-blue.png
Altair Prime,DTL065X,36V DC,200/300mA,2700K, CRI>97,Φ50*H120mm,15°,9W,AJ/CG,ARAS0950/27/15/CH,https://i.ibb.co/9mJct4jx/Altair-Prime-9-01-chrome.png
Altair Prime,DTL065X,36V DC,200/300mA,2700K, CRI>97,Φ50*H120mm,15°,9W,AJ/CG,ARAS0950/27/15/CHB,https://i.ibb.co/7Jpwhs11/Altair-Prime-9-02-chrome-black.png
Altair Prime,DTL065X,36V DC,200/300mA,3000K, CRI>97,Φ50*H120mm,15°,9W,AJ/CG,ARAS0950/30/15/W,https://i.ibb.co/kgwNq92R/Altair-Prime-9-05-white.png
Altair Prime,DTL065X,36V DC,200/300mA,3000K, CRI>97,Φ50*H120mm,15°,9W,AJ/CG,ARAS0950/30/15/B,https://i.ibb.co/Xk8cKwjS/Altair-Prime-9-03-mat-black-default.png
Altair Prime,DTL065X,36V DC,200/300mA,3000K, CRI>97,Φ50*H120mm,15°,9W,AJ/CG,ARAS0950/30/15/CG,https://i.ibb.co/GfYNWwRK/Altair-Prime-9-04-champeing-gold.png
Altair Prime,DTL065X,36V DC,200/300mA,3000K, CRI>97,Φ50*H120mm,15°,9W,AJ/CG,ARAS0950/30/15/RG,https://i.ibb.co/4Zbkv14m/Altair-Prime-9-08-rose-gold.png
Altair Prime,DTL065X,36V DC,200/300mA,3000K, CRI>97,Φ50*H120mm,15°,9W,AJ/CG,ARAS0950/30/15/BR,https://i.ibb.co/ynn4vm8B/Altair-Prime-9-10-brown.png
Altair Prime,DTL065X,36V DC,200/300mA,3000K, CRI>97,Φ50*H120mm,15°,9W,AJ/CG,ARAS0950/30/15/COF,https://i.ibb.co/nNXMgZTv/Altair-Prime-9-07-coffee.png
Altair Prime,DTL065X,36V DC,200/300mA,3000K, CRI>97,Φ50*H120mm,15°,9W,AJ/CG,ARAS0950/30/15/DGR,https://i.ibb.co/Mym4YQ0K/Altair-Prime-9-09-dark-gray-default-001.png
Altair Prime,DTL065X,36V DC,200/300mA,3000K, CRI>97,Φ50*H120mm,15°,9W,AJ/CG,ARAS0950/30/15/BB,https://i.ibb.co/JRbqkrZ8/Altair-Prime-9-06-ballet-blue.png
Altair Prime,DTL065X,36V DC,200/300mA,3000K, CRI>97,Φ50*H120mm,15°,9W,AJ/CG,ARAS0950/30/15/CH,https://i.ibb.co/9mJct4jx/Altair-Prime-9-01-chrome.png
Altair Prime,DTL065X,36V DC,200/300mA,3000K, CRI>97,Φ50*H120mm,15°,9W,AJ/CG,ARAS0950/30/15/CHB,https://i.ibb.co/7Jpwhs11/Altair-Prime-9-02-chrome-black.png
Altair Prime,DTL065X,36V DC,200/300mA,3500K, CRI>97,Φ50*H120mm,15°,9W,AJ/CG,ARAS0950/35/15/W,https://i.ibb.co/kgwNq92R/Altair-Prime-9-05-white.png
Altair Prime,DTL065X,36V DC,200/300mA,3500K, CRI>97,Φ50*H120mm,15°,9W,AJ/CG,ARAS0950/35/15/B,https://i.ibb.co/Xk8cKwjS/Altair-Prime-9-03-mat-black-default.png
Altair Prime,DTL065X,36V DC,200/300mA,3500K, CRI>97,Φ50*H120mm,15°,9W,AJ/CG,ARAS0950/35/15/CG,https://i.ibb.co/GfYNWwRK/Altair-Prime-9-04-champeing-gold.png
Altair Prime,DTL065X,36V DC,200/300mA,3500K, CRI>97,Φ50*H120mm,15°,9W,AJ/CG,ARAS0950/35/15/RG,https://i.ibb.co/4Zbkv14m/Altair-Prime-9-08-rose-gold.png
Altair Prime,DTL065X,36V DC,200/300mA,3500K, CRI>97,Φ50*H120mm,15°,9W,AJ/CG,ARAS0950/35/15/BR,https://i.ibb.co/ynn4vm8B/Altair-Prime-9-10-brown.png
Altair Prime,DTL065X,36V DC,200/300mA,3500K, CRI>97,Φ50*H120mm,15°,9W,AJ/CG,ARAS0950/35/15/COF,https://i.ibb.co/nNXMgZTv/Altair-Prime-9-07-coffee.png
Altair Prime,DTL065X,36V DC,200/300mA,3500K, CRI>97,Φ50*H120mm,15°,9W,AJ/CG,ARAS0950/35/15/DGR,https://i.ibb.co/Mym4YQ0K/Altair-Prime-9-09-dark-gray-default-001.png
Altair Prime,DTL065X,36V DC,200/300mA,3500K, CRI>97,Φ50*H120mm,15°,9W,AJ/CG,ARAS0950/35/15/BB,https://i.ibb.co/JRbqkrZ8/Altair-Prime-9-06-ballet-blue.png
Altair Prime,DTL065X,36V DC,200/300mA,3500K, CRI>97,Φ50*H120mm,15°,9W,AJ/CG,ARAS0950/35/15/CH,https://i.ibb.co/9mJct4jx/Altair-Prime-9-01-chrome.png
Altair Prime,DTL065X,36V DC,200/300mA,3500K, CRI>97,Φ50*H120mm,15°,9W,AJ/CG,ARAS0950/35/15/CHB,https://i.ibb.co/7Jpwhs11/Altair-Prime-9-02-chrome-black.png
Altair Prime,DTL065X,36V DC,200/300mA,4000K, CRI>97,Φ50*H120mm,15°,9W,AJ/CG,ARAS0950/40/15/W,https://i.ibb.co/kgwNq92R/Altair-Prime-9-05-white.png
Altair Prime,DTL065X,36V DC,200/300mA,4000K, CRI>97,Φ50*H120mm,15°,9W,AJ/CG,ARAS0950/40/15/B,https://i.ibb.co/Xk8cKwjS/Altair-Prime-9-03-mat-black-default.png
Altair Prime,DTL065X,36V DC,200/300mA,4000K, CRI>97,Φ50*H120mm,15°,9W,AJ/CG,ARAS0950/40/15/CG,https://i.ibb.co/GfYNWwRK/Altair-Prime-9-04-champeing-gold.png
Altair Prime,DTL065X,36V DC,200/300mA,4000K, CRI>97,Φ50*H120mm,15°,9W,AJ/CG,ARAS0950/40/15/RG,https://i.ibb.co/4Zbkv14m/Altair-Prime-9-08-rose-gold.png
Altair Prime,DTL065X,36V DC,200/300mA,4000K, CRI>97,Φ50*H120mm,15°,9W,AJ/CG,ARAS0950/40/15/BR,https://i.ibb.co/ynn4vm8B/Altair-Prime-9-10-brown.png
Altair Prime,DTL065X,36V DC,200/300mA,4000K, CRI>97,Φ50*H120mm,15°,9W,AJ/CG,ARAS0950/40/15/COF,https://i.ibb.co/nNXMgZTv/Altair-Prime-9-07-coffee.png
Altair Prime,DTL065X,36V DC,200/300mA,4000K, CRI>97,Φ50*H120mm,15°,9W,AJ/CG,ARAS0950/40/15/DGR,https://i.ibb.co/Mym4YQ0K/Altair-Prime-9-09-dark-gray-default-001.png
Altair Prime,DTL065X,36V DC,200/300mA,4000K, CRI>97,Φ50*H120mm,15°,9W,AJ/CG,ARAS0950/40/15/BB,https://i.ibb.co/JRbqkrZ8/Altair-Prime-9-06-ballet-blue.png
Altair Prime,DTL065X,36V DC,200/300mA,4000K, CRI>97,Φ50*H120mm,15°,9W,AJ/CG,ARAS0950/40/15/CH,https://i.ibb.co/9mJct4jx/Altair-Prime-9-01-chrome.png
Altair Prime,DTL065X,36V DC,200/300mA,4000K, CRI>97,Φ50*H120mm,15°,9W,AJ/CG,ARAS0950/40/15/CHB,https://i.ibb.co/7Jpwhs11/Altair-Prime-9-02-chrome-black.png
Altair Prime,DTL065X,36V DC,200/300mA,5000K, CRI>97,Φ50*H120mm,15°,9W,AJ/CG,ARAS0950/50/15/W,https://i.ibb.co/kgwNq92R/Altair-Prime-9-05-white.png
Altair Prime,DTL065X,36V DC,200/300mA,5000K, CRI>97,Φ50*H120mm,15°,9W,AJ/CG,ARAS0950/50/15/B,https://i.ibb.co/Xk8cKwjS/Altair-Prime-9-03-mat-black-default.png
Altair Prime,DTL065X,36V DC,200/300mA,5000K, CRI>97,Φ50*H120mm,15°,9W,AJ/CG,ARAS0950/50/15/CG,https://i.ibb.co/GfYNWwRK/Altair-Prime-9-04-champeing-gold.png
Altair Prime,DTL065X,36V DC,200/300mA,5000K, CRI>97,Φ50*H120mm,15°,9W,AJ/CG,ARAS0950/50/15/RG,https://i.ibb.co/4Zbkv14m/Altair-Prime-9-08-rose-gold.png
Altair Prime,DTL065X,36V DC,200/300mA,5000K, CRI>97,Φ50*H120mm,15°,9W,AJ/CG,ARAS0950/50/15/BR,https://i.ibb.co/ynn4vm8B/Altair-Prime-9-10-brown.png
Altair Prime,DTL065X,36V DC,200/300mA,5000K, CRI>97,Φ50*H120mm,15°,9W,AJ/CG,ARAS0950/50/15/COF,https://i.ibb.co/nNXMgZTv/Altair-Prime-9-07-coffee.png
Altair Prime,DTL065X,36V DC,200/300mA,5000K, CRI>97,Φ50*H120mm,15°,9W,AJ/CG,ARAS0950/50/15/DGR,https://i.ibb.co/Mym4YQ0K/Altair-Prime-9-09-dark-gray-default-001.png
Altair Prime,DTL065X,36V DC,200/300mA,5000K, CRI>97,Φ50*H120mm,15°,9W,AJ/CG,ARAS0950/50/15/BB,https://i.ibb.co/JRbqkrZ8/Altair-Prime-9-06-ballet-blue.png
Altair Prime,DTL065X,36V DC,200/300mA,5000K, CRI>97,Φ50*H120mm,15°,9W,AJ/CG,ARAS0950/50/15/CH,https://i.ibb.co/9mJct4jx/Altair-Prime-9-01-chrome.png
Altair Prime,DTL065X,36V DC,200/300mA,5000K, CRI>97,Φ50*H120mm,15°,9W,AJ/CG,ARAS0950/50/15/CHB,https://i.ibb.co/7Jpwhs11/Altair-Prime-9-02-chrome-black.png
Altair Prime,DTL065X,36V DC,200/300mA,2700K, CRI>97,Φ50*H120mm,24°,9W,AJ/CG,ARAS0950/27/24/W,https://i.ibb.co/kgwNq92R/Altair-Prime-9-05-white.png
Altair Prime,DTL065X,36V DC,200/300mA,2700K, CRI>97,Φ50*H120mm,24°,9W,AJ/CG,ARAS0950/27/24/B,https://i.ibb.co/Xk8cKwjS/Altair-Prime-9-03-mat-black-default.png
Altair Prime,DTL065X,36V DC,200/300mA,2700K, CRI>97,Φ50*H120mm,24°,9W,AJ/CG,ARAS0950/27/24/CG,https://i.ibb.co/GfYNWwRK/Altair-Prime-9-04-champeing-gold.png
Altair Prime,DTL065X,36V DC,200/300mA,2700K, CRI>97,Φ50*H120mm,24°,9W,AJ/CG,ARAS0950/27/24/RG,https://i.ibb.co/4Zbkv14m/Altair-Prime-9-08-rose-gold.png
Altair Prime,DTL065X,36V DC,200/300mA,2700K, CRI>97,Φ50*H120mm,24°,9W,AJ/CG,ARAS0950/27/24/BR,https://i.ibb.co/ynn4vm8B/Altair-Prime-9-10-brown.png
Altair Prime,DTL065X,36V DC,200/300mA,2700K, CRI>97,Φ50*H120mm,24°,9W,AJ/CG,ARAS0950/27/24/COF,https://i.ibb.co/nNXMgZTv/Altair-Prime-9-07-coffee.png
Altair Prime,DTL065X,36V DC,200/300mA,2700K, CRI>97,Φ50*H120mm,24°,9W,AJ/CG,ARAS0950/27/24/DGR,https://i.ibb.co/Mym4YQ0K/Altair-Prime-9-09-dark-gray-default-001.png
Altair Prime,DTL065X,36V DC,200/300mA,2700K, CRI>97,Φ50*H120mm,24°,9W,AJ/CG,ARAS0950/27/24/BB,https://i.ibb.co/JRbqkrZ8/Altair-Prime-9-06-ballet-blue.png
Altair Prime,DTL065X,36V DC,200/300mA,2700K, CRI>97,Φ50*H120mm,24°,9W,AJ/CG,ARAS0950/27/24/CH,https://i.ibb.co/9mJct4jx/Altair-Prime-9-01-chrome.png
Altair Prime,DTL065X,36V DC,200/300mA,2700K, CRI>97,Φ50*H120mm,24°,9W,AJ/CG,ARAS0950/27/24/CHB,https://i.ibb.co/7Jpwhs11/Altair-Prime-9-02-chrome-black.png
Altair Prime,DTL065X,36V DC,200/300mA,3000K, CRI>97,Φ50*H120mm,24°,9W,AJ/CG,ARAS0950/30/24/W,https://i.ibb.co/kgwNq92R/Altair-Prime-9-05-white.png
Altair Prime,DTL065X,36V DC,200/300mA,3000K, CRI>97,Φ50*H120mm,24°,9W,AJ/CG,ARAS0950/30/24/B,https://i.ibb.co/Xk8cKwjS/Altair-Prime-9-03-mat-black-default.png
Altair Prime,DTL065X,36V DC,200/300mA,3000K, CRI>97,Φ50*H120mm,24°,9W,AJ/CG,ARAS0950/30/24/CG,https://i.ibb.co/GfYNWwRK/Altair-Prime-9-04-champeing-gold.png
Altair Prime,DTL065X,36V DC,200/300mA,3000K, CRI>97,Φ50*H120mm,24°,9W,AJ/CG,ARAS0950/30/24/RG,https://i.ibb.co/4Zbkv14m/Altair-Prime-9-08-rose-gold.png
Altair Prime,DTL065X,36V DC,200/300mA,3000K, CRI>97,Φ50*H120mm,24°,9W,AJ/CG,ARAS0950/30/24/BR,https://i.ibb.co/ynn4vm8B/Altair-Prime-9-10-brown.png
Altair Prime,DTL065X,36V DC,200/300mA,3000K, CRI>97,Φ50*H120mm,24°,9W,AJ/CG,ARAS0950/30/24/COF,https://i.ibb.co/nNXMgZTv/Altair-Prime-9-07-coffee.png
Altair Prime,DTL065X,36V DC,200/300mA,3000K, CRI>97,Φ50*H120mm,24°,9W,AJ/CG,ARAS0950/30/24/DGR,https://i.ibb.co/Mym4YQ0K/Altair-Prime-9-09-dark-gray-default-001.png
Altair Prime,DTL065X,36V DC,200/300mA,3000K, CRI>97,Φ50*H120mm,24°,9W,AJ/CG,ARAS0950/30/24/BB,https://i.ibb.co/JRbqkrZ8/Altair-Prime-9-06-ballet-blue.png
Altair Prime,DTL065X,36V DC,200/300mA,3000K, CRI>97,Φ50*H120mm,24°,9W,AJ/CG,ARAS0950/30/24/CH,https://i.ibb.co/9mJct4jx/Altair-Prime-9-01-chrome.png
Altair Prime,DTL065X,36V DC,200/300mA,3000K, CRI>97,Φ50*H120mm,24°,9W,AJ/CG,ARAS0950/30/24/CHB,https://i.ibb.co/7Jpwhs11/Altair-Prime-9-02-chrome-black.png
Altair Prime,DTL065X,36V DC,200/300mA,3500K, CRI>97,Φ50*H120mm,24°,9W,AJ/CG,ARAS0950/35/24/W,https://i.ibb.co/kgwNq92R/Altair-Prime-9-05-white.png
Altair Prime,DTL065X,36V DC,200/300mA,3500K, CRI>97,Φ50*H120mm,24°,9W,AJ/CG,ARAS0950/35/24/B,https://i.ibb.co/Xk8cKwjS/Altair-Prime-9-03-mat-black-default.png
Altair Prime,DTL065X,36V DC,200/300mA,3500K, CRI>97,Φ50*H120mm,24°,9W,AJ/CG,ARAS0950/35/24/CG,https://i.ibb.co/GfYNWwRK/Altair-Prime-9-04-champeing-gold.png
Altair Prime,DTL065X,36V DC,200/300mA,3500K, CRI>97,Φ50*H120mm,24°,9W,AJ/CG,ARAS0950/35/24/RG,https://i.ibb.co/4Zbkv14m/Altair-Prime-9-08-rose-gold.png
Altair Prime,DTL065X,36V DC,200/300mA,3500K, CRI>97,Φ50*H120mm,24°,9W,AJ/CG,ARAS0950/35/24/BR,https://i.ibb.co/ynn4vm8B/Altair-Prime-9-10-brown.png
Altair Prime,DTL065X,36V DC,200/300mA,3500K, CRI>97,Φ50*H120mm,24°,9W,AJ/CG,ARAS0950/35/24/COF,https://i.ibb.co/nNXMgZTv/Altair-Prime-9-07-coffee.png
Altair Prime,DTL065X,36V DC,200/300mA,3500K, CRI>97,Φ50*H120mm,24°,9W,AJ/CG,ARAS0950/35/24/DGR,https://i.ibb.co/Mym4YQ0K/Altair-Prime-9-09-dark-gray-default-001.png
Altair Prime,DTL065X,36V DC,200/300mA,3500K, CRI>97,Φ50*H120mm,24°,9W,AJ/CG,ARAS0950/35/24/BB,https://i.ibb.co/JRbqkrZ8/Altair-Prime-9-06-ballet-blue.png
Altair Prime,DTL065X,36V DC,200/300mA,3500K, CRI>97,Φ50*H120mm,24°,9W,AJ/CG,ARAS0950/35/24/CH,https://i.ibb.co/9mJct4jx/Altair-Prime-9-01-chrome.png
Altair Prime,DTL065X,36V DC,200/300mA,3500K, CRI>97,Φ50*H120mm,24°,9W,AJ/CG,ARAS0950/35/24/CHB,https://i.ibb.co/7Jpwhs11/Altair-Prime-9-02-chrome-black.png
Altair Prime,DTL065X,36V DC,200/300mA,4000K, CRI>97,Φ50*H120mm,24°,9W,AJ/CG,ARAS0950/40/24/W,https://i.ibb.co/kgwNq92R/Altair-Prime-9-05-white.png
Altair Prime,DTL065X,36V DC,200/300mA,4000K, CRI>97,Φ50*H120mm,24°,9W,AJ/CG,ARAS0950/40/24/B,https://i.ibb.co/Xk8cKwjS/Altair-Prime-9-03-mat-black-default.png
Altair Prime,DTL065X,36V DC,200/300mA,4000K, CRI>97,Φ50*H120mm,24°,9W,AJ/CG,ARAS0950/40/24/CG,https://i.ibb.co/GfYNWwRK/Altair-Prime-9-04-champeing-gold.png
Altair Prime,DTL065X,36V DC,200/300mA,4000K, CRI>97,Φ50*H120mm,24°,9W,AJ/CG,ARAS0950/40/24/RG,https://i.ibb.co/4Zbkv14m/Altair-Prime-9-08-rose-gold.png
Altair Prime,DTL065X,36V DC,200/300mA,4000K, CRI>97,Φ50*H120mm,24°,9W,AJ/CG,ARAS0950/40/24/BR,https://i.ibb.co/ynn4vm8B/Altair-Prime-9-10-brown.png
Altair Prime,DTL065X,36V DC,200/300mA,4000K, CRI>97,Φ50*H120mm,24°,9W,AJ/CG,ARAS0950/40/24/COF,https://i.ibb.co/nNXMgZTv/Altair-Prime-9-07-coffee.png
Altair Prime,DTL065X,36V DC,200/300mA,4000K, CRI>97,Φ50*H120mm,24°,9W,AJ/CG,ARAS0950/40/24/DGR,https://i.ibb.co/Mym4YQ0K/Altair-Prime-9-09-dark-gray-default-001.png
Altair Prime,DTL065X,36V DC,200/300mA,4000K, CRI>97,Φ50*H120mm,24°,9W,AJ/CG,ARAS0950/40/24/BB,https://i.ibb.co/JRbqkrZ8/Altair-Prime-9-06-ballet-blue.png
Altair Prime,DTL065X,36V DC,200/300mA,4000K, CRI>97,Φ50*H120mm,24°,9W,AJ/CG,ARAS0950/40/24/CH,https://i.ibb.co/9mJct4jx/Altair-Prime-9-01-chrome.png
Altair Prime,DTL065X,36V DC,200/300mA,4000K, CRI>97,Φ50*H120mm,24°,9W,AJ/CG,ARAS0950/40/24/CHB,https://i.ibb.co/7Jpwhs11/Altair-Prime-9-02-chrome-black.png
Altair Prime,DTL065X,36V DC,200/300mA,5000K, CRI>97,Φ50*H120mm,24°,9W,AJ/CG,ARAS0950/50/24/W,https://i.ibb.co/kgwNq92R/Altair-Prime-9-05-white.png
Altair Prime,DTL065X,36V DC,200/300mA,5000K, CRI>97,Φ50*H120mm,24°,9W,AJ/CG,ARAS0950/50/24/B,https://i.ibb.co/Xk8cKwjS/Altair-Prime-9-03-mat-black-default.png
Altair Prime,DTL065X,36V DC,200/300mA,5000K, CRI>97,Φ50*H120mm,24°,9W,AJ/CG,ARAS0950/50/24/CG,https://i.ibb.co/GfYNWwRK/Altair-Prime-9-04-champeing-gold.png
Altair Prime,DTL065X,36V DC,200/300mA,5000K, CRI>97,Φ50*H120mm,24°,9W,AJ/CG,ARAS0950/50/24/RG,https://i.ibb.co/4Zbkv14m/Altair-Prime-9-08-rose-gold.png
Altair Prime,DTL065X,36V DC,200/300mA,5000K, CRI>97,Φ50*H120mm,24°,9W,AJ/CG,ARAS0950/50/24/BR,https://i.ibb.co/ynn4vm8B/Altair-Prime-9-10-brown.png
Altair Prime,DTL065X,36V DC,200/300mA,5000K, CRI>97,Φ50*H120mm,24°,9W,AJ/CG,ARAS0950/50/24/COF,https://i.ibb.co/nNXMgZTv/Altair-Prime-9-07-coffee.png
Altair Prime,DTL065X,36V DC,200/300mA,5000K, CRI>97,Φ50*H120mm,24°,9W,AJ/CG,ARAS0950/50/24/DGR,https://i.ibb.co/Mym4YQ0K/Altair-Prime-9-09-dark-gray-default-001.png
Altair Prime,DTL065X,36V DC,200/300mA,5000K, CRI>97,Φ50*H120mm,24°,9W,AJ/CG,ARAS0950/50/24/BB,https://i.ibb.co/JRbqkrZ8/Altair-Prime-9-06-ballet-blue.png
Altair Prime,DTL065X,36V DC,200/300mA,5000K, CRI>97,Φ50*H120mm,24°,9W,AJ/CG,ARAS0950/50/24/CH,https://i.ibb.co/9mJct4jx/Altair-Prime-9-01-chrome.png
Altair Prime,DTL065X,36V DC,200/300mA,5000K, CRI>97,Φ50*H120mm,24°,9W,AJ/CG,ARAS0950/50/24/CHB,https://i.ibb.co/7Jpwhs11/Altair-Prime-9-02-chrome-black.png
Altair Prime,DTL065X,36V DC,200/300mA,2700K, CRI>97,Φ50*H120mm,36°,9W,AJ/CG,ARAS0950/27/36/W,https://i.ibb.co/kgwNq92R/Altair-Prime-9-05-white.png
Altair Prime,DTL065X,36V DC,200/300mA,2700K, CRI>97,Φ50*H120mm,36°,9W,AJ/CG,ARAS0950/27/36/B,https://i.ibb.co/Xk8cKwjS/Altair-Prime-9-03-mat-black-default.png
Altair Prime,DTL065X,36V DC,200/300mA,2700K, CRI>97,Φ50*H120mm,36°,9W,AJ/CG,ARAS0950/27/36/CG,https://i.ibb.co/GfYNWwRK/Altair-Prime-9-04-champeing-gold.png
Altair Prime,DTL065X,36V DC,200/300mA,2700K, CRI>97,Φ50*H120mm,36°,9W,AJ/CG,ARAS0950/27/36/RG,https://i.ibb.co/4Zbkv14m/Altair-Prime-9-08-rose-gold.png
Altair Prime,DTL065X,36V DC,200/300mA,2700K, CRI>97,Φ50*H120mm,36°,9W,AJ/CG,ARAS0950/27/36/BR,https://i.ibb.co/ynn4vm8B/Altair-Prime-9-10-brown.png
Altair Prime,DTL065X,36V DC,200/300mA,2700K, CRI>97,Φ50*H120mm,36°,9W,AJ/CG,ARAS0950/27/36/COF,https://i.ibb.co/nNXMgZTv/Altair-Prime-9-07-coffee.png
Altair Prime,DTL065X,36V DC,200/300mA,2700K, CRI>97,Φ50*H120mm,36°,9W,AJ/CG,ARAS0950/27/36/DGR,https://i.ibb.co/Mym4YQ0K/Altair-Prime-9-09-dark-gray-default-001.png
Altair Prime,DTL065X,36V DC,200/300mA,2700K, CRI>97,Φ50*H120mm,36°,9W,AJ/CG,ARAS0950/27/36/BB,https://i.ibb.co/JRbqkrZ8/Altair-Prime-9-06-ballet-blue.png
Altair Prime,DTL065X,36V DC,200/300mA,2700K, CRI>97,Φ50*H120mm,36°,9W,AJ/CG,ARAS0950/27/36/CH,https://i.ibb.co/9mJct4jx/Altair-Prime-9-01-chrome.png
Altair Prime,DTL065X,36V DC,200/300mA,2700K, CRI>97,Φ50*H120mm,36°,9W,AJ/CG,ARAS0950/27/36/CHB,https://i.ibb.co/7Jpwhs11/Altair-Prime-9-02-chrome-black.png
Altair Prime,DTL065X,36V DC,200/300mA,3000K, CRI>97,Φ50*H120mm,36°,9W,AJ/CG,ARAS0950/30/36/W,https://i.ibb.co/kgwNq92R/Altair-Prime-9-05-white.png
Altair Prime,DTL065X,36V DC,200/300mA,3000K, CRI>97,Φ50*H120mm,36°,9W,AJ/CG,ARAS0950/30/36/B,https://i.ibb.co/Xk8cKwjS/Altair-Prime-9-03-mat-black-default.png
Altair Prime,DTL065X,36V DC,200/300mA,3000K, CRI>97,Φ50*H120mm,36°,9W,AJ/CG,ARAS0950/30/36/CG,https://i.ibb.co/GfYNWwRK/Altair-Prime-9-04-champeing-gold.png
Altair Prime,DTL065X,36V DC,200/300mA,3000K, CRI>97,Φ50*H120mm,36°,9W,AJ/CG,ARAS0950/30/36/RG,https://i.ibb.co/4Zbkv14m/Altair-Prime-9-08-rose-gold.png
Altair Prime,DTL065X,36V DC,200/300mA,3000K, CRI>97,Φ50*H120mm,36°,9W,AJ/CG,ARAS0950/30/36/BR,https://i.ibb.co/ynn4vm8B/Altair-Prime-9-10-brown.png
Altair Prime,DTL065X,36V DC,200/300mA,3000K, CRI>97,Φ50*H120mm,36°,9W,AJ/CG,ARAS0950/30/36/COF,https://i.ibb.co/nNXMgZTv/Altair-Prime-9-07-coffee.png
Altair Prime,DTL065X,36V DC,200/300mA,3000K, CRI>97,Φ50*H120mm,36°,9W,AJ/CG,ARAS0950/30/36/DGR,https://i.ibb.co/Mym4YQ0K/Altair-Prime-9-09-dark-gray-default-001.png
Altair Prime,DTL065X,36V DC,200/300mA,3000K, CRI>97,Φ50*H120mm,36°,9W,AJ/CG,ARAS0950/30/36/BB,https://i.ibb.co/JRbqkrZ8/Altair-Prime-9-06-ballet-blue.png
Altair Prime,DTL065X,36V DC,200/300mA,3000K, CRI>97,Φ50*H120mm,36°,9W,AJ/CG,ARAS0950/30/36/CH,https://i.ibb.co/9mJct4jx/Altair-Prime-9-01-chrome.png
Altair Prime,DTL065X,36V DC,200/300mA,3000K, CRI>97,Φ50*H120mm,36°,9W,AJ/CG,ARAS0950/30/36/CHB,https://i.ibb.co/7Jpwhs11/Altair-Prime-9-02-chrome-black.png
Altair Prime,DTL065X,36V DC,200/300mA,3500K, CRI>97,Φ50*H120mm,36°,9W,AJ/CG,ARAS0950/35/36/W,https://i.ibb.co/kgwNq92R/Altair-Prime-9-05-white.png
Altair Prime,DTL065X,36V DC,200/300mA,3500K, CRI>97,Φ50*H120mm,36°,9W,AJ/CG,ARAS0950/35/36/B,https://i.ibb.co/Xk8cKwjS/Altair-Prime-9-03-mat-black-default.png
Altair Prime,DTL065X,36V DC,200/300mA,3500K, CRI>97,Φ50*H120mm,36°,9W,AJ/CG,ARAS0950/35/36/CG,https://i.ibb.co/GfYNWwRK/Altair-Prime-9-04-champeing-gold.png
Altair Prime,DTL065X,36V DC,200/300mA,3500K, CRI>97,Φ50*H120mm,36°,9W,AJ/CG,ARAS0950/35/36/RG,https://i.ibb.co/4Zbkv14m/Altair-Prime-9-08-rose-gold.png
Altair Prime,DTL065X,36V DC,200/300mA,3500K, CRI>97,Φ50*H120mm,36°,9W,AJ/CG,ARAS0950/35/36/BR,https://i.ibb.co/ynn4vm8B/Altair-Prime-9-10-brown.png
Altair Prime,DTL065X,36V DC,200/300mA,3500K, CRI>97,Φ50*H120mm,36°,9W,AJ/CG,ARAS0950/35/36/COF,https://i.ibb.co/nNXMgZTv/Altair-Prime-9-07-coffee.png
Altair Prime,DTL065X,36V DC,200/300mA,3500K, CRI>97,Φ50*H120mm,36°,9W,AJ/CG,ARAS0950/35/36/DGR,https://i.ibb.co/Mym4YQ0K/Altair-Prime-9-09-dark-gray-default-001.png
Altair Prime,DTL065X,36V DC,200/300mA,3500K, CRI>97,Φ50*H120mm,36°,9W,AJ/CG,ARAS0950/35/36/BB,https://i.ibb.co/JRbqkrZ8/Altair-Prime-9-06-ballet-blue.png
Altair Prime,DTL065X,36V DC,200/300mA,3500K, CRI>97,Φ50*H120mm,36°,9W,AJ/CG,ARAS0950/35/36/CH,https://i.ibb.co/9mJct4jx/Altair-Prime-9-01-chrome.png
Altair Prime,DTL065X,36V DC,200/300mA,3500K, CRI>97,Φ50*H120mm,36°,9W,AJ/CG,ARAS0950/35/36/CHB,https://i.ibb.co/7Jpwhs11/Altair-Prime-9-02-chrome-black.png
Altair Prime,DTL065X,36V DC,200/300mA,4000K, CRI>97,Φ50*H120mm,36°,9W,AJ/CG,ARAS0950/40/36/W,https://i.ibb.co/kgwNq92R/Altair-Prime-9-05-white.png
Altair Prime,DTL065X,36V DC,200/300mA,4000K, CRI>97,Φ50*H120mm,36°,9W,AJ/CG,ARAS0950/40/36/B,https://i.ibb.co/Xk8cKwjS/Altair-Prime-9-03-mat-black-default.png
Altair Prime,DTL065X,36V DC,200/300mA,4000K, CRI>97,Φ50*H120mm,36°,9W,AJ/CG,ARAS0950/40/36/CG,https://i.ibb.co/GfYNWwRK/Altair-Prime-9-04-champeing-gold.png
Altair Prime,DTL065X,36V DC,200/300mA,4000K, CRI>97,Φ50*H120mm,36°,9W,AJ/CG,ARAS0950/40/36/RG,https://i.ibb.co/4Zbkv14m/Altair-Prime-9-08-rose-gold.png
Altair Prime,DTL065X,36V DC,200/300mA,4000K, CRI>97,Φ50*H120mm,36°,9W,AJ/CG,ARAS0950/40/36/BR,https://i.ibb.co/ynn4vm8B/Altair-Prime-9-10-brown.png
Altair Prime,DTL065X,36V DC,200/300mA,4000K, CRI>97,Φ50*H120mm,36°,9W,AJ/CG,ARAS0950/40/36/COF,https://i.ibb.co/nNXMgZTv/Altair-Prime-9-07-coffee.png
Altair Prime,DTL065X,36V DC,200/300mA,4000K, CRI>97,Φ50*H120mm,36°,9W,AJ/CG,ARAS0950/40/36/DGR,https://i.ibb.co/Mym4YQ0K/Altair-Prime-9-09-dark-gray-default-001.png
Altair Prime,DTL065X,36V DC,200/300mA,4000K, CRI>97,Φ50*H120mm,36°,9W,AJ/CG,ARAS0950/40/36/BB,https://i.ibb.co/JRbqkrZ8/Altair-Prime-9-06-ballet-blue.png
Altair Prime,DTL065X,36V DC,200/300mA,4000K, CRI>97,Φ50*H120mm,36°,9W,AJ/CG,ARAS0950/40/36/CH,https://i.ibb.co/9mJct4jx/Altair-Prime-9-01-chrome.png
Altair Prime,DTL065X,36V DC,200/300mA,4000K, CRI>97,Φ50*H120mm,36°,9W,AJ/CG,ARAS0950/40/36/CHB,https://i.ibb.co/7Jpwhs11/Altair-Prime-9-02-chrome-black.png
Altair Prime,DTL065X,36V DC,200/300mA,5000K, CRI>97,Φ50*H120mm,36°,9W,AJ/CG,ARAS0950/50/36/W,https://i.ibb.co/kgwNq92R/Altair-Prime-9-05-white.png
Altair Prime,DTL065X,36V DC,200/300mA,5000K, CRI>97,Φ50*H120mm,36°,9W,AJ/CG,ARAS0950/50/36/B,https://i.ibb.co/Xk8cKwjS/Altair-Prime-9-03-mat-black-default.png
Altair Prime,DTL065X,36V DC,200/300mA,5000K, CRI>97,Φ50*H120mm,36°,9W,AJ/CG,ARAS0950/50/36/CG,https://i.ibb.co/GfYNWwRK/Altair-Prime-9-04-champeing-gold.png
Altair Prime,DTL065X,36V DC,200/300mA,5000K, CRI>97,Φ50*H120mm,36°,9W,AJ/CG,ARAS0950/50/36/RG,https://i.ibb.co/4Zbkv14m/Altair-Prime-9-08-rose-gold.png
Altair Prime,DTL065X,36V DC,200/300mA,5000K, CRI>97,Φ50*H120mm,36°,9W,AJ/CG,ARAS0950/50/36/BR,https://i.ibb.co/ynn4vm8B/Altair-Prime-9-10-brown.png
Altair Prime,DTL065X,36V DC,200/300mA,5000K, CRI>97,Φ50*H120mm,36°,9W,AJ/CG,ARAS0950/50/36/COF,https://i.ibb.co/nNXMgZTv/Altair-Prime-9-07-coffee.png
Altair Prime,DTL065X,36V DC,200/300mA,5000K, CRI>97,Φ50*H120mm,36°,9W,AJ/CG,ARAS0950/50/36/DGR,https://i.ibb.co/Mym4YQ0K/Altair-Prime-9-09-dark-gray-default-001.png
Altair Prime,DTL065X,36V DC,200/300mA,5000K, CRI>97,Φ50*H120mm,36°,9W,AJ/CG,ARAS0950/50/36/BB,https://i.ibb.co/JRbqkrZ8/Altair-Prime-9-06-ballet-blue.png
Altair Prime,DTL065X,36V DC,200/300mA,5000K, CRI>97,Φ50*H120mm,36°,9W,AJ/CG,ARAS0950/50/36/CH,https://i.ibb.co/9mJct4jx/Altair-Prime-9-01-chrome.png
Altair Prime,DTL065X,36V DC,200/300mA,5000K, CRI>97,Φ50*H120mm,36°,9W,AJ/CG,ARAS0950/50/36/CHB,https://i.ibb.co/7Jpwhs11/Altair-Prime-9-02-chrome-black.png
Altair Prime Tunable,DTL065X,36V DC,200/300mA,2700K~6500K, CRI>97,Φ50*H120mm,15°,9W,AJ/CG,ARAS0950/CT/15/W,https://i.ibb.co/kgwNq92R/Altair-Prime-9-05-white.png
Altair Prime Tunable,DTL065X,36V DC,200/300mA,2700K~6500K, CRI>97,Φ50*H120mm,15°,9W,AJ/CG,ARAS0950/CT/15/B,https://i.ibb.co/Xk8cKwjS/Altair-Prime-9-03-mat-black-default.png
Altair Prime Tunable,DTL065X,36V DC,200/300mA,2700K~6500K, CRI>97,Φ50*H120mm,15°,9W,AJ/CG,ARAS0950/CT/15/CG,https://i.ibb.co/GfYNWwRK/Altair-Prime-9-04-champeing-gold.png
Altair Prime Tunable,DTL065X,36V DC,200/300mA,2700K~6500K, CRI>97,Φ50*H120mm,15°,9W,AJ/CG,ARAS0950/CT/15/RG,https://i.ibb.co/4Zbkv14m/Altair-Prime-9-08-rose-gold.png
Altair Prime Tunable,DTL065X,36V DC,200/300mA,2700K~6500K, CRI>97,Φ50*H120mm,15°,9W,AJ/CG,ARAS0950/CT/15/BR,https://i.ibb.co/ynn4vm8B/Altair-Prime-9-10-brown.png
Altair Prime Tunable,DTL065X,36V DC,200/300mA,2700K~6500K, CRI>97,Φ50*H120mm,15°,9W,AJ/CG,ARAS0950/CT/15/COF,https://i.ibb.co/nNXMgZTv/Altair-Prime-9-07-coffee.png
Altair Prime Tunable,DTL065X,36V DC,200/300mA,2700K~6500K, CRI>97,Φ50*H120mm,15°,9W,AJ/CG,ARAS0950/CT/15/DGR,https://i.ibb.co/Mym4YQ0K/Altair-Prime-9-09-dark-gray-default-001.png
Altair Prime Tunable,DTL065X,36V DC,200/300mA,2700K~6500K, CRI>97,Φ50*H120mm,15°,9W,AJ/CG,ARAS0950/CT/15/BB,https://i.ibb.co/JRbqkrZ8/Altair-Prime-9-06-ballet-blue.png
Altair Prime Tunable,DTL065X,36V DC,200/300mA,2700K~6500K, CRI>97,Φ50*H120mm,15°,9W,AJ/CG,ARAS0950/CT/15/CH,https://i.ibb.co/9mJct4jx/Altair-Prime-9-01-chrome.png
Altair Prime Tunable,DTL065X,36V DC,200/300mA,2700K~6500K, CRI>97,Φ50*H120mm,15°,9W,AJ/CG,ARAS0950/CT/15/CHB,https://i.ibb.co/7Jpwhs11/Altair-Prime-9-02-chrome-black.png
Altair Prime Tunable,DTL065X,36V DC,200/300mA,2700K~6500K, CRI>97,Φ50*H120mm,24°,9W,AJ/CG,ARAS0950/CT/24/W,https://i.ibb.co/kgwNq92R/Altair-Prime-9-05-white.png
Altair Prime Tunable,DTL065X,36V DC,200/300mA,2700K~6500K, CRI>97,Φ50*H120mm,24°,9W,AJ/CG,ARAS0950/CT/24/B,https://i.ibb.co/Xk8cKwjS/Altair-Prime-9-03-mat-black-default.png
Altair Prime Tunable,DTL065X,36V DC,200/300mA,2700K~6500K, CRI>97,Φ50*H120mm,24°,9W,AJ/CG,ARAS0950/CT/24/CG,https://i.ibb.co/GfYNWwRK/Altair-Prime-9-04-champeing-gold.png
Altair Prime Tunable,DTL065X,36V DC,200/300mA,2700K~6500K, CRI>97,Φ50*H120mm,24°,9W,AJ/CG,ARAS0950/CT/24/RG,https://i.ibb.co/4Zbkv14m/Altair-Prime-9-08-rose-gold.png
Altair Prime Tunable,DTL065X,36V DC,200/300mA,2700K~6500K, CRI>97,Φ50*H120mm,24°,9W,AJ/CG,ARAS0950/CT/24/BR,https://i.ibb.co/ynn4vm8B/Altair-Prime-9-10-brown.png
Altair Prime Tunable,DTL065X,36V DC,200/300mA,2700K~6500K, CRI>97,Φ50*H120mm,24°,9W,AJ/CG,ARAS0950/CT/24/COF,https://i.ibb.co/nNXMgZTv/Altair-Prime-9-07-coffee.png
Altair Prime Tunable,DTL065X,36V DC,200/300mA,2700K~6500K, CRI>97,Φ50*H120mm,24°,9W,AJ/CG,ARAS0950/CT/24/DGR,https://i.ibb.co/Mym4YQ0K/Altair-Prime-9-09-dark-gray-default-001.png
Altair Prime Tunable,DTL065X,36V DC,200/300mA,2700K~6500K, CRI>97,Φ50*H120mm,24°,9W,AJ/CG,ARAS0950/CT/24/BB,https://i.ibb.co/JRbqkrZ8/Altair-Prime-9-06-ballet-blue.png
Altair Prime Tunable,DTL065X,36V DC,200/300mA,2700K~6500K, CRI>97,Φ50*H120mm,24°,9W,AJ/CG,ARAS0950/CT/24/CH,https://i.ibb.co/9mJct4jx/Altair-Prime-9-01-chrome.png
Altair Prime Tunable,DTL065X,36V DC,200/300mA,2700K~6500K, CRI>97,Φ50*H120mm,24°,9W,AJ/CG,ARAS0950/CT/24/CHB,https://i.ibb.co/7Jpwhs11/Altair-Prime-9-02-chrome-black.png
Altair Prime Tunable,DTL065X,36V DC,200/300mA,2700K~6500K, CRI>97,Φ50*H120mm,36°,9W,AJ/CG,ARAS0950/CT/36/W,https://i.ibb.co/kgwNq92R/Altair-Prime-9-05-white.png
Altair Prime Tunable,DTL065X,36V DC,200/300mA,2700K~6500K, CRI>97,Φ50*H120mm,36°,9W,AJ/CG,ARAS0950/CT/36/B,https://i.ibb.co/Xk8cKwjS/Altair-Prime-9-03-mat-black-default.png
Altair Prime Tunable,DTL065X,36V DC,200/300mA,2700K~6500K, CRI>97,Φ50*H120mm,36°,9W,AJ/CG,ARAS0950/CT/36/CG,https://i.ibb.co/GfYNWwRK/Altair-Prime-9-04-champeing-gold.png
Altair Prime Tunable,DTL065X,36V DC,200/300mA,2700K~6500K, CRI>97,Φ50*H120mm,36°,9W,AJ/CG,ARAS0950/CT/36/RG,https://i.ibb.co/4Zbkv14m/Altair-Prime-9-08-rose-gold.png
Altair Prime Tunable,DTL065X,36V DC,200/300mA,2700K~6500K, CRI>97,Φ50*H120mm,36°,9W,AJ/CG,ARAS0950/CT/36/BR,https://i.ibb.co/ynn4vm8B/Altair-Prime-9-10-brown.png
Altair Prime Tunable,DTL065X,36V DC,200/300mA,2700K~6500K, CRI>97,Φ50*H120mm,36°,9W,AJ/CG,ARAS0950/CT/36/COF,https://i.ibb.co/nNXMgZTv/Altair-Prime-9-07-coffee.png
Altair Prime Tunable,DTL065X,36V DC,200/300mA,2700K~6500K, CRI>97,Φ50*H120mm,36°,9W,AJ/CG,ARAS0950/CT/36/DGR,https://i.ibb.co/Mym4YQ0K/Altair-Prime-9-09-dark-gray-default-001.png
Altair Prime Tunable,DTL065X,36V DC,200/300mA,2700K~6500K, CRI>97,Φ50*H120mm,36°,9W,AJ/CG,ARAS0950/CT/36/BB,https://i.ibb.co/JRbqkrZ8/Altair-Prime-9-06-ballet-blue.png
Altair Prime Tunable,DTL065X,36V DC,200/300mA,2700K~6500K, CRI>97,Φ50*H120mm,36°,9W,AJ/CG,ARAS0950/CT/36/CH,https://i.ibb.co/9mJct4jx/Altair-Prime-9-01-chrome.png
Altair Prime Tunable,DTL065X,36V DC,200/300mA,2700K~6500K, CRI>97,Φ50*H120mm,36°,9W,AJ/CG,ARAS0950/CT/36/CHB,https://i.ibb.co/7Jpwhs11/Altair-Prime-9-02-chrome-black.png
Altair Muse,ARAD1502,36V DC,350mA,2700K, CRI>97,Φ55*H160mm,NA,15W,AJ/CG,ARAF1545/27/B,https://i.ibb.co/TqLW9rNv/Altair-Muse-mat-black-default.png
Altair Muse,ARAD1502,36V DC,350mA,2700K, CRI>97,Φ55*H160mm,NA,15W,AJ/CG,ARAF1545/27/W,https://i.ibb.co/TqtNYWyM/Altair-Muse-white.png
Altair Muse,ARAD1502,36V DC,350mA,2700K, CRI>97,Φ55*H160mm,NA,15W,AJ/CG,ARAF1545/27/CG,https://i.ibb.co/h1tRWbtD/Altair-Muse-champeing-gold.png
Altair Muse,ARAD1502,36V DC,350mA,2700K, CRI>97,Φ55*H160mm,NA,15W,AJ/CG,ARAF1545/27/RG,https://i.ibb.co/5WTLY2Hq/Altair-Muse-rose-gold.png
Altair Muse,ARAD1502,36V DC,350mA,2700K, CRI>97,Φ55*H160mm,NA,15W,AJ/CG,ARAF1545/27/BR,https://i.ibb.co/ZyCftVT/Altair-Muse-brown.png
Altair Muse,ARAD1502,36V DC,350mA,2700K, CRI>97,Φ55*H160mm,NA,15W,AJ/CG,ARAF1545/27/COF,https://i.ibb.co/p6n7GTy3/Altair-Muse-offee.png
Altair Muse,ARAD1502,36V DC,350mA,2700K, CRI>97,Φ55*H160mm,NA,15W,AJ/CG,ARAF1545/27/DGR,https://i.ibb.co/5WdpcKZj/Altair-Muse-dark-gray.png
Altair Muse,ARAD1502,36V DC,350mA,2700K, CRI>97,Φ55*H160mm,NA,15W,AJ/CG,ARAF1545/27/BB,https://i.ibb.co/9H83LDq0/Altair-Muse-ballet-blue.png
Altair Muse,ARAD1502,36V DC,350mA,2700K, CRI>97,Φ55*H160mm,NA,15W,AJ/CG,ARAF1545/27/CH,https://i.ibb.co/606S1g0Y/Altair-Muse-chrome.png
Altair Muse,ARAD1502,36V DC,350mA,2700K, CRI>97,Φ55*H160mm,NA,15W,AJ/CG,ARAF1545/27/CHB,https://i.ibb.co/M5Q9QLWb/Altair-Muse-chrome-black.png
Altair Muse,ARAD1502,36V DC,350mA,3000K, CRI>97,Φ55*H160mm,NA,15W,AJ/CG,ARAF1545/30/B,https://i.ibb.co/TqLW9rNv/Altair-Muse-mat-black-default.png
Altair Muse,ARAD1502,36V DC,350mA,3000K, CRI>97,Φ55*H160mm,NA,15W,AJ/CG,ARAF1545/30/W,https://i.ibb.co/TqtNYWyM/Altair-Muse-white.png
Altair Muse,ARAD1502,36V DC,350mA,3000K, CRI>97,Φ55*H160mm,NA,15W,AJ/CG,ARAF1545/30/CG,https://i.ibb.co/h1tRWbtD/Altair-Muse-champeing-gold.png
Altair Muse,ARAD1502,36V DC,350mA,3000K, CRI>97,Φ55*H160mm,NA,15W,AJ/CG,ARAF1545/30/RG,https://i.ibb.co/5WTLY2Hq/Altair-Muse-rose-gold.png
Altair Muse,ARAD1502,36V DC,350mA,3000K, CRI>97,Φ55*H160mm,NA,15W,AJ/CG,ARAF1545/30/BR,https://i.ibb.co/ZyCftVT/Altair-Muse-brown.png
Altair Muse,ARAD1502,36V DC,350mA,3000K, CRI>97,Φ55*H160mm,NA,15W,AJ/CG,ARAF1545/30/COF,https://i.ibb.co/p6n7GTy3/Altair-Muse-offee.png
Altair Muse,ARAD1502,36V DC,350mA,3000K, CRI>97,Φ55*H160mm,NA,15W,AJ/CG,ARAF1545/30/DGR,https://i.ibb.co/5WdpcKZj/Altair-Muse-dark-gray.png
Altair Muse,ARAD1502,36V DC,350mA,3000K, CRI>97,Φ55*H160mm,NA,15W,AJ/CG,ARAF1545/30/BB,https://i.ibb.co/9H83LDq0/Altair-Muse-ballet-blue.png
Altair Muse,ARAD1502,36V DC,350mA,3000K, CRI>97,Φ55*H160mm,NA,15W,AJ/CG,ARAF1545/30/CH,https://i.ibb.co/606S1g0Y/Altair-Muse-chrome.png
Altair Muse,ARAD1502,36V DC,350mA,3000K, CRI>97,Φ55*H160mm,NA,15W,AJ/CG,ARAF1545/30/CHB,https://i.ibb.co/M5Q9QLWb/Altair-Muse-chrome-black.png
Altair Muse,ARAD1502,36V DC,350mA,3500K, CRI>97,Φ55*H160mm,NA,15W,AJ/CG,ARAF1545/35/B,https://i.ibb.co/TqLW9rNv/Altair-Muse-mat-black-default.png
Altair Muse,ARAD1502,36V DC,350mA,3500K, CRI>97,Φ55*H160mm,NA,15W,AJ/CG,ARAF1545/35/W,https://i.ibb.co/TqtNYWyM/Altair-Muse-white.png
Altair Muse,ARAD1502,36V DC,350mA,3500K, CRI>97,Φ55*H160mm,NA,15W,AJ/CG,ARAF1545/35/CG,https://i.ibb.co/h1tRWbtD/Altair-Muse-champeing-gold.png
Altair Muse,ARAD1502,36V DC,350mA,3500K, CRI>97,Φ55*H160mm,NA,15W,AJ/CG,ARAF1545/35/RG,https://i.ibb.co/5WTLY2Hq/Altair-Muse-rose-gold.png
Altair Muse,ARAD1502,36V DC,350mA,3500K, CRI>97,Φ55*H160mm,NA,15W,AJ/CG,ARAF1545/35/BR,https://i.ibb.co/ZyCftVT/Altair-Muse-brown.png
Altair Muse,ARAD1502,36V DC,350mA,3500K, CRI>97,Φ55*H160mm,NA,15W,AJ/CG,ARAF1545/35/COF,https://i.ibb.co/p6n7GTy3/Altair-Muse-offee.png
Altair Muse,ARAD1502,36V DC,350mA,3500K, CRI>97,Φ55*H160mm,NA,15W,AJ/CG,ARAF1545/35/DGR,https://i.ibb.co/5WdpcKZj/Altair-Muse-dark-gray.png
Altair Muse,ARAD1502,36V DC,350mA,3500K, CRI>97,Φ55*H160mm,NA,15W,AJ/CG,ARAF1545/35/BB,https://i.ibb.co/9H83LDq0/Altair-Muse-ballet-blue.png
Altair Muse,ARAD1502,36V DC,350mA,3500K, CRI>97,Φ55*H160mm,NA,15W,AJ/CG,ARAF1545/35/CH,https://i.ibb.co/606S1g0Y/Altair-Muse-chrome.png
Altair Muse,ARAD1502,36V DC,350mA,3500K, CRI>97,Φ55*H160mm,NA,15W,AJ/CG,ARAF1545/35/CHB,https://i.ibb.co/M5Q9QLWb/Altair-Muse-chrome-black.png
Altair Muse,ARAD1502,36V DC,350mA,4000K, CRI>97,Φ55*H160mm,NA,15W,AJ/CG,ARAF1545/40/B,https://i.ibb.co/TqLW9rNv/Altair-Muse-mat-black-default.png
Altair Muse,ARAD1502,36V DC,350mA,4000K, CRI>97,Φ55*H160mm,NA,15W,AJ/CG,ARAF1545/40/W,https://i.ibb.co/TqtNYWyM/Altair-Muse-white.png
Altair Muse,ARAD1502,36V DC,350mA,4000K, CRI>97,Φ55*H160mm,NA,15W,AJ/CG,ARAF1545/40/CG,https://i.ibb.co/h1tRWbtD/Altair-Muse-champeing-gold.png
Altair Muse,ARAD1502,36V DC,350mA,4000K, CRI>97,Φ55*H160mm,NA,15W,AJ/CG,ARAF1545/40/RG,https://i.ibb.co/5WTLY2Hq/Altair-Muse-rose-gold.png
Altair Muse,ARAD1502,36V DC,350mA,4000K, CRI>97,Φ55*H160mm,NA,15W,AJ/CG,ARAF1545/40/BR,https://i.ibb.co/ZyCftVT/Altair-Muse-brown.png
Altair Muse,ARAD1502,36V DC,350mA,4000K, CRI>97,Φ55*H160mm,NA,15W,AJ/CG,ARAF1545/40/COF,https://i.ibb.co/p6n7GTy3/Altair-Muse-offee.png
Altair Muse,ARAD1502,36V DC,350mA,4000K, CRI>97,Φ55*H160mm,NA,15W,AJ/CG,ARAF1545/40/DGR,https://i.ibb.co/5WdpcKZj/Altair-Muse-dark-gray.png
Altair Muse,ARAD1502,36V DC,350mA,4000K, CRI>97,Φ55*H160mm,NA,15W,AJ/CG,ARAF1545/40/BB,https://i.ibb.co/9H83LDq0/Altair-Muse-ballet-blue.png
Altair Muse,ARAD1502,36V DC,350mA,4000K, CRI>97,Φ55*H160mm,NA,15W,AJ/CG,ARAF1545/40/CH,https://i.ibb.co/606S1g0Y/Altair-Muse-chrome.png
Altair Muse,ARAD1502,36V DC,350mA,4000K, CRI>97,Φ55*H160mm,NA,15W,AJ/CG,ARAF1545/40/CHB,https://i.ibb.co/M5Q9QLWb/Altair-Muse-chrome-black.png
Altair Muse,ARAD1502,36V DC,350mA,5000K, CRI>97,Φ55*H160mm,NA,15W,AJ/CG,ARAF1545/50/B,https://i.ibb.co/TqLW9rNv/Altair-Muse-mat-black-default.png
Altair Muse,ARAD1502,36V DC,350mA,5000K, CRI>97,Φ55*H160mm,NA,15W,AJ/CG,ARAF1545/50/W,https://i.ibb.co/TqtNYWyM/Altair-Muse-white.png
Altair Muse,ARAD1502,36V DC,350mA,5000K, CRI>97,Φ55*H160mm,NA,15W,AJ/CG,ARAF1545/50/CG,https://i.ibb.co/h1tRWbtD/Altair-Muse-champeing-gold.png
Altair Muse,ARAD1502,36V DC,350mA,5000K, CRI>97,Φ55*H160mm,NA,15W,AJ/CG,ARAF1545/50/RG,https://i.ibb.co/5WTLY2Hq/Altair-Muse-rose-gold.png
Altair Muse,ARAD1502,36V DC,350mA,5000K, CRI>97,Φ55*H160mm,NA,15W,AJ/CG,ARAF1545/50/BR,https://i.ibb.co/ZyCftVT/Altair-Muse-brown.png
Altair Muse,ARAD1502,36V DC,350mA,5000K, CRI>97,Φ55*H160mm,NA,15W,AJ/CG,ARAF1545/50/COF,https://i.ibb.co/p6n7GTy3/Altair-Muse-offee.png
Altair Muse,ARAD1502,36V DC,350mA,5000K, CRI>97,Φ55*H160mm,NA,15W,AJ/CG,ARAF1545/50/DGR,https://i.ibb.co/5WdpcKZj/Altair-Muse-dark-gray.png
Altair Muse,ARAD1502,36V DC,350mA,5000K, CRI>97,Φ55*H160mm,NA,15W,AJ/CG,ARAF1545/50/BB,https://i.ibb.co/9H83LDq0/Altair-Muse-ballet-blue.png
Altair Muse,ARAD1502,36V DC,350mA,5000K, CRI>97,Φ55*H160mm,NA,15W,AJ/CG,ARAF1545/50/CH,https://i.ibb.co/606S1g0Y/Altair-Muse-chrome.png
Altair Muse,ARAD1502,36V DC,350mA,5000K, CRI>97,Φ55*H160mm,NA,15W,AJ/CG,ARAF1545/50/CHB,https://i.ibb.co/M5Q9QLWb/Altair-Muse-chrome-black.png
Altair Prime 9S,DTL065X,12V DC,700mA,2700K, CRI>97,Φ60*H120mm,6°,9W,AJ/CG,ARAS1060/27/06/W,https://i.ibb.co/VWqkgwtb/Altair-Prime-S-white.png
Altair Prime 9S,DTL065X,12V DC,700mA,2700K, CRI>97,Φ60*H120mm,6°,9W,AJ/CG,ARAS1060/27/06/B,https://i.ibb.co/1t9vpjBt/Altair-Prime-S-mat-black-default.png
Altair Prime 9S,DTL065X,12V DC,700mA,2700K, CRI>97,Φ60*H120mm,6°,9W,AJ/CG,ARAS1060/27/06/CG,https://i.ibb.co/HDwGbZqD/Altair-Prime-S-champeing-gold.png
Altair Prime 9S,DTL065X,12V DC,700mA,2700K, CRI>97,Φ60*H120mm,6°,9W,AJ/CG,ARAS1060/27/06/RG,https://i.ibb.co/rfZBW6GW/Altair-Prime-S-rose-gold.png
Altair Prime 9S,DTL065X,12V DC,700mA,2700K, CRI>97,Φ60*H120mm,6°,9W,AJ/CG,ARAS1060/27/06/BR,https://i.ibb.co/HDnd9yGS/Altair-Prime-S-brown.png
Altair Prime 9S,DTL065X,12V DC,700mA,2700K, CRI>97,Φ60*H120mm,6°,9W,AJ/CG,ARAS1060/27/06/COF,https://i.ibb.co/CK8rTTCw/Altair-Prime-S-coffee.png
Altair Prime 9S,DTL065X,12V DC,700mA,2700K, CRI>97,Φ60*H120mm,6°,9W,AJ/CG,ARAS1060/27/06/DGR,https://i.ibb.co/x8KDZbzR/Altair-Prime-S-dark-gray-default-001.png
Altair Prime 9S,DTL065X,12V DC,700mA,2700K, CRI>97,Φ60*H120mm,6°,9W,AJ/CG,ARAS1060/27/06/BB,https://i.ibb.co/ZzS3YsDH/Altair-Prime-S-ballet-blue.png
Altair Prime 9S,DTL065X,12V DC,700mA,2700K, CRI>97,Φ60*H120mm,6°,9W,AJ/CG,ARAS1060/27/06/CH,https://i.ibb.co/LhZc3jdq/Altair-Prime-S-chrome.png
Altair Prime 9S,DTL065X,12V DC,700mA,2700K, CRI>97,Φ60*H120mm,6°,9W,AJ/CG,ARAS1060/27/06/CHB,https://i.ibb.co/tFJYNqs/Altair-Prime-S-chrome-black.png
Altair Prime 9S,DTL065X,12V DC,700mA,3000K, CRI>97,Φ60*H120mm,6°,9W,AJ/CG,ARAS1060/30/06/W,https://i.ibb.co/VWqkgwtb/Altair-Prime-S-white.png
Altair Prime 9S,DTL065X,12V DC,700mA,3000K, CRI>97,Φ60*H120mm,6°,9W,AJ/CG,ARAS1060/30/06/B,https://i.ibb.co/1t9vpjBt/Altair-Prime-S-mat-black-default.png
Altair Prime 9S,DTL065X,12V DC,700mA,3000K, CRI>97,Φ60*H120mm,6°,9W,AJ/CG,ARAS1060/30/06/CG,https://i.ibb.co/HDwGbZqD/Altair-Prime-S-champeing-gold.png
Altair Prime 9S,DTL065X,12V DC,700mA,3000K, CRI>97,Φ60*H120mm,6°,9W,AJ/CG,ARAS1060/30/06/RG,https://i.ibb.co/rfZBW6GW/Altair-Prime-S-rose-gold.png
Altair Prime 9S,DTL065X,12V DC,700mA,3000K, CRI>97,Φ60*H120mm,6°,9W,AJ/CG,ARAS1060/30/06/BR,https://i.ibb.co/HDnd9yGS/Altair-Prime-S-brown.png
Altair Prime 9S,DTL065X,12V DC,700mA,3000K, CRI>97,Φ60*H120mm,6°,9W,AJ/CG,ARAS1060/30/06/COF,https://i.ibb.co/CK8rTTCw/Altair-Prime-S-coffee.png
Altair Prime 9S,DTL065X,12V DC,700mA,3000K, CRI>97,Φ60*H120mm,6°,9W,AJ/CG,ARAS1060/30/06/DGR,https://i.ibb.co/x8KDZbzR/Altair-Prime-S-dark-gray-default-001.png
Altair Prime 9S,DTL065X,12V DC,700mA,3000K, CRI>97,Φ60*H120mm,6°,9W,AJ/CG,ARAS1060/30/06/BB,https://i.ibb.co/ZzS3YsDH/Altair-Prime-S-ballet-blue.png
Altair Prime 9S,DTL065X,12V DC,700mA,3000K, CRI>97,Φ60*H120mm,6°,9W,AJ/CG,ARAS1060/30/06/CH,https://i.ibb.co/LhZc3jdq/Altair-Prime-S-chrome.png
Altair Prime 9S,DTL065X,12V DC,700mA,3000K, CRI>97,Φ60*H120mm,6°,9W,AJ/CG,ARAS1060/30/06/CHB,https://i.ibb.co/tFJYNqs/Altair-Prime-S-chrome-black.png
Altair Prime 9S,DTL065X,12V DC,700mA,3500K, CRI>97,Φ60*H120mm,6°,9W,AJ/CG,ARAS1060/35/06/W,https://i.ibb.co/VWqkgwtb/Altair-Prime-S-white.png
Altair Prime 9S,DTL065X,12V DC,700mA,3500K, CRI>97,Φ60*H120mm,6°,9W,AJ/CG,ARAS1060/35/06/B,https://i.ibb.co/1t9vpjBt/Altair-Prime-S-mat-black-default.png
Altair Prime 9S,DTL065X,12V DC,700mA,3500K, CRI>97,Φ60*H120mm,6°,9W,AJ/CG,ARAS1060/35/06/CG,https://i.ibb.co/HDwGbZqD/Altair-Prime-S-champeing-gold.png
Altair Prime 9S,DTL065X,12V DC,700mA,3500K, CRI>97,Φ60*H120mm,6°,9W,AJ/CG,ARAS1060/35/06/RG,https://i.ibb.co/rfZBW6GW/Altair-Prime-S-rose-gold.png
Altair Prime 9S,DTL065X,12V DC,700mA,3500K, CRI>97,Φ60*H120mm,6°,9W,AJ/CG,ARAS1060/35/06/BR,https://i.ibb.co/HDnd9yGS/Altair-Prime-S-brown.png
Altair Prime 9S,DTL065X,12V DC,700mA,3500K, CRI>97,Φ60*H120mm,6°,9W,AJ/CG,ARAS1060/35/06/COF,https://i.ibb.co/CK8rTTCw/Altair-Prime-S-coffee.png
Altair Prime 9S,DTL065X,12V DC,700mA,3500K, CRI>97,Φ60*H120mm,6°,9W,AJ/CG,ARAS1060/35/06/DGR,https://i.ibb.co/x8KDZbzR/Altair-Prime-S-dark-gray-default-001.png
Altair Prime 9S,DTL065X,12V DC,700mA,3500K, CRI>97,Φ60*H120mm,6°,9W,AJ/CG,ARAS1060/35/06/BB,https://i.ibb.co/ZzS3YsDH/Altair-Prime-S-ballet-blue.png
Altair Prime 9S,DTL065X,12V DC,700mA,3500K, CRI>97,Φ60*H120mm,6°,9W,AJ/CG,ARAS1060/35/06/CH,https://i.ibb.co/LhZc3jdq/Altair-Prime-S-chrome.png
Altair Prime 9S,DTL065X,12V DC,700mA,3500K, CRI>97,Φ60*H120mm,6°,9W,AJ/CG,ARAS1060/35/06/CHB,https://i.ibb.co/tFJYNqs/Altair-Prime-S-chrome-black.png
Altair Prime 9S,DTL065X,12V DC,700mA,4000K, CRI>97,Φ60*H120mm,6°,9W,AJ/CG,ARAS1060/40/06/W,https://i.ibb.co/VWqkgwtb/Altair-Prime-S-white.png
Altair Prime 9S,DTL065X,12V DC,700mA,4000K, CRI>97,Φ60*H120mm,6°,9W,AJ/CG,ARAS1060/40/06/B,https://i.ibb.co/1t9vpjBt/Altair-Prime-S-mat-black-default.png
Altair Prime 9S,DTL065X,12V DC,700mA,4000K, CRI>97,Φ60*H120mm,6°,9W,AJ/CG,ARAS1060/40/06/CG,https://i.ibb.co/HDwGbZqD/Altair-Prime-S-champeing-gold.png
Altair Prime 9S,DTL065X,12V DC,700mA,4000K, CRI>97,Φ60*H120mm,6°,9W,AJ/CG,ARAS1060/40/06/RG,https://i.ibb.co/rfZBW6GW/Altair-Prime-S-rose-gold.png
Altair Prime 9S,DTL065X,12V DC,700mA,4000K, CRI>97,Φ60*H120mm,6°,9W,AJ/CG,ARAS1060/40/06/BR,https://i.ibb.co/HDnd9yGS/Altair-Prime-S-brown.png
Altair Prime 9S,DTL065X,12V DC,700mA,4000K, CRI>97,Φ60*H120mm,6°,9W,AJ/CG,ARAS1060/40/06/COF,https://i.ibb.co/CK8rTTCw/Altair-Prime-S-coffee.png
Altair Prime 9S,DTL065X,12V DC,700mA,4000K, CRI>97,Φ60*H120mm,6°,9W,AJ/CG,ARAS1060/40/06/DGR,https://i.ibb.co/x8KDZbzR/Altair-Prime-S-dark-gray-default-001.png
Altair Prime 9S,DTL065X,12V DC,700mA,4000K, CRI>97,Φ60*H120mm,6°,9W,AJ/CG,ARAS1060/40/06/BB,https://i.ibb.co/ZzS3YsDH/Altair-Prime-S-ballet-blue.png
Altair Prime 9S,DTL065X,12V DC,700mA,4000K, CRI>97,Φ60*H120mm,6°,9W,AJ/CG,ARAS1060/40/06/CH,https://i.ibb.co/LhZc3jdq/Altair-Prime-S-chrome.png
Altair Prime 9S,DTL065X,12V DC,700mA,4000K, CRI>97,Φ60*H120mm,6°,9W,AJ/CG,ARAS1060/40/06/CHB,https://i.ibb.co/tFJYNqs/Altair-Prime-S-chrome-black.png
Altair Prime 9S,DTL065X,12V DC,700mA,5000K, CRI>97,Φ60*H120mm,6°,9W,AJ/CG,ARAS1060/50/06/W,https://i.ibb.co/VWqkgwtb/Altair-Prime-S-white.png
Altair Prime 9S,DTL065X,12V DC,700mA,5000K, CRI>97,Φ60*H120mm,6°,9W,AJ/CG,ARAS1060/50/06/B,https://i.ibb.co/1t9vpjBt/Altair-Prime-S-mat-black-default.png
Altair Prime 9S,DTL065X,12V DC,700mA,5000K, CRI>97,Φ60*H120mm,6°,9W,AJ/CG,ARAS1060/50/06/CG,https://i.ibb.co/HDwGbZqD/Altair-Prime-S-champeing-gold.png
Altair Prime 9S,DTL065X,12V DC,700mA,5000K, CRI>97,Φ60*H120mm,6°,9W,AJ/CG,ARAS1060/50/06/RG,https://i.ibb.co/rfZBW6GW/Altair-Prime-S-rose-gold.png
Altair Prime 9S,DTL065X,12V DC,700mA,5000K, CRI>97,Φ60*H120mm,6°,9W,AJ/CG,ARAS1060/50/06/BR,https://i.ibb.co/HDnd9yGS/Altair-Prime-S-brown.png
Altair Prime 9S,DTL065X,12V DC,700mA,5000K, CRI>97,Φ60*H120mm,6°,9W,AJ/CG,ARAS1060/50/06/COF,https://i.ibb.co/CK8rTTCw/Altair-Prime-S-coffee.png
Altair Prime 9S,DTL065X,12V DC,700mA,5000K, CRI>97,Φ60*H120mm,6°,9W,AJ/CG,ARAS1060/50/06/DGR,https://i.ibb.co/x8KDZbzR/Altair-Prime-S-dark-gray-default-001.png
Altair Prime 9S,DTL065X,12V DC,700mA,5000K, CRI>97,Φ60*H120mm,6°,9W,AJ/CG,ARAS1060/50/06/BB,https://i.ibb.co/ZzS3YsDH/Altair-Prime-S-ballet-blue.png
Altair Prime 9S,DTL065X,12V DC,700mA,5000K, CRI>97,Φ60*H120mm,6°,9W,AJ/CG,ARAS1060/50/06/CH,https://i.ibb.co/LhZc3jdq/Altair-Prime-S-chrome.png
Altair Prime 9S,DTL065X,12V DC,700mA,5000K, CRI>97,Φ60*H120mm,6°,9W,AJ/CG,ARAS1060/50/06/CHB,https://i.ibb.co/tFJYNqs/Altair-Prime-S-chrome-black.png
Altair prime 15,ARAD1503,36V DC,350mA,2700K, CRI>97,Φ60*H120mm,15°,15W,AJ/CG,ARAS1560/27/15/W,https://i.ibb.co/VWqkgwtb/Altair-Prime-15-white.png
Altair prime 15,ARAD1503,36V DC,350mA,2700K, CRI>97,Φ60*H120mm,15°,15W,AJ/CG,ARAS1560/27/15/B,https://i.ibb.co/1t9vpjBt/Altair-Prime-15-mat-black-default.png
Altair prime 15,ARAD1503,36V DC,350mA,2700K, CRI>97,Φ60*H120mm,15°,15W,AJ/CG,ARAS1560/27/15/CG,https://i.ibb.co/HDwGbZqD/Altair-Prime-15-champeing-gold.png
Altair prime 15,ARAD1503,36V DC,350mA,2700K, CRI>97,Φ60*H120mm,15°,15W,AJ/CG,ARAS1560/27/15/RG,https://i.ibb.co/rfZBW6GW/Altair-Prime-15-rose-gold.png
Altair prime 15,ARAD1503,36V DC,350mA,2700K, CRI>97,Φ60*H120mm,15°,15W,AJ/CG,ARAS1560/27/15/BR,https://i.ibb.co/HDnd9yGS/Altair-Prime-15-brown.png
Altair prime 15,ARAD1503,36V DC,350mA,2700K, CRI>97,Φ60*H120mm,15°,15W,AJ/CG,ARAS1560/27/15/COF,https://i.ibb.co/CK8rTTCw/Altair-Prime-15-coffee.png
Altair prime 15,ARAD1503,36V DC,350mA,2700K, CRI>97,Φ60*H120mm,15°,15W,AJ/CG,ARAS1560/27/15/DGR,https://i.ibb.co/x8KDZbzR/Altair-Prime-15-dark-gray-default-001.png
Altair prime 15,ARAD1503,36V DC,350mA,2700K, CRI>97,Φ60*H120mm,15°,15W,AJ/CG,ARAS1560/27/15/BB,https://i.ibb.co/ZzS3YsDH/Altair-Prime-15-ballet-blue.png
Altair prime 15,ARAD1503,36V DC,350mA,2700K, CRI>97,Φ60*H120mm,15°,15W,AJ/CG,ARAS1560/27/15/CH,https://i.ibb.co/LhZc3jdq/Altair-Prime-15-chrome.png
Altair prime 15,ARAD1503,36V DC,350mA,2700K, CRI>97,Φ60*H120mm,15°,15W,AJ/CG,ARAS1560/27/15/CHB,https://i.ibb.co/tFJYNqs/Altair-Prime-15-chrome-black.png
Altair prime 15,ARAD1503,36V DC,350mA,3000K, CRI>97,Φ60*H120mm,15°,15W,AJ/CG,ARAS1560/30/15/W,https://i.ibb.co/VWqkgwtb/Altair-Prime-15-white.png
Altair prime 15,ARAD1503,36V DC,350mA,3000K, CRI>97,Φ60*H120mm,15°,15W,AJ/CG,ARAS1560/30/15/B,https://i.ibb.co/1t9vpjBt/Altair-Prime-15-mat-black-default.png
Altair prime 15,ARAD1503,36V DC,350mA,3000K, CRI>97,Φ60*H120mm,15°,15W,AJ/CG,ARAS1560/30/15/CG,https://i.ibb.co/HDwGbZqD/Altair-Prime-15-champeing-gold.png
Altair prime 15,ARAD1503,36V DC,350mA,3000K, CRI>97,Φ60*H120mm,15°,15W,AJ/CG,ARAS1560/30/15/RG,https://i.ibb.co/rfZBW6GW/Altair-Prime-15-rose-gold.png
Altair prime 15,ARAD1503,36V DC,350mA,3000K, CRI>97,Φ60*H120mm,15°,15W,AJ/CG,ARAS1560/30/15/BR,https://i.ibb.co/HDnd9yGS/Altair-Prime-15-brown.png
Altair prime 15,ARAD1503,36V DC,350mA,3000K, CRI>97,Φ60*H120mm,15°,15W,AJ/CG,ARAS1560/30/15/COF,https://i.ibb.co/CK8rTTCw/Altair-Prime-15-coffee.png
Altair prime 15,ARAD1503,36V DC,350mA,3000K, CRI>97,Φ60*H120mm,15°,15W,AJ/CG,ARAS1560/30/15/DGR,https://i.ibb.co/x8KDZbzR/Altair-Prime-15-dark-gray-default-001.png
Altair prime 15,ARAD1503,36V DC,350mA,3000K, CRI>97,Φ60*H120mm,15°,15W,AJ/CG,ARAS1560/30/15/BB,https://i.ibb.co/ZzS3YsDH/Altair-Prime-15-ballet-blue.png
Altair prime 15,ARAD1503,36V DC,350mA,3000K, CRI>97,Φ60*H120mm,15°,15W,AJ/CG,ARAS1560/30/15/CH,https://i.ibb.co/LhZc3jdq/Altair-Prime-15-chrome.png
Altair prime 15,ARAD1503,36V DC,350mA,3000K, CRI>97,Φ60*H120mm,15°,15W,AJ/CG,ARAS1560/30/15/CHB,https://i.ibb.co/tFJYNqs/Altair-Prime-15-chrome-black.png
Altair prime 15,ARAD1503,36V DC,350mA,3500K, CRI>97,Φ60*H120mm,15°,15W,AJ/CG,ARAS1560/35/15/W,https://i.ibb.co/VWqkgwtb/Altair-Prime-15-white.png
Altair prime 15,ARAD1503,36V DC,350mA,3500K, CRI>97,Φ60*H120mm,15°,15W,AJ/CG,ARAS1560/35/15/B,https://i.ibb.co/1t9vpjBt/Altair-Prime-15-mat-black-default.png
Altair prime 15,ARAD1503,36V DC,350mA,3500K, CRI>97,Φ60*H120mm,15°,15W,AJ/CG,ARAS1560/35/15/CG,https://i.ibb.co/HDwGbZqD/Altair-Prime-15-champeing-gold.png
Altair prime 15,ARAD1503,36V DC,350mA,3500K, CRI>97,Φ60*H120mm,15°,15W,AJ/CG,ARAS1560/35/15/RG,https://i.ibb.co/rfZBW6GW/Altair-Prime-15-rose-gold.png
Altair prime 15,ARAD1503,36V DC,350mA,3500K, CRI>97,Φ60*H120mm,15°,15W,AJ/CG,ARAS1560/35/15/BR,https://i.ibb.co/HDnd9yGS/Altair-Prime-15-brown.png
Altair prime 15,ARAD1503,36V DC,350mA,3500K, CRI>97,Φ60*H120mm,15°,15W,AJ/CG,ARAS1560/35/15/COF,https://i.ibb.co/CK8rTTCw/Altair-Prime-15-coffee.png
Altair prime 15,ARAD1503,36V DC,350mA,3500K, CRI>97,Φ60*H120mm,15°,15W,AJ/CG,ARAS1560/35/15/DGR,https://i.ibb.co/x8KDZbzR/Altair-Prime-15-dark-gray-default-001.png
Altair prime 15,ARAD1503,36V DC,350mA,3500K, CRI>97,Φ60*H120mm,15°,15W,AJ/CG,ARAS1560/35/15/BB,https://i.ibb.co/ZzS3YsDH/Altair-Prime-15-ballet-blue.png
Altair prime 15,ARAD1503,36V DC,350mA,3500K, CRI>97,Φ60*H120mm,15°,15W,AJ/CG,ARAS1560/35/15/CH,https://i.ibb.co/LhZc3jdq/Altair-Prime-15-chrome.png
Altair prime 15,ARAD1503,36V DC,350mA,3500K, CRI>97,Φ60*H120mm,15°,15W,AJ/CG,ARAS1560/35/15/CHB,https://i.ibb.co/tFJYNqs/Altair-Prime-15-chrome-black.png
Altair prime 15,ARAD1503,36V DC,350mA,4000K, CRI>97,Φ60*H120mm,15°,15W,AJ/CG,ARAS1560/40/15/W,https://i.ibb.co/VWqkgwtb/Altair-Prime-15-white.png
Altair prime 15,ARAD1503,36V DC,350mA,4000K, CRI>97,Φ60*H120mm,15°,15W,AJ/CG,ARAS1560/40/15/B,https://i.ibb.co/1t9vpjBt/Altair-Prime-15-mat-black-default.png
Altair prime 15,ARAD1503,36V DC,350mA,4000K, CRI>97,Φ60*H120mm,15°,15W,AJ/CG,ARAS1560/40/15/CG,https://i.ibb.co/HDwGbZqD/Altair-Prime-15-champeing-gold.png
Altair prime 15,ARAD1503,36V DC,350mA,4000K, CRI>97,Φ60*H120mm,15°,15W,AJ/CG,ARAS1560/40/15/RG,https://i.ibb.co/rfZBW6GW/Altair-Prime-15-rose-gold.png
Altair prime 15,ARAD1503,36V DC,350mA,4000K, CRI>97,Φ60*H120mm,15°,15W,AJ/CG,ARAS1560/40/15/BR,https://i.ibb.co/HDnd9yGS/Altair-Prime-15-brown.png
Altair prime 15,ARAD1503,36V DC,350mA,4000K, CRI>97,Φ60*H120mm,15°,15W,AJ/CG,ARAS1560/40/15/COF,https://i.ibb.co/CK8rTTCw/Altair-Prime-15-coffee.png
Altair prime 15,ARAD1503,36V DC,350mA,4000K, CRI>97,Φ60*H120mm,15°,15W,AJ/CG,ARAS1560/40/15/DGR,https://i.ibb.co/x8KDZbzR/Altair-Prime-15-dark-gray-default-001.png
Altair prime 15,ARAD1503,36V DC,350mA,4000K, CRI>97,Φ60*H120mm,15°,15W,AJ/CG,ARAS1560/40/15/BB,https://i.ibb.co/ZzS3YsDH/Altair-Prime-15-ballet-blue.png
Altair prime 15,ARAD1503,36V DC,350mA,4000K, CRI>97,Φ60*H120mm,15°,15W,AJ/CG,ARAS1560/40/15/CH,https://i.ibb.co/LhZc3jdq/Altair-Prime-15-chrome.png
Altair prime 15,ARAD1503,36V DC,350mA,4000K, CRI>97,Φ60*H120mm,15°,15W,AJ/CG,ARAS1560/40/15/CHB,https://i.ibb.co/tFJYNqs/Altair-Prime-15-chrome-black.png
Altair prime 15,ARAD1503,36V DC,350mA,5000K, CRI>97,Φ60*H120mm,15°,15W,AJ/CG,ARAS1560/50/15/W,https://i.ibb.co/VWqkgwtb/Altair-Prime-15-white.png
Altair prime 15,ARAD1503,36V DC,350mA,5000K, CRI>97,Φ60*H120mm,15°,15W,AJ/CG,ARAS1560/50/15/B,https://i.ibb.co/1t9vpjBt/Altair-Prime-15-mat-black-default.png
Altair prime 15,ARAD1503,36V DC,350mA,5000K, CRI>97,Φ60*H120mm,15°,15W,AJ/CG,ARAS1560/50/15/CG,https://i.ibb.co/HDwGbZqD/Altair-Prime-15-champeing-gold.png
Altair prime 15,ARAD1503,36V DC,350mA,5000K, CRI>97,Φ60*H120mm,15°,15W,AJ/CG,ARAS1560/50/15/RG,https://i.ibb.co/rfZBW6GW/Altair-Prime-15-rose-gold.png
Altair prime 15,ARAD1503,36V DC,350mA,5000K, CRI>97,Φ60*H120mm,15°,15W,AJ/CG,ARAS1560/50/15/BR,https://i.ibb.co/HDnd9yGS/Altair-Prime-15-brown.png
Altair prime 15,ARAD1503,36V DC,350mA,5000K, CRI>97,Φ60*H120mm,15°,15W,AJ/CG,ARAS1560/50/15/COF,https://i.ibb.co/CK8rTTCw/Altair-Prime-15-coffee.png
Altair prime 15,ARAD1503,36V DC,350mA,5000K, CRI>97,Φ60*H120mm,15°,15W,AJ/CG,ARAS1560/50/15/DGR,https://i.ibb.co/x8KDZbzR/Altair-Prime-15-dark-gray-default-001.png
Altair prime 15,ARAD1503,36V DC,350mA,5000K, CRI>97,Φ60*H120mm,15°,15W,AJ/CG,ARAS1560/50/15/BB,https://i.ibb.co/ZzS3YsDH/Altair-Prime-15-ballet-blue.png
Altair prime 15,ARAD1503,36V DC,350mA,5000K, CRI>97,Φ60*H120mm,15°,15W,AJ/CG,ARAS1560/50/15/CH,https://i.ibb.co/LhZc3jdq/Altair-Prime-15-chrome.png
Altair prime 15,ARAD1503,36V DC,350mA,5000K, CRI>97,Φ60*H120mm,15°,15W,AJ/CG,ARAS1560/50/15/CHB,https://i.ibb.co/tFJYNqs/Altair-Prime-15-chrome-black.png
Altair prime 15,ARAD1503,36V DC,350mA,2700K, CRI>97,Φ60*H120mm,24°,15W,AJ/CG,ARAS1560/27/24/W,https://i.ibb.co/VWqkgwtb/Altair-Prime-15-white.png
Altair prime 15,ARAD1503,36V DC,350mA,2700K, CRI>97,Φ60*H120mm,24°,15W,AJ/CG,ARAS1560/27/24/B,https://i.ibb.co/1t9vpjBt/Altair-Prime-15-mat-black-default.png
Altair prime 15,ARAD1503,36V DC,350mA,2700K, CRI>97,Φ60*H120mm,24°,15W,AJ/CG,ARAS1560/27/24/CG,https://i.ibb.co/HDwGbZqD/Altair-Prime-15-champeing-gold.png
Altair prime 15,ARAD1503,36V DC,350mA,2700K, CRI>97,Φ60*H120mm,24°,15W,AJ/CG,ARAS1560/27/24/RG,https://i.ibb.co/rfZBW6GW/Altair-Prime-15-rose-gold.png
Altair prime 15,ARAD1503,36V DC,350mA,2700K, CRI>97,Φ60*H120mm,24°,15W,AJ/CG,ARAS1560/27/24/BR,https://i.ibb.co/HDnd9yGS/Altair-Prime-15-brown.png
Altair prime 15,ARAD1503,36V DC,350mA,2700K, CRI>97,Φ60*H120mm,24°,15W,AJ/CG,ARAS1560/27/24/COF,https://i.ibb.co/CK8rTTCw/Altair-Prime-15-coffee.png
Altair prime 15,ARAD1503,36V DC,350mA,2700K, CRI>97,Φ60*H120mm,24°,15W,AJ/CG,ARAS1560/27/24/DGR,https://i.ibb.co/x8KDZbzR/Altair-Prime-15-dark-gray-default-001.png
Altair prime 15,ARAD1503,36V DC,350mA,2700K, CRI>97,Φ60*H120mm,24°,15W,AJ/CG,ARAS1560/27/24/BB,https://i.ibb.co/ZzS3YsDH/Altair-Prime-15-ballet-blue.png
Altair prime 15,ARAD1503,36V DC,350mA,2700K, CRI>97,Φ60*H120mm,24°,15W,AJ/CG,ARAS1560/27/24/CH,https://i.ibb.co/LhZc3jdq/Altair-Prime-15-chrome.png
Altair prime 15,ARAD1503,36V DC,350mA,2700K, CRI>97,Φ60*H120mm,24°,15W,AJ/CG,ARAS1560/27/24/CHB,https://i.ibb.co/tFJYNqs/Altair-Prime-15-chrome-black.png
Altair prime 15,ARAD1503,36V DC,350mA,3000K, CRI>97,Φ60*H120mm,24°,15W,AJ/CG,ARAS1560/30/24/W,https://i.ibb.co/VWqkgwtb/Altair-Prime-15-white.png
Altair prime 15,ARAD1503,36V DC,350mA,3000K, CRI>97,Φ60*H120mm,24°,15W,AJ/CG,ARAS1560/30/24/B,https://i.ibb.co/1t9vpjBt/Altair-Prime-15-mat-black-default.png
Altair prime 15,ARAD1503,36V DC,350mA,3000K, CRI>97,Φ60*H120mm,24°,15W,AJ/CG,ARAS1560/30/24/CG,https://i.ibb.co/HDwGbZqD/Altair-Prime-15-champeing-gold.png
Altair prime 15,ARAD1503,36V DC,350mA,3000K, CRI>97,Φ60*H120mm,24°,15W,AJ/CG,ARAS1560/30/24/RG,https://i.ibb.co/rfZBW6GW/Altair-Prime-15-rose-gold.png
Altair prime 15,ARAD1503,36V DC,350mA,3000K, CRI>97,Φ60*H120mm,24°,15W,AJ/CG,ARAS1560/30/24/BR,https://i.ibb.co/HDnd9yGS/Altair-Prime-15-brown.png
Altair prime 15,ARAD1503,36V DC,350mA,3000K, CRI>97,Φ60*H120mm,24°,15W,AJ/CG,ARAS1560/30/24/COF,https://i.ibb.co/CK8rTTCw/Altair-Prime-15-coffee.png
Altair prime 15,ARAD1503,36V DC,350mA,3000K, CRI>97,Φ60*H120mm,24°,15W,AJ/CG,ARAS1560/30/24/DGR,https://i.ibb.co/x8KDZbzR/Altair-Prime-15-dark-gray-default-001.png
Altair prime 15,ARAD1503,36V DC,350mA,3000K, CRI>97,Φ60*H120mm,24°,15W,AJ/CG,ARAS1560/30/24/BB,https://i.ibb.co/ZzS3YsDH/Altair-Prime-15-ballet-blue.png
Altair prime 15,ARAD1503,36V DC,350mA,3000K, CRI>97,Φ60*H120mm,24°,15W,AJ/CG,ARAS1560/30/24/CH,https://i.ibb.co/LhZc3jdq/Altair-Prime-15-chrome.png
Altair prime 15,ARAD1503,36V DC,350mA,3000K, CRI>97,Φ60*H120mm,24°,15W,AJ/CG,ARAS1560/30/24/CHB,https://i.ibb.co/tFJYNqs/Altair-Prime-15-chrome-black.png
Altair prime 15,ARAD1503,36V DC,350mA,3500K, CRI>97,Φ60*H120mm,24°,15W,AJ/CG,ARAS1560/35/24/W,https://i.ibb.co/VWqkgwtb/Altair-Prime-15-white.png
Altair prime 15,ARAD1503,36V DC,350mA,3500K, CRI>97,Φ60*H120mm,24°,15W,AJ/CG,ARAS1560/35/24/B,https://i.ibb.co/1t9vpjBt/Altair-Prime-15-mat-black-default.png
Altair prime 15,ARAD1503,36V DC,350mA,3500K, CRI>97,Φ60*H120mm,24°,15W,AJ/CG,ARAS1560/35/24/CG,https://i.ibb.co/HDwGbZqD/Altair-Prime-15-champeing-gold.png
Altair prime 15,ARAD1503,36V DC,350mA,3500K, CRI>97,Φ60*H120mm,24°,15W,AJ/CG,ARAS1560/35/24/RG,https://i.ibb.co/rfZBW6GW/Altair-Prime-15-rose-gold.png
Altair prime 15,ARAD1503,36V DC,350mA,3500K, CRI>97,Φ60*H120mm,24°,15W,AJ/CG,ARAS1560/35/24/BR,https://i.ibb.co/HDnd9yGS/Altair-Prime-15-brown.png
Altair prime 15,ARAD1503,36V DC,350mA,3500K, CRI>97,Φ60*H120mm,24°,15W,AJ/CG,ARAS1560/35/24/COF,https://i.ibb.co/CK8rTTCw/Altair-Prime-15-coffee.png
Altair prime 15,ARAD1503,36V DC,350mA,3500K, CRI>97,Φ60*H120mm,24°,15W,AJ/CG,ARAS1560/35/24/DGR,https://i.ibb.co/x8KDZbzR/Altair-Prime-15-dark-gray-default-001.png
Altair prime 15,ARAD1503,36V DC,350mA,3500K, CRI>97,Φ60*H120mm,24°,15W,AJ/CG,ARAS1560/35/24/BB,https://i.ibb.co/ZzS3YsDH/Altair-Prime-15-ballet-blue.png
Altair prime 15,ARAD1503,36V DC,350mA,3500K, CRI>97,Φ60*H120mm,24°,15W,AJ/CG,ARAS1560/35/24/CH,https://i.ibb.co/LhZc3jdq/Altair-Prime-15-chrome.png
Altair prime 15,ARAD1503,36V DC,350mA,3500K, CRI>97,Φ60*H120mm,24°,15W,AJ/CG,ARAS1560/35/24/CHB,https://i.ibb.co/tFJYNqs/Altair-Prime-15-chrome-black.png
Altair prime 15,ARAD1503,36V DC,350mA,4000K, CRI>97,Φ60*H120mm,24°,15W,AJ/CG,ARAS1560/40/24/W,https://i.ibb.co/VWqkgwtb/Altair-Prime-15-white.png
Altair prime 15,ARAD1503,36V DC,350mA,4000K, CRI>97,Φ60*H120mm,24°,15W,AJ/CG,ARAS1560/40/24/B,https://i.ibb.co/1t9vpjBt/Altair-Prime-15-mat-black-default.png
Altair prime 15,ARAD1503,36V DC,350mA,4000K, CRI>97,Φ60*H120mm,24°,15W,AJ/CG,ARAS1560/40/24/CG,https://i.ibb.co/HDwGbZqD/Altair-Prime-15-champeing-gold.png
Altair prime 15,ARAD1503,36V DC,350mA,4000K, CRI>97,Φ60*H120mm,24°,15W,AJ/CG,ARAS1560/40/24/RG,https://i.ibb.co/rfZBW6GW/Altair-Prime-15-rose-gold.png
Altair prime 15,ARAD1503,36V DC,350mA,4000K, CRI>97,Φ60*H120mm,24°,15W,AJ/CG,ARAS1560/40/24/BR,https://i.ibb.co/HDnd9yGS/Altair-Prime-15-brown.png
Altair prime 15,ARAD1503,36V DC,350mA,4000K, CRI>97,Φ60*H120mm,24°,15W,AJ/CG,ARAS1560/40/24/COF,https://i.ibb.co/CK8rTTCw/Altair-Prime-15-coffee.png
Altair prime 15,ARAD1503,36V DC,350mA,4000K, CRI>97,Φ60*H120mm,24°,15W,AJ/CG,ARAS1560/40/24/DGR,https://i.ibb.co/x8KDZbzR/Altair-Prime-15-dark-gray-default-001.png
Altair prime 15,ARAD1503,36V DC,350mA,4000K, CRI>97,Φ60*H120mm,24°,15W,AJ/CG,ARAS1560/40/24/BB,https://i.ibb.co/ZzS3YsDH/Altair-Prime-15-ballet-blue.png
Altair prime 15,ARAD1503,36V DC,350mA,4000K, CRI>97,Φ60*H120mm,24°,15W,AJ/CG,ARAS1560/40/24/CH,https://i.ibb.co/LhZc3jdq/Altair-Prime-15-chrome.png
Altair prime 15,ARAD1503,36V DC,350mA,4000K, CRI>97,Φ60*H120mm,24°,15W,AJ/CG,ARAS1560/40/24/CHB,https://i.ibb.co/tFJYNqs/Altair-Prime-15-chrome-black.png
Altair prime 15,ARAD1503,36V DC,350mA,5000K, CRI>97,Φ60*H120mm,24°,15W,AJ/CG,ARAS1560/50/24/W,https://i.ibb.co/VWqkgwtb/Altair-Prime-15-white.png
Altair prime 15,ARAD1503,36V DC,350mA,5000K, CRI>97,Φ60*H120mm,24°,15W,AJ/CG,ARAS1560/50/24/B,https://i.ibb.co/1t9vpjBt/Altair-Prime-15-mat-black-default.png
Altair prime 15,ARAD1503,36V DC,350mA,5000K, CRI>97,Φ60*H120mm,24°,15W,AJ/CG,ARAS1560/50/24/CG,https://i.ibb.co/HDwGbZqD/Altair-Prime-15-champeing-gold.png
Altair prime 15,ARAD1503,36V DC,350mA,5000K, CRI>97,Φ60*H120mm,24°,15W,AJ/CG,ARAS1560/50/24/RG,https://i.ibb.co/rfZBW6GW/Altair-Prime-15-rose-gold.png
Altair prime 15,ARAD1503,36V DC,350mA,5000K, CRI>97,Φ60*H120mm,24°,15W,AJ/CG,ARAS1560/50/24/BR,https://i.ibb.co/HDnd9yGS/Altair-Prime-15-brown.png
Altair prime 15,ARAD1503,36V DC,350mA,5000K, CRI>97,Φ60*H120mm,24°,15W,AJ/CG,ARAS1560/50/24/COF,https://i.ibb.co/CK8rTTCw/Altair-Prime-15-coffee.png
Altair prime 15,ARAD1503,36V DC,350mA,5000K, CRI>97,Φ60*H120mm,24°,15W,AJ/CG,ARAS1560/50/24/DGR,https://i.ibb.co/x8KDZbzR/Altair-Prime-15-dark-gray-default-001.png
Altair prime 15,ARAD1503,36V DC,350mA,5000K, CRI>97,Φ60*H120mm,24°,15W,AJ/CG,ARAS1560/50/24/BB,https://i.ibb.co/ZzS3YsDH/Altair-Prime-15-ballet-blue.png
Altair prime 15,ARAD1503,36V DC,350mA,5000K, CRI>97,Φ60*H120mm,24°,15W,AJ/CG,ARAS1560/50/24/CH,https://i.ibb.co/LhZc3jdq/Altair-Prime-15-chrome.png
Altair prime 15,ARAD1503,36V DC,350mA,5000K, CRI>97,Φ60*H120mm,24°,15W,AJ/CG,ARAS1560/50/24/CHB,https://i.ibb.co/tFJYNqs/Altair-Prime-15-chrome-black.png
Altair prime 15,ARAD1503,36V DC,350mA,2700K, CRI>97,Φ60*H120mm,36°,15W,AJ/CG,ARAS1560/27/36/W,https://i.ibb.co/VWqkgwtb/Altair-Prime-15-white.png
Altair prime 15,ARAD1503,36V DC,350mA,2700K, CRI>97,Φ60*H120mm,36°,15W,AJ/CG,ARAS1560/27/36/B,https://i.ibb.co/1t9vpjBt/Altair-Prime-15-mat-black-default.png
Altair prime 15,ARAD1503,36V DC,350mA,2700K, CRI>97,Φ60*H120mm,36°,15W,AJ/CG,ARAS1560/27/36/CG,https://i.ibb.co/HDwGbZqD/Altair-Prime-15-champeing-gold.png
Altair prime 15,ARAD1503,36V DC,350mA,2700K, CRI>97,Φ60*H120mm,36°,15W,AJ/CG,ARAS1560/27/36/RG,https://i.ibb.co/rfZBW6GW/Altair-Prime-15-rose-gold.png
Altair prime 15,ARAD1503,36V DC,350mA,2700K, CRI>97,Φ60*H120mm,36°,15W,AJ/CG,ARAS1560/27/36/BR,https://i.ibb.co/HDnd9yGS/Altair-Prime-15-brown.png
Altair prime 15,ARAD1503,36V DC,350mA,2700K, CRI>97,Φ60*H120mm,36°,15W,AJ/CG,ARAS1560/27/36/COF,https://i.ibb.co/CK8rTTCw/Altair-Prime-15-coffee.png
Altair prime 15,ARAD1503,36V DC,350mA,2700K, CRI>97,Φ60*H120mm,36°,15W,AJ/CG,ARAS1560/27/36/DGR,https://i.ibb.co/x8KDZbzR/Altair-Prime-15-dark-gray-default-001.png
Altair prime 15,ARAD1503,36V DC,350mA,2700K, CRI>97,Φ60*H120mm,36°,15W,AJ/CG,ARAS1560/27/36/BB,https://i.ibb.co/ZzS3YsDH/Altair-Prime-15-ballet-blue.png
Altair prime 15,ARAD1503,36V DC,350mA,2700K, CRI>97,Φ60*H120mm,36°,15W,AJ/CG,ARAS1560/27/36/CH,https://i.ibb.co/LhZc3jdq/Altair-Prime-15-chrome.png
Altair prime 15,ARAD1503,36V DC,350mA,2700K, CRI>97,Φ60*H120mm,36°,15W,AJ/CG,ARAS1560/27/36/CHB,https://i.ibb.co/tFJYNqs/Altair-Prime-15-chrome-black.png
Altair prime 15,ARAD1503,36V DC,350mA,3000K, CRI>97,Φ60*H120mm,36°,15W,AJ/CG,ARAS1560/30/36/W,https://i.ibb.co/VWqkgwtb/Altair-Prime-15-white.png
Altair prime 15,ARAD1503,36V DC,350mA,3000K, CRI>97,Φ60*H120mm,36°,15W,AJ/CG,ARAS1560/30/36/B,https://i.ibb.co/1t9vpjBt/Altair-Prime-15-mat-black-default.png
Altair prime 15,ARAD1503,36V DC,350mA,3000K, CRI>97,Φ60*H120mm,36°,15W,AJ/CG,ARAS1560/30/36/CG,https://i.ibb.co/HDwGbZqD/Altair-Prime-15-champeing-gold.png
Altair prime 15,ARAD1503,36V DC,350mA,3000K, CRI>97,Φ60*H120mm,36°,15W,AJ/CG,ARAS1560/30/36/RG,https://i.ibb.co/rfZBW6GW/Altair-Prime-15-rose-gold.png
Altair prime 15,ARAD1503,36V DC,350mA,3000K, CRI>97,Φ60*H120mm,36°,15W,AJ/CG,ARAS1560/30/36/BR,https://i.ibb.co/HDnd9yGS/Altair-Prime-15-brown.png
Altair prime 15,ARAD1503,36V DC,350mA,3000K, CRI>97,Φ60*H120mm,36°,15W,AJ/CG,ARAS1560/30/36/COF,https://i.ibb.co/CK8rTTCw/Altair-Prime-15-coffee.png
Altair prime 15,ARAD1503,36V DC,350mA,3000K, CRI>97,Φ60*H120mm,36°,15W,AJ/CG,ARAS1560/30/36/DGR,https://i.ibb.co/x8KDZbzR/Altair-Prime-15-dark-gray-default-001.png
Altair prime 15,ARAD1503,36V DC,350mA,3000K, CRI>97,Φ60*H120mm,36°,15W,AJ/CG,ARAS1560/30/36/BB,https://i.ibb.co/ZzS3YsDH/Altair-Prime-15-ballet-blue.png
Altair prime 15,ARAD1503,36V DC,350mA,3000K, CRI>97,Φ60*H120mm,36°,15W,AJ/CG,ARAS1560/30/36/CH,https://i.ibb.co/LhZc3jdq/Altair-Prime-15-chrome.png
Altair prime 15,ARAD1503,36V DC,350mA,3000K, CRI>97,Φ60*H120mm,36°,15W,AJ/CG,ARAS1560/30/36/CHB,https://i.ibb.co/tFJYNqs/Altair-Prime-15-chrome-black.png
Altair prime 15,ARAD1503,36V DC,350mA,3500K, CRI>97,Φ60*H120mm,36°,15W,AJ/CG,ARAS1560/35/36/W,https://i.ibb.co/VWqkgwtb/Altair-Prime-15-white.png
Altair prime 15,ARAD1503,36V DC,350mA,3500K, CRI>97,Φ60*H120mm,36°,15W,AJ/CG,ARAS1560/35/36/B,https://i.ibb.co/1t9vpjBt/Altair-Prime-15-mat-black-default.png
Altair prime 15,ARAD1503,36V DC,350mA,3500K, CRI>97,Φ60*H120mm,36°,15W,AJ/CG,ARAS1560/35/36/CG,https://i.ibb.co/HDwGbZqD/Altair-Prime-15-champeing-gold.png
Altair prime 15,ARAD1503,36V DC,350mA,3500K, CRI>97,Φ60*H120mm,36°,15W,AJ/CG,ARAS1560/35/36/RG,https://i.ibb.co/rfZBW6GW/Altair-Prime-15-rose-gold.png
Altair prime 15,ARAD1503,36V DC,350mA,3500K, CRI>97,Φ60*H120mm,36°,15W,AJ/CG,ARAS1560/35/36/BR,https://i.ibb.co/HDnd9yGS/Altair-Prime-15-brown.png
Altair prime 15,ARAD1503,36V DC,350mA,3500K, CRI>97,Φ60*H120mm,36°,15W,AJ/CG,ARAS1560/35/36/COF,https://i.ibb.co/CK8rTTCw/Altair-Prime-15-coffee.png
Altair prime 15,ARAD1503,36V DC,350mA,3500K, CRI>97,Φ60*H120mm,36°,15W,AJ/CG,ARAS1560/35/36/DGR,https://i.ibb.co/x8KDZbzR/Altair-Prime-15-dark-gray-default-001.png
Altair prime 15,ARAD1503,36V DC,350mA,3500K, CRI>97,Φ60*H120mm,36°,15W,AJ/CG,ARAS1560/35/36/BB,https://i.ibb.co/ZzS3YsDH/Altair-Prime-15-ballet-blue.png
Altair prime 15,ARAD1503,36V DC,350mA,3500K, CRI>97,Φ60*H120mm,36°,15W,AJ/CG,ARAS1560/35/36/CH,https://i.ibb.co/LhZc3jdq/Altair-Prime-15-chrome.png
Altair prime 15,ARAD1503,36V DC,350mA,3500K, CRI>97,Φ60*H120mm,36°,15W,AJ/CG,ARAS1560/35/36/CHB,https://i.ibb.co/tFJYNqs/Altair-Prime-15-chrome-black.png
Altair prime 15,ARAD1503,36V DC,350mA,4000K, CRI>97,Φ60*H120mm,36°,15W,AJ/CG,ARAS1560/40/36/W,https://i.ibb.co/VWqkgwtb/Altair-Prime-15-white.png
Altair prime 15,ARAD1503,36V DC,350mA,4000K, CRI>97,Φ60*H120mm,36°,15W,AJ/CG,ARAS1560/40/36/B,https://i.ibb.co/1t9vpjBt/Altair-Prime-15-mat-black-default.png
Altair prime 15,ARAD1503,36V DC,350mA,4000K, CRI>97,Φ60*H120mm,36°,15W,AJ/CG,ARAS1560/40/36/CG,https://i.ibb.co/HDwGbZqD/Altair-Prime-15-champeing-gold.png
Altair prime 15,ARAD1503,36V DC,350mA,4000K, CRI>97,Φ60*H120mm,36°,15W,AJ/CG,ARAS1560/40/36/RG,https://i.ibb.co/rfZBW6GW/Altair-Prime-15-rose-gold.png
Altair prime 15,ARAD1503,36V DC,350mA,4000K, CRI>97,Φ60*H120mm,36°,15W,AJ/CG,ARAS1560/40/36/BR,https://i.ibb.co/HDnd9yGS/Altair-Prime-15-brown.png
Altair prime 15,ARAD1503,36V DC,350mA,4000K, CRI>97,Φ60*H120mm,36°,15W,AJ/CG,ARAS1560/40/36/COF,https://i.ibb.co/CK8rTTCw/Altair-Prime-15-coffee.png
Altair prime 15,ARAD1503,36V DC,350mA,4000K, CRI>97,Φ60*H120mm,36°,15W,AJ/CG,ARAS1560/40/36/DGR,https://i.ibb.co/x8KDZbzR/Altair-Prime-15-dark-gray-default-001.png
Altair prime 15,ARAD1503,36V DC,350mA,4000K, CRI>97,Φ60*H120mm,36°,15W,AJ/CG,ARAS1560/40/36/BB,https://i.ibb.co/ZzS3YsDH/Altair-Prime-15-ballet-blue.png
Altair prime 15,ARAD1503,36V DC,350mA,4000K, CRI>97,Φ60*H120mm,36°,15W,AJ/CG,ARAS1560/40/36/CH,https://i.ibb.co/LhZc3jdq/Altair-Prime-15-chrome.png
Altair prime 15,ARAD1503,36V DC,350mA,4000K, CRI>97,Φ60*H120mm,36°,15W,AJ/CG,ARAS1560/40/36/CHB,https://i.ibb.co/tFJYNqs/Altair-Prime-15-chrome-black.png
Altair prime 15,ARAD1503,36V DC,350mA,5000K, CRI>97,Φ60*H120mm,36°,15W,AJ/CG,ARAS1560/50/36/W,https://i.ibb.co/VWqkgwtb/Altair-Prime-15-white.png
Altair prime 15,ARAD1503,36V DC,350mA,5000K, CRI>97,Φ60*H120mm,36°,15W,AJ/CG,ARAS1560/50/36/B,https://i.ibb.co/1t9vpjBt/Altair-Prime-15-mat-black-default.png
Altair prime 15,ARAD1503,36V DC,350mA,5000K, CRI>97,Φ60*H120mm,36°,15W,AJ/CG,ARAS1560/50/36/CG,https://i.ibb.co/HDwGbZqD/Altair-Prime-15-champeing-gold.png
Altair prime 15,ARAD1503,36V DC,350mA,5000K, CRI>97,Φ60*H120mm,36°,15W,AJ/CG,ARAS1560/50/36/RG,https://i.ibb.co/rfZBW6GW/Altair-Prime-15-rose-gold.png
Altair prime 15,ARAD1503,36V DC,350mA,5000K, CRI>97,Φ60*H120mm,36°,15W,AJ/CG,ARAS1560/50/36/BR,https://i.ibb.co/HDnd9yGS/Altair-Prime-15-brown.png
Altair prime 15,ARAD1503,36V DC,350mA,5000K, CRI>97,Φ60*H120mm,36°,15W,AJ/CG,ARAS1560/50/36/COF,https://i.ibb.co/CK8rTTCw/Altair-Prime-15-coffee.png
Altair prime 15,ARAD1503,36V DC,350mA,5000K, CRI>97,Φ60*H120mm,36°,15W,AJ/CG,ARAS1560/50/36/DGR,https://i.ibb.co/x8KDZbzR/Altair-Prime-15-dark-gray-default-001.png
Altair prime 15,ARAD1503,36V DC,350mA,5000K, CRI>97,Φ60*H120mm,36°,15W,AJ/CG,ARAS1560/50/36/BB,https://i.ibb.co/ZzS3YsDH/Altair-Prime-15-ballet-blue.png
Altair prime 15,ARAD1503,36V DC,350mA,5000K, CRI>97,Φ60*H120mm,36°,15W,AJ/CG,ARAS1560/50/36/CH,https://i.ibb.co/LhZc3jdq/Altair-Prime-15-chrome.png
Altair prime 15,ARAD1503,36V DC,350mA,5000K, CRI>97,Φ60*H120mm,36°,15W,AJ/CG,ARAS1560/50/36/CHB,https://i.ibb.co/tFJYNqs/Altair-Prime-15-chrome-black.png
Altair prime 15,ARAD1503,36V DC,350mA,2700K, CRI>97,Φ60*H120mm,60°,15W,AJ/CG,ARAS1560/27/60/W,https://i.ibb.co/VWqkgwtb/Altair-Prime-15-white.png
Altair prime 15,ARAD1503,36V DC,350mA,2700K, CRI>97,Φ60*H120mm,60°,15W,AJ/CG,ARAS1560/27/60/B,https://i.ibb.co/1t9vpjBt/Altair-Prime-15-mat-black-default.png
Altair prime 15,ARAD1503,36V DC,350mA,2700K, CRI>97,Φ60*H120mm,60°,15W,AJ/CG,ARAS1560/27/60/CG,https://i.ibb.co/HDwGbZqD/Altair-Prime-15-champeing-gold.png
Altair prime 15,ARAD1503,36V DC,350mA,2700K, CRI>97,Φ60*H120mm,60°,15W,AJ/CG,ARAS1560/27/60/RG,https://i.ibb.co/rfZBW6GW/Altair-Prime-15-rose-gold.png
Altair prime 15,ARAD1503,36V DC,350mA,2700K, CRI>97,Φ60*H120mm,60°,15W,AJ/CG,ARAS1560/27/60/BR,https://i.ibb.co/HDnd9yGS/Altair-Prime-15-brown.png
Altair prime 15,ARAD1503,36V DC,350mA,2700K, CRI>97,Φ60*H120mm,60°,15W,AJ/CG,ARAS1560/27/60/COF,https://i.ibb.co/CK8rTTCw/Altair-Prime-15-coffee.png
Altair prime 15,ARAD1503,36V DC,350mA,2700K, CRI>97,Φ60*H120mm,60°,15W,AJ/CG,ARAS1560/27/60/DGR,https://i.ibb.co/x8KDZbzR/Altair-Prime-15-dark-gray-default-001.png
Altair prime 15,ARAD1503,36V DC,350mA,2700K, CRI>97,Φ60*H120mm,60°,15W,AJ/CG,ARAS1560/27/60/BB,https://i.ibb.co/ZzS3YsDH/Altair-Prime-15-ballet-blue.png
Altair prime 15,ARAD1503,36V DC,350mA,2700K, CRI>97,Φ60*H120mm,60°,15W,AJ/CG,ARAS1560/27/60/CH,https://i.ibb.co/LhZc3jdq/Altair-Prime-15-chrome.png
Altair prime 15,ARAD1503,36V DC,350mA,2700K, CRI>97,Φ60*H120mm,60°,15W,AJ/CG,ARAS1560/27/60/CHB,https://i.ibb.co/tFJYNqs/Altair-Prime-15-chrome-black.png
Altair prime 15,ARAD1503,36V DC,350mA,3000K, CRI>97,Φ60*H120mm,60°,15W,AJ/CG,ARAS1560/30/60/W,https://i.ibb.co/VWqkgwtb/Altair-Prime-15-white.png
Altair prime 15,ARAD1503,36V DC,350mA,3000K, CRI>97,Φ60*H120mm,60°,15W,AJ/CG,ARAS1560/30/60/B,https://i.ibb.co/1t9vpjBt/Altair-Prime-15-mat-black-default.png
Altair prime 15,ARAD1503,36V DC,350mA,3000K, CRI>97,Φ60*H120mm,60°,15W,AJ/CG,ARAS1560/30/60/CG,https://i.ibb.co/HDwGbZqD/Altair-Prime-15-champeing-gold.png
Altair prime 15,ARAD1503,36V DC,350mA,3000K, CRI>97,Φ60*H120mm,60°,15W,AJ/CG,ARAS1560/30/60/RG,https://i.ibb.co/rfZBW6GW/Altair-Prime-15-rose-gold.png
Altair prime 15,ARAD1503,36V DC,350mA,3000K, CRI>97,Φ60*H120mm,60°,15W,AJ/CG,ARAS1560/30/60/BR,https://i.ibb.co/HDnd9yGS/Altair-Prime-15-brown.png
Altair prime 15,ARAD1503,36V DC,350mA,3000K, CRI>97,Φ60*H120mm,60°,15W,AJ/CG,ARAS1560/30/60/COF,https://i.ibb.co/CK8rTTCw/Altair-Prime-15-coffee.png
Altair prime 15,ARAD1503,36V DC,350mA,3000K, CRI>97,Φ60*H120mm,60°,15W,AJ/CG,ARAS1560/30/60/DGR,https://i.ibb.co/x8KDZbzR/Altair-Prime-15-dark-gray-default-001.png
Altair prime 15,ARAD1503,36V DC,350mA,3000K, CRI>97,Φ60*H120mm,60°,15W,AJ/CG,ARAS1560/30/60/BB,https://i.ibb.co/ZzS3YsDH/Altair-Prime-15-ballet-blue.png
Altair prime 15,ARAD1503,36V DC,350mA,3000K, CRI>97,Φ60*H120mm,60°,15W,AJ/CG,ARAS1560/30/60/CH,https://i.ibb.co/LhZc3jdq/Altair-Prime-15-chrome.png
Altair prime 15,ARAD1503,36V DC,350mA,3000K, CRI>97,Φ60*H120mm,60°,15W,AJ/CG,ARAS1560/30/60/CHB,https://i.ibb.co/tFJYNqs/Altair-Prime-15-chrome-black.png
Altair prime 15,ARAD1503,36V DC,350mA,3500K, CRI>97,Φ60*H120mm,60°,15W,AJ/CG,ARAS1560/35/60/W,https://i.ibb.co/VWqkgwtb/Altair-Prime-15-white.png
Altair prime 15,ARAD1503,36V DC,350mA,3500K, CRI>97,Φ60*H120mm,60°,15W,AJ/CG,ARAS1560/35/60/B,https://i.ibb.co/1t9vpjBt/Altair-Prime-15-mat-black-default.png
Altair prime 15,ARAD1503,36V DC,350mA,3500K, CRI>97,Φ60*H120mm,60°,15W,AJ/CG,ARAS1560/35/60/CG,https://i.ibb.co/HDwGbZqD/Altair-Prime-15-champeing-gold.png
Altair prime 15,ARAD1503,36V DC,350mA,3500K, CRI>97,Φ60*H120mm,60°,15W,AJ/CG,ARAS1560/35/60/RG,https://i.ibb.co/rfZBW6GW/Altair-Prime-15-rose-gold.png
Altair prime 15,ARAD1503,36V DC,350mA,3500K, CRI>97,Φ60*H120mm,60°,15W,AJ/CG,ARAS1560/35/60/BR,https://i.ibb.co/HDnd9yGS/Altair-Prime-15-brown.png
Altair prime 15,ARAD1503,36V DC,350mA,3500K, CRI>97,Φ60*H120mm,60°,15W,AJ/CG,ARAS1560/35/60/COF,https://i.ibb.co/CK8rTTCw/Altair-Prime-15-coffee.png
Altair prime 15,ARAD1503,36V DC,350mA,3500K, CRI>97,Φ60*H120mm,60°,15W,AJ/CG,ARAS1560/35/60/DGR,https://i.ibb.co/x8KDZbzR/Altair-Prime-15-dark-gray-default-001.png
Altair prime 15,ARAD1503,36V DC,350mA,3500K, CRI>97,Φ60*H120mm,60°,15W,AJ/CG,ARAS1560/35/60/BB,https://i.ibb.co/ZzS3YsDH/Altair-Prime-15-ballet-blue.png
Altair prime 15,ARAD1503,36V DC,350mA,3500K, CRI>97,Φ60*H120mm,60°,15W,AJ/CG,ARAS1560/35/60/CH,https://i.ibb.co/LhZc3jdq/Altair-Prime-15-chrome.png
Altair prime 15,ARAD1503,36V DC,350mA,3500K, CRI>97,Φ60*H120mm,60°,15W,AJ/CG,ARAS1560/35/60/CHB,https://i.ibb.co/tFJYNqs/Altair-Prime-15-chrome-black.png
Altair prime 15,ARAD1503,36V DC,350mA,4000K, CRI>97,Φ60*H120mm,60°,15W,AJ/CG,ARAS1560/40/60/W,https://i.ibb.co/VWqkgwtb/Altair-Prime-15-white.png
Altair prime 15,ARAD1503,36V DC,350mA,4000K, CRI>97,Φ60*H120mm,60°,15W,AJ/CG,ARAS1560/40/60/B,https://i.ibb.co/1t9vpjBt/Altair-Prime-15-mat-black-default.png
Altair prime 15,ARAD1503,36V DC,350mA,4000K, CRI>97,Φ60*H120mm,60°,15W,AJ/CG,ARAS1560/40/60/CG,https://i.ibb.co/HDwGbZqD/Altair-Prime-15-champeing-gold.png
Altair prime 15,ARAD1503,36V DC,350mA,4000K, CRI>97,Φ60*H120mm,60°,15W,AJ/CG,ARAS1560/40/60/RG,https://i.ibb.co/rfZBW6GW/Altair-Prime-15-rose-gold.png
Altair prime 15,ARAD1503,36V DC,350mA,4000K, CRI>97,Φ60*H120mm,60°,15W,AJ/CG,ARAS1560/40/60/BR,https://i.ibb.co/HDnd9yGS/Altair-Prime-15-brown.png
Altair prime 15,ARAD1503,36V DC,350mA,4000K, CRI>97,Φ60*H120mm,60°,15W,AJ/CG,ARAS1560/40/60/COF,https://i.ibb.co/CK8rTTCw/Altair-Prime-15-coffee.png
Altair prime 15,ARAD1503,36V DC,350mA,4000K, CRI>97,Φ60*H120mm,60°,15W,AJ/CG,ARAS1560/40/60/DGR,https://i.ibb.co/x8KDZbzR/Altair-Prime-15-dark-gray-default-001.png
Altair prime 15,ARAD1503,36V DC,350mA,4000K, CRI>97,Φ60*H120mm,60°,15W,AJ/CG,ARAS1560/40/60/BB,https://i.ibb.co/ZzS3YsDH/Altair-Prime-15-ballet-blue.png
Altair prime 15,ARAD1503,36V DC,350mA,4000K, CRI>97,Φ60*H120mm,60°,15W,AJ/CG,ARAS1560/40/60/CH,https://i.ibb.co/LhZc3jdq/Altair-Prime-15-chrome.png
Altair prime 15,ARAD1503,36V DC,350mA,4000K, CRI>97,Φ60*H120mm,60°,15W,AJ/CG,ARAS1560/40/60/CHB,https://i.ibb.co/tFJYNqs/Altair-Prime-15-chrome-black.png
Altair prime 15,ARAD1503,36V DC,350mA,5000K, CRI>97,Φ60*H120mm,60°,15W,AJ/CG,ARAS1560/50/60/W,https://i.ibb.co/VWqkgwtb/Altair-Prime-15-white.png
Altair prime 15,ARAD1503,36V DC,350mA,5000K, CRI>97,Φ60*H120mm,60°,15W,AJ/CG,ARAS1560/50/60/B,https://i.ibb.co/1t9vpjBt/Altair-Prime-15-mat-black-default.png
Altair prime 15,ARAD1503,36V DC,350mA,5000K, CRI>97,Φ60*H120mm,60°,15W,AJ/CG,ARAS1560/50/60/CG,https://i.ibb.co/HDwGbZqD/Altair-Prime-15-champeing-gold.png
Altair prime 15,ARAD1503,36V DC,350mA,5000K, CRI>97,Φ60*H120mm,60°,15W,AJ/CG,ARAS1560/50/60/RG,https://i.ibb.co/rfZBW6GW/Altair-Prime-15-rose-gold.png
Altair prime 15,ARAD1503,36V DC,350mA,5000K, CRI>97,Φ60*H120mm,60°,15W,AJ/CG,ARAS1560/50/60/BR,https://i.ibb.co/HDnd9yGS/Altair-Prime-15-brown.png
Altair prime 15,ARAD1503,36V DC,350mA,5000K, CRI>97,Φ60*H120mm,60°,15W,AJ/CG,ARAS1560/50/60/COF,https://i.ibb.co/CK8rTTCw/Altair-Prime-15-coffee.png
Altair prime 15,ARAD1503,36V DC,350mA,5000K, CRI>97,Φ60*H120mm,60°,15W,AJ/CG,ARAS1560/50/60/DGR,https://i.ibb.co/x8KDZbzR/Altair-Prime-15-dark-gray-default-001.png
Altair prime 15,ARAD1503,36V DC,350mA,5000K, CRI>97,Φ60*H120mm,60°,15W,AJ/CG,ARAS1560/50/60/BB,https://i.ibb.co/ZzS3YsDH/Altair-Prime-15-ballet-blue.png
Altair prime 15,ARAD1503,36V DC,350mA,5000K, CRI>97,Φ60*H120mm,60°,15W,AJ/CG,ARAS1560/50/60/CH,https://i.ibb.co/LhZc3jdq/Altair-Prime-15-chrome.png
Altair prime 15,ARAD1503,36V DC,350mA,5000K, CRI>97,Φ60*H120mm,60°,15W,AJ/CG,ARAS1560/50/60/CHB,https://i.ibb.co/tFJYNqs/Altair-Prime-15-chrome-black.png
Altair prime 15 Tunable,ARAD1503,36V DC,350mA,2700K~6500K, CRI>97,Φ60*H120mm,15°,15W,AJ/CG,ARAS1560/CT/15/W,https://i.ibb.co/VWqkgwtb/Altair-Prime-15-white.png
Altair prime 15 Tunable,ARAD1503,36V DC,350mA,2700K~6500K, CRI>97,Φ60*H120mm,15°,15W,AJ/CG,ARAS1560/CT/15/B,https://i.ibb.co/1t9vpjBt/Altair-Prime-15-mat-black-default.png
Altair prime 15 Tunable,ARAD1503,36V DC,350mA,2700K~6500K, CRI>97,Φ60*H120mm,15°,15W,AJ/CG,ARAS1560/CT/15/CG,https://i.ibb.co/HDwGbZqD/Altair-Prime-15-champeing-gold.png
Altair prime 15 Tunable,ARAD1503,36V DC,350mA,2700K~6500K, CRI>97,Φ60*H120mm,15°,15W,AJ/CG,ARAS1560/CT/15/RG,https://i.ibb.co/rfZBW6GW/Altair-Prime-15-rose-gold.png
Altair prime 15 Tunable,ARAD1503,36V DC,350mA,2700K~6500K, CRI>97,Φ60*H120mm,15°,15W,AJ/CG,ARAS1560/CT/15/BR,https://i.ibb.co/HDnd9yGS/Altair-Prime-15-brown.png
Altair prime 15 Tunable,ARAD1503,36V DC,350mA,2700K~6500K, CRI>97,Φ60*H120mm,15°,15W,AJ/CG,ARAS1560/CT/15/COF,https://i.ibb.co/CK8rTTCw/Altair-Prime-15-coffee.png
Altair prime 15 Tunable,ARAD1503,36V DC,350mA,2700K~6500K, CRI>97,Φ60*H120mm,15°,15W,AJ/CG,ARAS1560/CT/15/DGR,https://i.ibb.co/x8KDZbzR/Altair-Prime-15-dark-gray-default-001.png
Altair prime 15 Tunable,ARAD1503,36V DC,350mA,2700K~6500K, CRI>97,Φ60*H120mm,15°,15W,AJ/CG,ARAS1560/CT/15/BB,https://i.ibb.co/ZzS3YsDH/Altair-Prime-15-ballet-blue.png
Altair prime 15 Tunable,ARAD1503,36V DC,350mA,2700K~6500K, CRI>97,Φ60*H120mm,15°,15W,AJ/CG,ARAS1560/CT/15/CH,https://i.ibb.co/LhZc3jdq/Altair-Prime-15-chrome.png
Altair prime 15 Tunable,ARAD1503,36V DC,350mA,2700K~6500K, CRI>97,Φ60*H120mm,15°,15W,AJ/CG,ARAS1560/CT/15/CHB,https://i.ibb.co/tFJYNqs/Altair-Prime-15-chrome-black.png
Altair prime 15 Tunable,ARAD1503,36V DC,350mA,2700K~6500K, CRI>97,Φ60*H120mm,24°,15W,AJ/CG,ARAS1560/CT/24/W,https://i.ibb.co/VWqkgwtb/Altair-Prime-15-white.png
Altair prime 15 Tunable,ARAD1503,36V DC,350mA,2700K~6500K, CRI>97,Φ60*H120mm,24°,15W,AJ/CG,ARAS1560/CT/24/B,https://i.ibb.co/1t9vpjBt/Altair-Prime-15-mat-black-default.png
Altair prime 15 Tunable,ARAD1503,36V DC,350mA,2700K~6500K, CRI>97,Φ60*H120mm,24°,15W,AJ/CG,ARAS1560/CT/24/CG,https://i.ibb.co/HDwGbZqD/Altair-Prime-15-champeing-gold.png
Altair prime 15 Tunable,ARAD1503,36V DC,350mA,2700K~6500K, CRI>97,Φ60*H120mm,24°,15W,AJ/CG,ARAS1560/CT/24/RG,https://i.ibb.co/rfZBW6GW/Altair-Prime-15-rose-gold.png
Altair prime 15 Tunable,ARAD1503,36V DC,350mA,2700K~6500K, CRI>97,Φ60*H120mm,24°,15W,AJ/CG,ARAS1560/CT/24/BR,https://i.ibb.co/HDnd9yGS/Altair-Prime-15-brown.png
Altair prime 15 Tunable,ARAD1503,36V DC,350mA,2700K~6500K, CRI>97,Φ60*H120mm,24°,15W,AJ/CG,ARAS1560/CT/24/COF,https://i.ibb.co/CK8rTTCw/Altair-Prime-15-coffee.png
Altair prime 15 Tunable,ARAD1503,36V DC,350mA,2700K~6500K, CRI>97,Φ60*H120mm,24°,15W,AJ/CG,ARAS1560/CT/24/DGR,https://i.ibb.co/x8KDZbzR/Altair-Prime-15-dark-gray-default-001.png
Altair prime 15 Tunable,ARAD1503,36V DC,350mA,2700K~6500K, CRI>97,Φ60*H120mm,24°,15W,AJ/CG,ARAS1560/CT/24/BB,https://i.ibb.co/ZzS3YsDH/Altair-Prime-15-ballet-blue.png
Altair prime 15 Tunable,ARAD1503,36V DC,350mA,2700K~6500K, CRI>97,Φ60*H120mm,24°,15W,AJ/CG,ARAS1560/CT/24/CH,https://i.ibb.co/LhZc3jdq/Altair-Prime-15-chrome.png
Altair prime 15 Tunable,ARAD1503,36V DC,350mA,2700K~6500K, CRI>97,Φ60*H120mm,24°,15W,AJ/CG,ARAS1560/CT/24/CHB,https://i.ibb.co/tFJYNqs/Altair-Prime-15-chrome-black.png
Altair prime 15 Tunable,ARAD1503,36V DC,350mA,2700K~6500K, CRI>97,Φ60*H120mm,36°,15W,AJ/CG,ARAS1560/CT/36/W,https://i.ibb.co/VWqkgwtb/Altair-Prime-15-white.png
Altair prime 15 Tunable,ARAD1503,36V DC,350mA,2700K~6500K, CRI>97,Φ60*H120mm,36°,15W,AJ/CG,ARAS1560/CT/36/B,https://i.ibb.co/1t9vpjBt/Altair-Prime-15-mat-black-default.png
Altair prime 15 Tunable,ARAD1503,36V DC,350mA,2700K~6500K, CRI>97,Φ60*H120mm,36°,15W,AJ/CG,ARAS1560/CT/36/CG,https://i.ibb.co/HDwGbZqD/Altair-Prime-15-champeing-gold.png
Altair prime 15 Tunable,ARAD1503,36V DC,350mA,2700K~6500K, CRI>97,Φ60*H120mm,36°,15W,AJ/CG,ARAS1560/CT/36/RG,https://i.ibb.co/rfZBW6GW/Altair-Prime-15-rose-gold.png
Altair prime 15 Tunable,ARAD1503,36V DC,350mA,2700K~6500K, CRI>97,Φ60*H120mm,36°,15W,AJ/CG,ARAS1560/CT/36/BR,https://i.ibb.co/HDnd9yGS/Altair-Prime-15-brown.png
Altair prime 15 Tunable,ARAD1503,36V DC,350mA,2700K~6500K, CRI>97,Φ60*H120mm,36°,15W,AJ/CG,ARAS1560/CT/36/COF,https://i.ibb.co/CK8rTTCw/Altair-Prime-15-coffee.png
Altair prime 15 Tunable,ARAD1503,36V DC,350mA,2700K~6500K, CRI>97,Φ60*H120mm,36°,15W,AJ/CG,ARAS1560/CT/36/DGR,https://i.ibb.co/x8KDZbzR/Altair-Prime-15-dark-gray-default-001.png
Altair prime 15 Tunable,ARAD1503,36V DC,350mA,2700K~6500K, CRI>97,Φ60*H120mm,36°,15W,AJ/CG,ARAS1560/CT/36/BB,https://i.ibb.co/ZzS3YsDH/Altair-Prime-15-ballet-blue.png
Altair prime 15 Tunable,ARAD1503,36V DC,350mA,2700K~6500K, CRI>97,Φ60*H120mm,36°,15W,AJ/CG,ARAS1560/CT/36/CH,https://i.ibb.co/LhZc3jdq/Altair-Prime-15-chrome.png
Altair prime 15 Tunable,ARAD1503,36V DC,350mA,2700K~6500K, CRI>97,Φ60*H120mm,36°,15W,AJ/CG,ARAS1560/CT/36/CHB,https://i.ibb.co/tFJYNqs/Altair-Prime-15-chrome-black.png
Altair prime 15 Tunable,ARAD1503,36V DC,350mA,2700K~6500K, CRI>97,Φ60*H120mm,60°,15W,AJ/CG,ARAS1560/CT/60/W,https://i.ibb.co/VWqkgwtb/Altair-Prime-15-white.png
Altair prime 15 Tunable,ARAD1503,36V DC,350mA,2700K~6500K, CRI>97,Φ60*H120mm,60°,15W,AJ/CG,ARAS1560/CT/60/B,https://i.ibb.co/1t9vpjBt/Altair-Prime-15-mat-black-default.png
Altair prime 15 Tunable,ARAD1503,36V DC,350mA,2700K~6500K, CRI>97,Φ60*H120mm,60°,15W,AJ/CG,ARAS1560/CT/60/CG,https://i.ibb.co/HDwGbZqD/Altair-Prime-15-champeing-gold.png
Altair prime 15 Tunable,ARAD1503,36V DC,350mA,2700K~6500K, CRI>97,Φ60*H120mm,60°,15W,AJ/CG,ARAS1560/CT/60/RG,https://i.ibb.co/rfZBW6GW/Altair-Prime-15-rose-gold.png
Altair prime 15 Tunable,ARAD1503,36V DC,350mA,2700K~6500K, CRI>97,Φ60*H120mm,60°,15W,AJ/CG,ARAS1560/CT/60/BR,https://i.ibb.co/HDnd9yGS/Altair-Prime-15-brown.png
Altair prime 15 Tunable,ARAD1503,36V DC,350mA,2700K~6500K, CRI>97,Φ60*H120mm,60°,15W,AJ/CG,ARAS1560/CT/60/COF,https://i.ibb.co/CK8rTTCw/Altair-Prime-15-coffee.png
Altair prime 15 Tunable,ARAD1503,36V DC,350mA,2700K~6500K, CRI>97,Φ60*H120mm,60°,15W,AJ/CG,ARAS1560/CT/60/DGR,https://i.ibb.co/x8KDZbzR/Altair-Prime-15-dark-gray-default-001.png
Altair prime 15 Tunable,ARAD1503,36V DC,350mA,2700K~6500K, CRI>97,Φ60*H120mm,60°,15W,AJ/CG,ARAS1560/CT/60/BB,https://i.ibb.co/ZzS3YsDH/Altair-Prime-15-ballet-blue.png
Altair prime 15 Tunable,ARAD1503,36V DC,350mA,2700K~6500K, CRI>97,Φ60*H120mm,60°,15W,AJ/CG,ARAS1560/CT/60/CH,https://i.ibb.co/LhZc3jdq/Altair-Prime-15-chrome.png
Altair prime 15 Tunable,ARAD1503,36V DC,350mA,2700K~6500K, CRI>97,Φ60*H120mm,60°,15W,AJ/CG,ARAS1560/CT/60/CHB,https://i.ibb.co/tFJYNqs/Altair-Prime-15-chrome-black.png
Altair prime 20,ARAD1504,36V DC,500mA,2700K, CRI>97,Φ60*H170mm,15°,20W,AJ/CG,ARAS2060/27/15/W,https://i.ibb.co/VWqkgwtb/Altair-Prime-20-white.png
Altair prime 20,ARAD1504,36V DC,500mA,2700K, CRI>97,Φ60*H170mm,15°,20W,AJ/CG,ARAS2060/27/15/B,https://i.ibb.co/1t9vpjBt/Altair-Prime-20-mat-black-default.png
Altair prime 20,ARAD1504,36V DC,500mA,2700K, CRI>97,Φ60*H170mm,15°,20W,AJ/CG,ARAS2060/27/15/CG,https://i.ibb.co/HDwGbZqD/Altair-Prime-20-champeing-gold.png
Altair prime 20,ARAD1504,36V DC,500mA,2700K, CRI>97,Φ60*H170mm,15°,20W,AJ/CG,ARAS2060/27/15/RG,https://i.ibb.co/rfZBW6GW/Altair-Prime-20-rose-gold.png
Altair prime 20,ARAD1504,36V DC,500mA,2700K, CRI>97,Φ60*H170mm,15°,20W,AJ/CG,ARAS2060/27/15/BR,https://i.ibb.co/HDnd9yGS/Altair-Prime-20-brown.png
Altair prime 20,ARAD1504,36V DC,500mA,2700K, CRI>97,Φ60*H170mm,15°,20W,AJ/CG,ARAS2060/27/15/COF,https://i.ibb.co/CK8rTTCw/Altair-Prime-20-coffee.png
Altair prime 20,ARAD1504,36V DC,500mA,2700K, CRI>97,Φ60*H170mm,15°,20W,AJ/CG,ARAS2060/27/15/DGR,https://i.ibb.co/x8KDZbzR/Altair-Prime-20-dark-gray-default-001.png
Altair prime 20,ARAD1504,36V DC,500mA,2700K, CRI>97,Φ60*H170mm,15°,20W,AJ/CG,ARAS2060/27/15/BB,https://i.ibb.co/ZzS3YsDH/Altair-Prime-20-ballet-blue.png
Altair prime 20,ARAD1504,36V DC,500mA,2700K, CRI>97,Φ60*H170mm,15°,20W,AJ/CG,ARAS2060/27/15/CH,https://i.ibb.co/LhZc3jdq/Altair-Prime-20-chrome.png
Altair prime 20,ARAD1504,36V DC,500mA,2700K, CRI>97,Φ60*H170mm,15°,20W,AJ/CG,ARAS2060/27/15/CHB,https://i.ibb.co/tFJYNqs/Altair-Prime-20-chrome-black.png
Altair prime 20,ARAD1504,36V DC,500mA,3000K, CRI>97,Φ60*H170mm,15°,20W,AJ/CG,ARAS2060/30/15/W,https://i.ibb.co/VWqkgwtb/Altair-Prime-20-white.png
Altair prime 20,ARAD1504,36V DC,500mA,3000K, CRI>97,Φ60*H170mm,15°,20W,AJ/CG,ARAS2060/30/15/B,https://i.ibb.co/1t9vpjBt/Altair-Prime-20-mat-black-default.png
Altair prime 20,ARAD1504,36V DC,500mA,3000K, CRI>97,Φ60*H170mm,15°,20W,AJ/CG,ARAS2060/30/15/CG,https://i.ibb.co/HDwGbZqD/Altair-Prime-20-champeing-gold.png
Altair prime 20,ARAD1504,36V DC,500mA,3000K, CRI>97,Φ60*H170mm,15°,20W,AJ/CG,ARAS2060/30/15/RG,https://i.ibb.co/rfZBW6GW/Altair-Prime-20-rose-gold.png
Altair prime 20,ARAD1504,36V DC,500mA,3000K, CRI>97,Φ60*H170mm,15°,20W,AJ/CG,ARAS2060/30/15/BR,https://i.ibb.co/HDnd9yGS/Altair-Prime-20-brown.png
Altair prime 20,ARAD1504,36V DC,500mA,3000K, CRI>97,Φ60*H170mm,15°,20W,AJ/CG,ARAS2060/30/15/COF,https://i.ibb.co/CK8rTTCw/Altair-Prime-20-coffee.png
Altair prime 20,ARAD1504,36V DC,500mA,3000K, CRI>97,Φ60*H170mm,15°,20W,AJ/CG,ARAS2060/30/15/DGR,https://i.ibb.co/x8KDZbzR/Altair-Prime-20-dark-gray-default-001.png
Altair prime 20,ARAD1504,36V DC,500mA,3000K, CRI>97,Φ60*H170mm,15°,20W,AJ/CG,ARAS2060/30/15/BB,https://i.ibb.co/ZzS3YsDH/Altair-Prime-20-ballet-blue.png
Altair prime 20,ARAD1504,36V DC,500mA,3000K, CRI>97,Φ60*H170mm,15°,20W,AJ/CG,ARAS2060/30/15/CH,https://i.ibb.co/LhZc3jdq/Altair-Prime-20-chrome.png
Altair prime 20,ARAD1504,36V DC,500mA,3000K, CRI>97,Φ60*H170mm,15°,20W,AJ/CG,ARAS2060/30/15/CHB,https://i.ibb.co/tFJYNqs/Altair-Prime-20-chrome-black.png
Altair prime 20,ARAD1504,36V DC,500mA,3500K, CRI>97,Φ60*H170mm,15°,20W,AJ/CG,ARAS2060/35/15/W,https://i.ibb.co/VWqkgwtb/Altair-Prime-20-white.png
Altair prime 20,ARAD1504,36V DC,500mA,3500K, CRI>97,Φ60*H170mm,15°,20W,AJ/CG,ARAS2060/35/15/B,https://i.ibb.co/1t9vpjBt/Altair-Prime-20-mat-black-default.png
Altair prime 20,ARAD1504,36V DC,500mA,3500K, CRI>97,Φ60*H170mm,15°,20W,AJ/CG,ARAS2060/35/15/CG,https://i.ibb.co/HDwGbZqD/Altair-Prime-20-champeing-gold.png
Altair prime 20,ARAD1504,36V DC,500mA,3500K, CRI>97,Φ60*H170mm,15°,20W,AJ/CG,ARAS2060/35/15/RG,https://i.ibb.co/rfZBW6GW/Altair-Prime-20-rose-gold.png
Altair prime 20,ARAD1504,36V DC,500mA,3500K, CRI>97,Φ60*H170mm,15°,20W,AJ/CG,ARAS2060/35/15/BR,https://i.ibb.co/HDnd9yGS/Altair-Prime-20-brown.png
Altair prime 20,ARAD1504,36V DC,500mA,3500K, CRI>97,Φ60*H170mm,15°,20W,AJ/CG,ARAS2060/35/15/COF,https://i.ibb.co/CK8rTTCw/Altair-Prime-20-coffee.png
Altair prime 20,ARAD1504,36V DC,500mA,3500K, CRI>97,Φ60*H170mm,15°,20W,AJ/CG,ARAS2060/35/15/DGR,https://i.ibb.co/x8KDZbzR/Altair-Prime-20-dark-gray-default-001.png
Altair prime 20,ARAD1504,36V DC,500mA,3500K, CRI>97,Φ60*H170mm,15°,20W,AJ/CG,ARAS2060/35/15/BB,https://i.ibb.co/ZzS3YsDH/Altair-Prime-20-ballet-blue.png
Altair prime 20,ARAD1504,36V DC,500mA,3500K, CRI>97,Φ60*H170mm,15°,20W,AJ/CG,ARAS2060/35/15/CH,https://i.ibb.co/LhZc3jdq/Altair-Prime-20-chrome.png
Altair prime 20,ARAD1504,36V DC,500mA,3500K, CRI>97,Φ60*H170mm,15°,20W,AJ/CG,ARAS2060/35/15/CHB,https://i.ibb.co/tFJYNqs/Altair-Prime-20-chrome-black.png
Altair prime 20,ARAD1504,36V DC,500mA,4000K, CRI>97,Φ60*H170mm,15°,20W,AJ/CG,ARAS2060/40/15/W,https://i.ibb.co/VWqkgwtb/Altair-Prime-20-white.png
Altair prime 20,ARAD1504,36V DC,500mA,4000K, CRI>97,Φ60*H170mm,15°,20W,AJ/CG,ARAS2060/40/15/B,https://i.ibb.co/1t9vpjBt/Altair-Prime-20-mat-black-default.png
Altair prime 20,ARAD1504,36V DC,500mA,4000K, CRI>97,Φ60*H170mm,15°,20W,AJ/CG,ARAS2060/40/15/CG,https://i.ibb.co/HDwGbZqD/Altair-Prime-20-champeing-gold.png
Altair prime 20,ARAD1504,36V DC,500mA,4000K, CRI>97,Φ60*H170mm,15°,20W,AJ/CG,ARAS2060/40/15/RG,https://i.ibb.co/rfZBW6GW/Altair-Prime-20-rose-gold.png
Altair prime 20,ARAD1504,36V DC,500mA,4000K, CRI>97,Φ60*H170mm,15°,20W,AJ/CG,ARAS2060/40/15/BR,https://i.ibb.co/HDnd9yGS/Altair-Prime-20-brown.png
Altair prime 20,ARAD1504,36V DC,500mA,4000K, CRI>97,Φ60*H170mm,15°,20W,AJ/CG,ARAS2060/40/15/COF,https://i.ibb.co/CK8rTTCw/Altair-Prime-20-coffee.png
Altair prime 20,ARAD1504,36V DC,500mA,4000K, CRI>97,Φ60*H170mm,15°,20W,AJ/CG,ARAS2060/40/15/DGR,https://i.ibb.co/x8KDZbzR/Altair-Prime-20-dark-gray-default-001.png
Altair prime 20,ARAD1504,36V DC,500mA,4000K, CRI>97,Φ60*H170mm,15°,20W,AJ/CG,ARAS2060/40/15/BB,https://i.ibb.co/ZzS3YsDH/Altair-Prime-20-ballet-blue.png
Altair prime 20,ARAD1504,36V DC,500mA,4000K, CRI>97,Φ60*H170mm,15°,20W,AJ/CG,ARAS2060/40/15/CH,https://i.ibb.co/LhZc3jdq/Altair-Prime-20-chrome.png
Altair prime 20,ARAD1504,36V DC,500mA,4000K, CRI>97,Φ60*H170mm,15°,20W,AJ/CG,ARAS2060/40/15/CHB,https://i.ibb.co/tFJYNqs/Altair-Prime-20-chrome-black.png
Altair prime 20,ARAD1504,36V DC,500mA,5000K, CRI>97,Φ60*H170mm,15°,20W,AJ/CG,ARAS2060/50/15/W,https://i.ibb.co/VWqkgwtb/Altair-Prime-20-white.png
Altair prime 20,ARAD1504,36V DC,500mA,5000K, CRI>97,Φ60*H170mm,15°,20W,AJ/CG,ARAS2060/50/15/B,https://i.ibb.co/1t9vpjBt/Altair-Prime-20-mat-black-default.png
Altair prime 20,ARAD1504,36V DC,500mA,5000K, CRI>97,Φ60*H170mm,15°,20W,AJ/CG,ARAS2060/50/15/CG,https://i.ibb.co/HDwGbZqD/Altair-Prime-20-champeing-gold.png
Altair prime 20,ARAD1504,36V DC,500mA,5000K, CRI>97,Φ60*H170mm,15°,20W,AJ/CG,ARAS2060/50/15/RG,https://i.ibb.co/rfZBW6GW/Altair-Prime-20-rose-gold.png
Altair prime 20,ARAD1504,36V DC,500mA,5000K, CRI>97,Φ60*H170mm,15°,20W,AJ/CG,ARAS2060/50/15/BR,https://i.ibb.co/HDnd9yGS/Altair-Prime-20-brown.png
Altair prime 20,ARAD1504,36V DC,500mA,5000K, CRI>97,Φ60*H170mm,15°,20W,AJ/CG,ARAS2060/50/15/COF,https://i.ibb.co/CK8rTTCw/Altair-Prime-20-coffee.png
Altair prime 20,ARAD1504,36V DC,500mA,5000K, CRI>97,Φ60*H170mm,15°,20W,AJ/CG,ARAS2060/50/15/DGR,https://i.ibb.co/x8KDZbzR/Altair-Prime-20-dark-gray-default-001.png
Altair prime 20,ARAD1504,36V DC,500mA,5000K, CRI>97,Φ60*H170mm,15°,20W,AJ/CG,ARAS2060/50/15/BB,https://i.ibb.co/ZzS3YsDH/Altair-Prime-20-ballet-blue.png
Altair prime 20,ARAD1504,36V DC,500mA,5000K, CRI>97,Φ60*H170mm,15°,20W,AJ/CG,ARAS2060/50/15/CH,https://i.ibb.co/LhZc3jdq/Altair-Prime-20-chrome.png
Altair prime 20,ARAD1504,36V DC,500mA,5000K, CRI>97,Φ60*H170mm,15°,20W,AJ/CG,ARAS2060/50/15/CHB,https://i.ibb.co/tFJYNqs/Altair-Prime-20-chrome-black.png
Altair prime 20,ARAD1504,36V DC,500mA,2700K, CRI>97,Φ60*H170mm,24°,20W,AJ/CG,ARAS2060/27/24/W,https://i.ibb.co/VWqkgwtb/Altair-Prime-20-white.png
Altair prime 20,ARAD1504,36V DC,500mA,2700K, CRI>97,Φ60*H170mm,24°,20W,AJ/CG,ARAS2060/27/24/B,https://i.ibb.co/1t9vpjBt/Altair-Prime-20-mat-black-default.png
Altair prime 20,ARAD1504,36V DC,500mA,2700K, CRI>97,Φ60*H170mm,24°,20W,AJ/CG,ARAS2060/27/24/CG,https://i.ibb.co/HDwGbZqD/Altair-Prime-20-champeing-gold.png
Altair prime 20,ARAD1504,36V DC,500mA,2700K, CRI>97,Φ60*H170mm,24°,20W,AJ/CG,ARAS2060/27/24/RG,https://i.ibb.co/rfZBW6GW/Altair-Prime-20-rose-gold.png
Altair prime 20,ARAD1504,36V DC,500mA,2700K, CRI>97,Φ60*H170mm,24°,20W,AJ/CG,ARAS2060/27/24/BR,https://i.ibb.co/HDnd9yGS/Altair-Prime-20-brown.png
Altair prime 20,ARAD1504,36V DC,500mA,2700K, CRI>97,Φ60*H170mm,24°,20W,AJ/CG,ARAS2060/27/24/COF,https://i.ibb.co/CK8rTTCw/Altair-Prime-20-coffee.png
Altair prime 20,ARAD1504,36V DC,500mA,2700K, CRI>97,Φ60*H170mm,24°,20W,AJ/CG,ARAS2060/27/24/DGR,https://i.ibb.co/x8KDZbzR/Altair-Prime-20-dark-gray-default-001.png
Altair prime 20,ARAD1504,36V DC,500mA,2700K, CRI>97,Φ60*H170mm,24°,20W,AJ/CG,ARAS2060/27/24/BB,https://i.ibb.co/ZzS3YsDH/Altair-Prime-20-ballet-blue.png
Altair prime 20,ARAD1504,36V DC,500mA,2700K, CRI>97,Φ60*H170mm,24°,20W,AJ/CG,ARAS2060/27/24/CH,https://i.ibb.co/LhZc3jdq/Altair-Prime-20-chrome.png
Altair prime 20,ARAD1504,36V DC,500mA,2700K, CRI>97,Φ60*H170mm,24°,20W,AJ/CG,ARAS2060/27/24/CHB,https://i.ibb.co/tFJYNqs/Altair-Prime-20-chrome-black.png
Altair prime 20,ARAD1504,36V DC,500mA,3000K, CRI>97,Φ60*H170mm,24°,20W,AJ/CG,ARAS2060/30/24/W,https://i.ibb.co/VWqkgwtb/Altair-Prime-20-white.png
Altair prime 20,ARAD1504,36V DC,500mA,3000K, CRI>97,Φ60*H170mm,24°,20W,AJ/CG,ARAS2060/30/24/B,https://i.ibb.co/1t9vpjBt/Altair-Prime-20-mat-black-default.png
Altair prime 20,ARAD1504,36V DC,500mA,3000K, CRI>97,Φ60*H170mm,24°,20W,AJ/CG,ARAS2060/30/24/CG,https://i.ibb.co/HDwGbZqD/Altair-Prime-20-champeing-gold.png
Altair prime 20,ARAD1504,36V DC,500mA,3000K, CRI>97,Φ60*H170mm,24°,20W,AJ/CG,ARAS2060/30/24/RG,https://i.ibb.co/rfZBW6GW/Altair-Prime-20-rose-gold.png
Altair prime 20,ARAD1504,36V DC,500mA,3000K, CRI>97,Φ60*H170mm,24°,20W,AJ/CG,ARAS2060/30/24/BR,https://i.ibb.co/HDnd9yGS/Altair-Prime-20-brown.png
Altair prime 20,ARAD1504,36V DC,500mA,3000K, CRI>97,Φ60*H170mm,24°,20W,AJ/CG,ARAS2060/30/24/COF,https://i.ibb.co/CK8rTTCw/Altair-Prime-20-coffee.png
Altair prime 20,ARAD1504,36V DC,500mA,3000K, CRI>97,Φ60*H170mm,24°,20W,AJ/CG,ARAS2060/30/24/DGR,https://i.ibb.co/x8KDZbzR/Altair-Prime-20-dark-gray-default-001.png
Altair prime 20,ARAD1504,36V DC,500mA,3000K, CRI>97,Φ60*H170mm,24°,20W,AJ/CG,ARAS2060/30/24/BB,https://i.ibb.co/ZzS3YsDH/Altair-Prime-20-ballet-blue.png
Altair prime 20,ARAD1504,36V DC,500mA,3000K, CRI>97,Φ60*H170mm,24°,20W,AJ/CG,ARAS2060/30/24/CH,https://i.ibb.co/LhZc3jdq/Altair-Prime-20-chrome.png
Altair prime 20,ARAD1504,36V DC,500mA,3000K, CRI>97,Φ60*H170mm,24°,20W,AJ/CG,ARAS2060/30/24/CHB,https://i.ibb.co/tFJYNqs/Altair-Prime-20-chrome-black.png
Altair prime 20,ARAD1504,36V DC,500mA,3500K, CRI>97,Φ60*H170mm,24°,20W,AJ/CG,ARAS2060/35/24/W,https://i.ibb.co/VWqkgwtb/Altair-Prime-20-white.png
Altair prime 20,ARAD1504,36V DC,500mA,3500K, CRI>97,Φ60*H170mm,24°,20W,AJ/CG,ARAS2060/35/24/B,https://i.ibb.co/1t9vpjBt/Altair-Prime-20-mat-black-default.png
Altair prime 20,ARAD1504,36V DC,500mA,3500K, CRI>97,Φ60*H170mm,24°,20W,AJ/CG,ARAS2060/35/24/CG,https://i.ibb.co/HDwGbZqD/Altair-Prime-20-champeing-gold.png
Altair prime 20,ARAD1504,36V DC,500mA,3500K, CRI>97,Φ60*H170mm,24°,20W,AJ/CG,ARAS2060/35/24/RG,https://i.ibb.co/rfZBW6GW/Altair-Prime-20-rose-gold.png
Altair prime 20,ARAD1504,36V DC,500mA,3500K, CRI>97,Φ60*H170mm,24°,20W,AJ/CG,ARAS2060/35/24/BR,https://i.ibb.co/HDnd9yGS/Altair-Prime-20-brown.png
Altair prime 20,ARAD1504,36V DC,500mA,3500K, CRI>97,Φ60*H170mm,24°,20W,AJ/CG,ARAS2060/35/24/COF,https://i.ibb.co/CK8rTTCw/Altair-Prime-20-coffee.png
Altair prime 20,ARAD1504,36V DC,500mA,3500K, CRI>97,Φ60*H170mm,24°,20W,AJ/CG,ARAS2060/35/24/DGR,https://i.ibb.co/x8KDZbzR/Altair-Prime-20-dark-gray-default-001.png
Altair prime 20,ARAD1504,36V DC,500mA,3500K, CRI>97,Φ60*H170mm,24°,20W,AJ/CG,ARAS2060/35/24/BB,https://i.ibb.co/ZzS3YsDH/Altair-Prime-20-ballet-blue.png
Altair prime 20,ARAD1504,36V DC,500mA,3500K, CRI>97,Φ60*H170mm,24°,20W,AJ/CG,ARAS2060/35/24/CH,https://i.ibb.co/LhZc3jdq/Altair-Prime-20-chrome.png
Altair prime 20,ARAD1504,36V DC,500mA,3500K, CRI>97,Φ60*H170mm,24°,20W,AJ/CG,ARAS2060/35/24/CHB,https://i.ibb.co/tFJYNqs/Altair-Prime-20-chrome-black.png
Altair prime 20,ARAD1504,36V DC,500mA,4000K, CRI>97,Φ60*H170mm,24°,20W,AJ/CG,ARAS2060/40/24/W,https://i.ibb.co/VWqkgwtb/Altair-Prime-20-white.png
Altair prime 20,ARAD1504,36V DC,500mA,4000K, CRI>97,Φ60*H170mm,24°,20W,AJ/CG,ARAS2060/40/24/B,https://i.ibb.co/1t9vpjBt/Altair-Prime-20-mat-black-default.png
Altair prime 20,ARAD1504,36V DC,500mA,4000K, CRI>97,Φ60*H170mm,24°,20W,AJ/CG,ARAS2060/40/24/CG,https://i.ibb.co/HDwGbZqD/Altair-Prime-20-champeing-gold.png
Altair prime 20,ARAD1504,36V DC,500mA,4000K, CRI>97,Φ60*H170mm,24°,20W,AJ/CG,ARAS2060/40/24/RG,https://i.ibb.co/rfZBW6GW/Altair-Prime-20-rose-gold.png
Altair prime 20,ARAD1504,36V DC,500mA,4000K, CRI>97,Φ60*H170mm,24°,20W,AJ/CG,ARAS2060/40/24/BR,https://i.ibb.co/HDnd9yGS/Altair-Prime-20-brown.png
Altair prime 20,ARAD1504,36V DC,500mA,4000K, CRI>97,Φ60*H170mm,24°,20W,AJ/CG,ARAS2060/40/24/COF,https://i.ibb.co/CK8rTTCw/Altair-Prime-20-coffee.png
Altair prime 20,ARAD1504,36V DC,500mA,4000K, CRI>97,Φ60*H170mm,24°,20W,AJ/CG,ARAS2060/40/24/DGR,https://i.ibb.co/x8KDZbzR/Altair-Prime-20-dark-gray-default-001.png
Altair prime 20,ARAD1504,36V DC,500mA,4000K, CRI>97,Φ60*H170mm,24°,20W,AJ/CG,ARAS2060/40/24/BB,https://i.ibb.co/ZzS3YsDH/Altair-Prime-20-ballet-blue.png
Altair prime 20,ARAD1504,36V DC,500mA,4000K, CRI>97,Φ60*H170mm,24°,20W,AJ/CG,ARAS2060/40/24/CH,https://i.ibb.co/LhZc3jdq/Altair-Prime-20-chrome.png
Altair prime 20,ARAD1504,36V DC,500mA,4000K, CRI>97,Φ60*H170mm,24°,20W,AJ/CG,ARAS2060/40/24/CHB,https://i.ibb.co/tFJYNqs/Altair-Prime-20-chrome-black.png
Altair prime 20,ARAD1504,36V DC,500mA,5000K, CRI>97,Φ60*H170mm,24°,20W,AJ/CG,ARAS2060/50/24/W,https://i.ibb.co/VWqkgwtb/Altair-Prime-20-white.png
Altair prime 20,ARAD1504,36V DC,500mA,5000K, CRI>97,Φ60*H170mm,24°,20W,AJ/CG,ARAS2060/50/24/B,https://i.ibb.co/1t9vpjBt/Altair-Prime-20-mat-black-default.png
Altair prime 20,ARAD1504,36V DC,500mA,5000K, CRI>97,Φ60*H170mm,24°,20W,AJ/CG,ARAS2060/50/24/CG,https://i.ibb.co/HDwGbZqD/Altair-Prime-20-champeing-gold.png
Altair prime 20,ARAD1504,36V DC,500mA,5000K, CRI>97,Φ60*H170mm,24°,20W,AJ/CG,ARAS2060/50/24/RG,https://i.ibb.co/rfZBW6GW/Altair-Prime-20-rose-gold.png
Altair prime 20,ARAD1504,36V DC,500mA,5000K, CRI>97,Φ60*H170mm,24°,20W,AJ/CG,ARAS2060/50/24/BR,https://i.ibb.co/HDnd9yGS/Altair-Prime-20-brown.png
Altair prime 20,ARAD1504,36V DC,500mA,5000K, CRI>97,Φ60*H170mm,24°,20W,AJ/CG,ARAS2060/50/24/COF,https://i.ibb.co/CK8rTTCw/Altair-Prime-20-coffee.png
Altair prime 20,ARAD1504,36V DC,500mA,5000K, CRI>97,Φ60*H170mm,24°,20W,AJ/CG,ARAS2060/50/24/DGR,https://i.ibb.co/x8KDZbzR/Altair-Prime-20-dark-gray-default-001.png
Altair prime 20,ARAD1504,36V DC,500mA,5000K, CRI>97,Φ60*H170mm,24°,20W,AJ/CG,ARAS2060/50/24/BB,https://i.ibb.co/ZzS3YsDH/Altair-Prime-20-ballet-blue.png
Altair prime 20,ARAD1504,36V DC,500mA,5000K, CRI>97,Φ60*H170mm,24°,20W,AJ/CG,ARAS2060/50/24/CH,https://i.ibb.co/LhZc3jdq/Altair-Prime-20-chrome.png
Altair prime 20,ARAD1504,36V DC,500mA,5000K, CRI>97,Φ60*H170mm,24°,20W,AJ/CG,ARAS2060/50/24/CHB,https://i.ibb.co/tFJYNqs/Altair-Prime-20-chrome-black.png
Altair prime 20,ARAD1504,36V DC,500mA,2700K, CRI>97,Φ60*H170mm,36°,20W,AJ/CG,ARAS2060/27/36/W,https://i.ibb.co/VWqkgwtb/Altair-Prime-20-white.png
Altair prime 20,ARAD1504,36V DC,500mA,2700K, CRI>97,Φ60*H170mm,36°,20W,AJ/CG,ARAS2060/27/36/B,https://i.ibb.co/1t9vpjBt/Altair-Prime-20-mat-black-default.png
Altair prime 20,ARAD1504,36V DC,500mA,2700K, CRI>97,Φ60*H170mm,36°,20W,AJ/CG,ARAS2060/27/36/CG,https://i.ibb.co/HDwGbZqD/Altair-Prime-20-champeing-gold.png
Altair prime 20,ARAD1504,36V DC,500mA,2700K, CRI>97,Φ60*H170mm,36°,20W,AJ/CG,ARAS2060/27/36/RG,https://i.ibb.co/rfZBW6GW/Altair-Prime-20-rose-gold.png
Altair prime 20,ARAD1504,36V DC,500mA,2700K, CRI>97,Φ60*H170mm,36°,20W,AJ/CG,ARAS2060/27/36/BR,https://i.ibb.co/HDnd9yGS/Altair-Prime-20-brown.png
Altair prime 20,ARAD1504,36V DC,500mA,2700K, CRI>97,Φ60*H170mm,36°,20W,AJ/CG,ARAS2060/27/36/COF,https://i.ibb.co/CK8rTTCw/Altair-Prime-20-coffee.png
Altair prime 20,ARAD1504,36V DC,500mA,2700K, CRI>97,Φ60*H170mm,36°,20W,AJ/CG,ARAS2060/27/36/DGR,https://i.ibb.co/x8KDZbzR/Altair-Prime-20-dark-gray-default-001.png
Altair prime 20,ARAD1504,36V DC,500mA,2700K, CRI>97,Φ60*H170mm,36°,20W,AJ/CG,ARAS2060/27/36/BB,https://i.ibb.co/ZzS3YsDH/Altair-Prime-20-ballet-blue.png
Altair prime 20,ARAD1504,36V DC,500mA,2700K, CRI>97,Φ60*H170mm,36°,20W,AJ/CG,ARAS2060/27/36/CH,https://i.ibb.co/LhZc3jdq/Altair-Prime-20-chrome.png
Altair prime 20,ARAD1504,36V DC,500mA,2700K, CRI>97,Φ60*H170mm,36°,20W,AJ/CG,ARAS2060/27/36/CHB,https://i.ibb.co/tFJYNqs/Altair-Prime-20-chrome-black.png
Altair prime 20,ARAD1504,36V DC,500mA,3000K, CRI>97,Φ60*H170mm,36°,20W,AJ/CG,ARAS2060/30/36/W,https://i.ibb.co/VWqkgwtb/Altair-Prime-20-white.png
Altair prime 20,ARAD1504,36V DC,500mA,3000K, CRI>97,Φ60*H170mm,36°,20W,AJ/CG,ARAS2060/30/36/B,https://i.ibb.co/1t9vpjBt/Altair-Prime-20-mat-black-default.png
Altair prime 20,ARAD1504,36V DC,500mA,3000K, CRI>97,Φ60*H170mm,36°,20W,AJ/CG,ARAS2060/30/36/CG,https://i.ibb.co/HDwGbZqD/Altair-Prime-20-champeing-gold.png
Altair prime 20,ARAD1504,36V DC,500mA,3000K, CRI>97,Φ60*H170mm,36°,20W,AJ/CG,ARAS2060/30/36/RG,https://i.ibb.co/rfZBW6GW/Altair-Prime-20-rose-gold.png
Altair prime 20,ARAD1504,36V DC,500mA,3000K, CRI>97,Φ60*H170mm,36°,20W,AJ/CG,ARAS2060/30/36/BR,https://i.ibb.co/HDnd9yGS/Altair-Prime-20-brown.png
Altair prime 20,ARAD1504,36V DC,500mA,3000K, CRI>97,Φ60*H170mm,36°,20W,AJ/CG,ARAS2060/30/36/COF,https://i.ibb.co/CK8rTTCw/Altair-Prime-20-coffee.png
Altair prime 20,ARAD1504,36V DC,500mA,3000K, CRI>97,Φ60*H170mm,36°,20W,AJ/CG,ARAS2060/30/36/DGR,https://i.ibb.co/x8KDZbzR/Altair-Prime-20-dark-gray-default-001.png
Altair prime 20,ARAD1504,36V DC,500mA,3000K, CRI>97,Φ60*H170mm,36°,20W,AJ/CG,ARAS2060/30/36/BB,https://i.ibb.co/ZzS3YsDH/Altair-Prime-20-ballet-blue.png
Altair prime 20,ARAD1504,36V DC,500mA,3000K, CRI>97,Φ60*H170mm,36°,20W,AJ/CG,ARAS2060/30/36/CH,https://i.ibb.co/LhZc3jdq/Altair-Prime-20-chrome.png
Altair prime 20,ARAD1504,36V DC,500mA,3000K, CRI>97,Φ60*H170mm,36°,20W,AJ/CG,ARAS2060/30/36/CHB,https://i.ibb.co/tFJYNqs/Altair-Prime-20-chrome-black.png
Altair prime 20,ARAD1504,36V DC,500mA,3500K, CRI>97,Φ60*H170mm,36°,20W,AJ/CG,ARAS2060/35/36/W,https://i.ibb.co/VWqkgwtb/Altair-Prime-20-white.png
Altair prime 20,ARAD1504,36V DC,500mA,3500K, CRI>97,Φ60*H170mm,36°,20W,AJ/CG,ARAS2060/35/36/B,https://i.ibb.co/1t9vpjBt/Altair-Prime-20-mat-black-default.png
Altair prime 20,ARAD1504,36V DC,500mA,3500K, CRI>97,Φ60*H170mm,36°,20W,AJ/CG,ARAS2060/35/36/CG,https://i.ibb.co/HDwGbZqD/Altair-Prime-20-champeing-gold.png
Altair prime 20,ARAD1504,36V DC,500mA,3500K, CRI>97,Φ60*H170mm,36°,20W,AJ/CG,ARAS2060/35/36/RG,https://i.ibb.co/rfZBW6GW/Altair-Prime-20-rose-gold.png
Altair prime 20,ARAD1504,36V DC,500mA,3500K, CRI>97,Φ60*H170mm,36°,20W,AJ/CG,ARAS2060/35/36/BR,https://i.ibb.co/HDnd9yGS/Altair-Prime-20-brown.png
Altair prime 20,ARAD1504,36V DC,500mA,3500K, CRI>97,Φ60*H170mm,36°,20W,AJ/CG,ARAS2060/35/36/COF,https://i.ibb.co/CK8rTTCw/Altair-Prime-20-coffee.png
Altair prime 20,ARAD1504,36V DC,500mA,3500K, CRI>97,Φ60*H170mm,36°,20W,AJ/CG,ARAS2060/35/36/DGR,https://i.ibb.co/x8KDZbzR/Altair-Prime-20-dark-gray-default-001.png
Altair prime 20,ARAD1504,36V DC,500mA,3500K, CRI>97,Φ60*H170mm,36°,20W,AJ/CG,ARAS2060/35/36/BB,https://i.ibb.co/ZzS3YsDH/Altair-Prime-20-ballet-blue.png
Altair prime 20,ARAD1504,36V DC,500mA,3500K, CRI>97,Φ60*H170mm,36°,20W,AJ/CG,ARAS2060/35/36/CH,https://i.ibb.co/LhZc3jdq/Altair-Prime-20-chrome.png
Altair prime 20,ARAD1504,36V DC,500mA,3500K, CRI>97,Φ60*H170mm,36°,20W,AJ/CG,ARAS2060/35/36/CHB,https://i.ibb.co/tFJYNqs/Altair-Prime-20-chrome-black.png
Altair prime 20,ARAD1504,36V DC,500mA,4000K, CRI>97,Φ60*H170mm,36°,20W,AJ/CG,ARAS2060/40/36/W,https://i.ibb.co/VWqkgwtb/Altair-Prime-20-white.png
Altair prime 20,ARAD1504,36V DC,500mA,4000K, CRI>97,Φ60*H170mm,36°,20W,AJ/CG,ARAS2060/40/36/B,https://i.ibb.co/1t9vpjBt/Altair-Prime-20-mat-black-default.png
Altair prime 20,ARAD1504,36V DC,500mA,4000K, CRI>97,Φ60*H170mm,36°,20W,AJ/CG,ARAS2060/40/36/CG,https://i.ibb.co/HDwGbZqD/Altair-Prime-20-champeing-gold.png
Altair prime 20,ARAD1504,36V DC,500mA,4000K, CRI>97,Φ60*H170mm,36°,20W,AJ/CG,ARAS2060/40/36/RG,https://i.ibb.co/rfZBW6GW/Altair-Prime-20-rose-gold.png
Altair prime 20,ARAD1504,36V DC,500mA,4000K, CRI>97,Φ60*H170mm,36°,20W,AJ/CG,ARAS2060/40/36/BR,https://i.ibb.co/HDnd9yGS/Altair-Prime-20-brown.png
Altair prime 20,ARAD1504,36V DC,500mA,4000K, CRI>97,Φ60*H170mm,36°,20W,AJ/CG,ARAS2060/40/36/COF,https://i.ibb.co/CK8rTTCw/Altair-Prime-20-coffee.png
Altair prime 20,ARAD1504,36V DC,500mA,4000K, CRI>97,Φ60*H170mm,36°,20W,AJ/CG,ARAS2060/40/36/DGR,https://i.ibb.co/x8KDZbzR/Altair-Prime-20-dark-gray-default-001.png
Altair prime 20,ARAD1504,36V DC,500mA,4000K, CRI>97,Φ60*H170mm,36°,20W,AJ/CG,ARAS2060/40/36/BB,https://i.ibb.co/ZzS3YsDH/Altair-Prime-20-ballet-blue.png
Altair prime 20,ARAD1504,36V DC,500mA,4000K, CRI>97,Φ60*H170mm,36°,20W,AJ/CG,ARAS2060/40/36/CH,https://i.ibb.co/LhZc3jdq/Altair-Prime-20-chrome.png
Altair prime 20,ARAD1504,36V DC,500mA,4000K, CRI>97,Φ60*H170mm,36°,20W,AJ/CG,ARAS2060/40/36/CHB,https://i.ibb.co/tFJYNqs/Altair-Prime-20-chrome-black.png
Altair prime 20,ARAD1504,36V DC,500mA,5000K, CRI>97,Φ60*H170mm,36°,20W,AJ/CG,ARAS2060/50/36/W,https://i.ibb.co/VWqkgwtb/Altair-Prime-20-white.png
Altair prime 20,ARAD1504,36V DC,500mA,5000K, CRI>97,Φ60*H170mm,36°,20W,AJ/CG,ARAS2060/50/36/B,https://i.ibb.co/1t9vpjBt/Altair-Prime-20-mat-black-default.png
Altair prime 20,ARAD1504,36V DC,500mA,5000K, CRI>97,Φ60*H170mm,36°,20W,AJ/CG,ARAS2060/50/36/CG,https://i.ibb.co/HDwGbZqD/Altair-Prime-20-champeing-gold.png
Altair prime 20,ARAD1504,36V DC,500mA,5000K, CRI>97,Φ60*H170mm,36°,20W,AJ/CG,ARAS2060/50/36/RG,https://i.ibb.co/rfZBW6GW/Altair-Prime-20-rose-gold.png
Altair prime 20,ARAD1504,36V DC,500mA,5000K, CRI>97,Φ60*H170mm,36°,20W,AJ/CG,ARAS2060/50/36/BR,https://i.ibb.co/HDnd9yGS/Altair-Prime-20-brown.png
Altair prime 20,ARAD1504,36V DC,500mA,5000K, CRI>97,Φ60*H170mm,36°,20W,AJ/CG,ARAS2060/50/36/COF,https://i.ibb.co/CK8rTTCw/Altair-Prime-20-coffee.png
Altair prime 20,ARAD1504,36V DC,500mA,5000K, CRI>97,Φ60*H170mm,36°,20W,AJ/CG,ARAS2060/50/36/DGR,https://i.ibb.co/x8KDZbzR/Altair-Prime-20-dark-gray-default-001.png
Altair prime 20,ARAD1504,36V DC,500mA,5000K, CRI>97,Φ60*H170mm,36°,20W,AJ/CG,ARAS2060/50/36/BB,https://i.ibb.co/ZzS3YsDH/Altair-Prime-20-ballet-blue.png
Altair prime 20,ARAD1504,36V DC,500mA,5000K, CRI>97,Φ60*H170mm,36°,20W,AJ/CG,ARAS2060/50/36/CH,https://i.ibb.co/LhZc3jdq/Altair-Prime-20-chrome.png
Altair prime 20,ARAD1504,36V DC,500mA,5000K, CRI>97,Φ60*H170mm,36°,20W,AJ/CG,ARAS2060/50/36/CHB,https://i.ibb.co/tFJYNqs/Altair-Prime-20-chrome-black.png
Altair prime 20,ARAD1504,36V DC,500mA,2700K, CRI>97,Φ60*H170mm,60°,20W,AJ/CG,ARAS2060/27/60/W,https://i.ibb.co/VWqkgwtb/Altair-Prime-20-white.png
Altair prime 20,ARAD1504,36V DC,500mA,2700K, CRI>97,Φ60*H170mm,60°,20W,AJ/CG,ARAS2060/27/60/B,https://i.ibb.co/1t9vpjBt/Altair-Prime-20-mat-black-default.png
Altair prime 20,ARAD1504,36V DC,500mA,2700K, CRI>97,Φ60*H170mm,60°,20W,AJ/CG,ARAS2060/27/60/CG,https://i.ibb.co/HDwGbZqD/Altair-Prime-20-champeing-gold.png
Altair prime 20,ARAD1504,36V DC,500mA,2700K, CRI>97,Φ60*H170mm,60°,20W,AJ/CG,ARAS2060/27/60/RG,https://i.ibb.co/rfZBW6GW/Altair-Prime-20-rose-gold.png
Altair prime 20,ARAD1504,36V DC,500mA,2700K, CRI>97,Φ60*H170mm,60°,20W,AJ/CG,ARAS2060/27/60/BR,https://i.ibb.co/HDnd9yGS/Altair-Prime-20-brown.png
Altair prime 20,ARAD1504,36V DC,500mA,2700K, CRI>97,Φ60*H170mm,60°,20W,AJ/CG,ARAS2060/27/60/COF,https://i.ibb.co/CK8rTTCw/Altair-Prime-20-coffee.png
Altair prime 20,ARAD1504,36V DC,500mA,2700K, CRI>97,Φ60*H170mm,60°,20W,AJ/CG,ARAS2060/27/60/DGR,https://i.ibb.co/x8KDZbzR/Altair-Prime-20-dark-gray-default-001.png
Altair prime 20,ARAD1504,36V DC,500mA,2700K, CRI>97,Φ60*H170mm,60°,20W,AJ/CG,ARAS2060/27/60/BB,https://i.ibb.co/ZzS3YsDH/Altair-Prime-20-ballet-blue.png
Altair prime 20,ARAD1504,36V DC,500mA,2700K, CRI>97,Φ60*H170mm,60°,20W,AJ/CG,ARAS2060/27/60/CH,https://i.ibb.co/LhZc3jdq/Altair-Prime-20-chrome.png
Altair prime 20,ARAD1504,36V DC,500mA,2700K, CRI>97,Φ60*H170mm,60°,20W,AJ/CG,ARAS2060/27/60/CHB,https://i.ibb.co/tFJYNqs/Altair-Prime-20-chrome-black.png
Altair prime 20,ARAD1504,36V DC,500mA,3000K, CRI>97,Φ60*H170mm,60°,20W,AJ/CG,ARAS2060/30/60/W,https://i.ibb.co/VWqkgwtb/Altair-Prime-20-white.png
Altair prime 20,ARAD1504,36V DC,500mA,3000K, CRI>97,Φ60*H170mm,60°,20W,AJ/CG,ARAS2060/30/60/B,https://i.ibb.co/1t9vpjBt/Altair-Prime-20-mat-black-default.png
Altair prime 20,ARAD1504,36V DC,500mA,3000K, CRI>97,Φ60*H170mm,60°,20W,AJ/CG,ARAS2060/30/60/CG,https://i.ibb.co/HDwGbZqD/Altair-Prime-20-champeing-gold.png
Altair prime 20,ARAD1504,36V DC,500mA,3000K, CRI>97,Φ60*H170mm,60°,20W,AJ/CG,ARAS2060/30/60/RG,https://i.ibb.co/rfZBW6GW/Altair-Prime-20-rose-gold.png
Altair prime 20,ARAD1504,36V DC,500mA,3000K, CRI>97,Φ60*H170mm,60°,20W,AJ/CG,ARAS2060/30/60/BR,https://i.ibb.co/HDnd9yGS/Altair-Prime-20-brown.png
Altair prime 20,ARAD1504,36V DC,500mA,3000K, CRI>97,Φ60*H170mm,60°,20W,AJ/CG,ARAS2060/30/60/COF,https://i.ibb.co/CK8rTTCw/Altair-Prime-20-coffee.png
Altair prime 20,ARAD1504,36V DC,500mA,3000K, CRI>97,Φ60*H170mm,60°,20W,AJ/CG,ARAS2060/30/60/DGR,https://i.ibb.co/x8KDZbzR/Altair-Prime-20-dark-gray-default-001.png
Altair prime 20,ARAD1504,36V DC,500mA,3000K, CRI>97,Φ60*H170mm,60°,20W,AJ/CG,ARAS2060/30/60/BB,https://i.ibb.co/ZzS3YsDH/Altair-Prime-20-ballet-blue.png
Altair prime 20,ARAD1504,36V DC,500mA,3000K, CRI>97,Φ60*H170mm,60°,20W,AJ/CG,ARAS2060/30/60/CH,https://i.ibb.co/LhZc3jdq/Altair-Prime-20-chrome.png
Altair prime 20,ARAD1504,36V DC,500mA,3000K, CRI>97,Φ60*H170mm,60°,20W,AJ/CG,ARAS2060/30/60/CHB,https://i.ibb.co/tFJYNqs/Altair-Prime-20-chrome-black.png
Altair prime 20,ARAD1504,36V DC,500mA,3500K, CRI>97,Φ60*H170mm,60°,20W,AJ/CG,ARAS2060/35/60/W,https://i.ibb.co/VWqkgwtb/Altair-Prime-20-white.png
Altair prime 20,ARAD1504,36V DC,500mA,3500K, CRI>97,Φ60*H170mm,60°,20W,AJ/CG,ARAS2060/35/60/B,https://i.ibb.co/1t9vpjBt/Altair-Prime-20-mat-black-default.png
Altair prime 20,ARAD1504,36V DC,500mA,3500K, CRI>97,Φ60*H170mm,60°,20W,AJ/CG,ARAS2060/35/60/CG,https://i.ibb.co/HDwGbZqD/Altair-Prime-20-champeing-gold.png
Altair prime 20,ARAD1504,36V DC,500mA,3500K, CRI>97,Φ60*H170mm,60°,20W,AJ/CG,ARAS2060/35/60/RG,https://i.ibb.co/rfZBW6GW/Altair-Prime-20-rose-gold.png
Altair prime 20,ARAD1504,36V DC,500mA,3500K, CRI>97,Φ60*H170mm,60°,20W,AJ/CG,ARAS2060/35/60/BR,https://i.ibb.co/HDnd9yGS/Altair-Prime-20-brown.png
Altair prime 20,ARAD1504,36V DC,500mA,3500K, CRI>97,Φ60*H170mm,60°,20W,AJ/CG,ARAS2060/35/60/COF,https://i.ibb.co/CK8rTTCw/Altair-Prime-20-coffee.png
Altair prime 20,ARAD1504,36V DC,500mA,3500K, CRI>97,Φ60*H170mm,60°,20W,AJ/CG,ARAS2060/35/60/DGR,https://i.ibb.co/x8KDZbzR/Altair-Prime-20-dark-gray-default-001.png
Altair prime 20,ARAD1504,36V DC,500mA,3500K, CRI>97,Φ60*H170mm,60°,20W,AJ/CG,ARAS2060/35/60/BB,https://i.ibb.co/ZzS3YsDH/Altair-Prime-20-ballet-blue.png
Altair prime 20,ARAD1504,36V DC,500mA,3500K, CRI>97,Φ60*H170mm,60°,20W,AJ/CG,ARAS2060/35/60/CH,https://i.ibb.co/LhZc3jdq/Altair-Prime-20-chrome.png
Altair prime 20,ARAD1504,36V DC,500mA,3500K, CRI>97,Φ60*H170mm,60°,20W,AJ/CG,ARAS2060/35/60/CHB,https://i.ibb.co/tFJYNqs/Altair-Prime-20-chrome-black.png
Altair prime 20,ARAD1504,36V DC,500mA,4000K, CRI>97,Φ60*H170mm,60°,20W,AJ/CG,ARAS2060/40/60/W,https://i.ibb.co/VWqkgwtb/Altair-Prime-20-white.png
Altair prime 20,ARAD1504,36V DC,500mA,4000K, CRI>97,Φ60*H170mm,60°,20W,AJ/CG,ARAS2060/40/60/B,https://i.ibb.co/1t9vpjBt/Altair-Prime-20-mat-black-default.png
Altair prime 20,ARAD1504,36V DC,500mA,4000K, CRI>97,Φ60*H170mm,60°,20W,AJ/CG,ARAS2060/40/60/CG,https://i.ibb.co/HDwGbZqD/Altair-Prime-20-champeing-gold.png
Altair prime 20,ARAD1504,36V DC,500mA,4000K, CRI>97,Φ60*H170mm,60°,20W,AJ/CG,ARAS2060/40/60/RG,https://i.ibb.co/rfZBW6GW/Altair-Prime-20-rose-gold.png
Altair prime 20,ARAD1504,36V DC,500mA,4000K, CRI>97,Φ60*H170mm,60°,20W,AJ/CG,ARAS2060/40/60/BR,https://i.ibb.co/HDnd9yGS/Altair-Prime-20-brown.png
Altair prime 20,ARAD1504,36V DC,500mA,4000K, CRI>97,Φ60*H170mm,60°,20W,AJ/CG,ARAS2060/40/60/COF,https://i.ibb.co/CK8rTTCw/Altair-Prime-20-coffee.png
Altair prime 20,ARAD1504,36V DC,500mA,4000K, CRI>97,Φ60*H170mm,60°,20W,AJ/CG,ARAS2060/40/60/DGR,https://i.ibb.co/x8KDZbzR/Altair-Prime-20-dark-gray-default-001.png
Altair prime 20,ARAD1504,36V DC,500mA,4000K, CRI>97,Φ60*H170mm,60°,20W,AJ/CG,ARAS2060/40/60/BB,https://i.ibb.co/ZzS3YsDH/Altair-Prime-20-ballet-blue.png
Altair prime 20,ARAD1504,36V DC,500mA,4000K, CRI>97,Φ60*H170mm,60°,20W,AJ/CG,ARAS2060/40/60/CH,https://i.ibb.co/LhZc3jdq/Altair-Prime-20-chrome.png
Altair prime 20,ARAD1504,36V DC,500mA,4000K, CRI>97,Φ60*H170mm,60°,20W,AJ/CG,ARAS2060/40/60/CHB,https://i.ibb.co/tFJYNqs/Altair-Prime-20-chrome-black.png
Altair prime 20,ARAD1504,36V DC,500mA,5000K, CRI>97,Φ60*H170mm,60°,20W,AJ/CG,ARAS2060/50/60/W,https://i.ibb.co/VWqkgwtb/Altair-Prime-20-white.png
Altair prime 20,ARAD1504,36V DC,500mA,5000K, CRI>97,Φ60*H170mm,60°,20W,AJ/CG,ARAS2060/50/60/B,https://i.ibb.co/1t9vpjBt/Altair-Prime-20-mat-black-default.png
Altair prime 20,ARAD1504,36V DC,500mA,5000K, CRI>97,Φ60*H170mm,60°,20W,AJ/CG,ARAS2060/50/60/CG,https://i.ibb.co/HDwGbZqD/Altair-Prime-20-champeing-gold.png
Altair prime 20,ARAD1504,36V DC,500mA,5000K, CRI>97,Φ60*H170mm,60°,20W,AJ/CG,ARAS2060/50/60/RG,https://i.ibb.co/rfZBW6GW/Altair-Prime-20-rose-gold.png
Altair prime 20,ARAD1504,36V DC,500mA,5000K, CRI>97,Φ60*H170mm,60°,20W,AJ/CG,ARAS2060/50/60/BR,https://i.ibb.co/HDnd9yGS/Altair-Prime-20-brown.png
Altair prime 20,ARAD1504,36V DC,500mA,5000K, CRI>97,Φ60*H170mm,60°,20W,AJ/CG,ARAS2060/50/60/COF,https://i.ibb.co/CK8rTTCw/Altair-Prime-20-coffee.png
Altair prime 20,ARAD1504,36V DC,500mA,5000K, CRI>97,Φ60*H170mm,60°,20W,AJ/CG,ARAS2060/50/60/DGR,https://i.ibb.co/x8KDZbzR/Altair-Prime-20-dark-gray-default-001.png
Altair prime 20,ARAD1504,36V DC,500mA,5000K, CRI>97,Φ60*H170mm,60°,20W,AJ/CG,ARAS2060/50/60/BB,https://i.ibb.co/ZzS3YsDH/Altair-Prime-20-ballet-blue.png
Altair prime 20,ARAD1504,36V DC,500mA,5000K, CRI>97,Φ60*H170mm,60°,20W,AJ/CG,ARAS2060/50/60/CH,https://i.ibb.co/LhZc3jdq/Altair-Prime-20-chrome.png
Altair prime 20,ARAD1504,36V DC,500mA,5000K, CRI>97,Φ60*H170mm,60°,20W,AJ/CG,ARAS2060/50/60/CHB,https://i.ibb.co/tFJYNqs/Altair-Prime-20-chrome-black.png
Altair prime 20 Tunable,ARAD1504,36V DC,500mA,2700K~6500K, CRI>97,Φ60*H170mm,15°,20W,AJ/CG,ARAS2060/CT/15/W,https://i.ibb.co/VWqkgwtb/Altair-Prime-20-white.png
Altair prime 20 Tunable,ARAD1504,36V DC,500mA,2700K~6500K, CRI>97,Φ60*H170mm,15°,20W,AJ/CG,ARAS2060/CT/15/B,https://i.ibb.co/1t9vpjBt/Altair-Prime-20-mat-black-default.png
Altair prime 20 Tunable,ARAD1504,36V DC,500mA,2700K~6500K, CRI>97,Φ60*H170mm,15°,20W,AJ/CG,ARAS2060/CT/15/CG,https://i.ibb.co/HDwGbZqD/Altair-Prime-20-champeing-gold.png
Altair prime 20 Tunable,ARAD1504,36V DC,500mA,2700K~6500K, CRI>97,Φ60*H170mm,15°,20W,AJ/CG,ARAS2060/CT/15/RG,https://i.ibb.co/rfZBW6GW/Altair-Prime-20-rose-gold.png
Altair prime 20 Tunable,ARAD1504,36V DC,500mA,2700K~6500K, CRI>97,Φ60*H170mm,15°,20W,AJ/CG,ARAS2060/CT/15/BR,https://i.ibb.co/HDnd9yGS/Altair-Prime-20-brown.png
Altair prime 20 Tunable,ARAD1504,36V DC,500mA,2700K~6500K, CRI>97,Φ60*H170mm,15°,20W,AJ/CG,ARAS2060/CT/15/COF,https://i.ibb.co/CK8rTTCw/Altair-Prime-20-coffee.png
Altair prime 20 Tunable,ARAD1504,36V DC,500mA,2700K~6500K, CRI>97,Φ60*H170mm,15°,20W,AJ/CG,ARAS2060/CT/15/DGR,https://i.ibb.co/x8KDZbzR/Altair-Prime-20-dark-gray-default-001.png
Altair prime 20 Tunable,ARAD1504,36V DC,500mA,2700K~6500K, CRI>97,Φ60*H170mm,15°,20W,AJ/CG,ARAS2060/CT/15/BB,https://i.ibb.co/ZzS3YsDH/Altair-Prime-20-ballet-blue.png
Altair prime 20 Tunable,ARAD1504,36V DC,500mA,2700K~6500K, CRI>97,Φ60*H170mm,15°,20W,AJ/CG,ARAS2060/CT/15/CH,https://i.ibb.co/LhZc3jdq/Altair-Prime-20-chrome.png
Altair prime 20 Tunable,ARAD1504,36V DC,500mA,2700K~6500K, CRI>97,Φ60*H170mm,15°,20W,AJ/CG,ARAS2060/CT/15/CHB,https://i.ibb.co/tFJYNqs/Altair-Prime-20-chrome-black.png
Altair prime 20 Tunable,ARAD1504,36V DC,500mA,2700K~6500K, CRI>97,Φ60*H170mm,24°,20W,AJ/CG,ARAS2060/CT/24/W,https://i.ibb.co/VWqkgwtb/Altair-Prime-20-white.png
Altair prime 20 Tunable,ARAD1504,36V DC,500mA,2700K~6500K, CRI>97,Φ60*H170mm,24°,20W,AJ/CG,ARAS2060/CT/24/B,https://i.ibb.co/1t9vpjBt/Altair-Prime-20-mat-black-default.png
Altair prime 20 Tunable,ARAD1504,36V DC,500mA,2700K~6500K, CRI>97,Φ60*H170mm,24°,20W,AJ/CG,ARAS2060/CT/24/CG,https://i.ibb.co/HDwGbZqD/Altair-Prime-20-champeing-gold.png
Altair prime 20 Tunable,ARAD1504,36V DC,500mA,2700K~6500K, CRI>97,Φ60*H170mm,24°,20W,AJ/CG,ARAS2060/CT/24/RG,https://i.ibb.co/rfZBW6GW/Altair-Prime-20-rose-gold.png
Altair prime 20 Tunable,ARAD1504,36V DC,500mA,2700K~6500K, CRI>97,Φ60*H170mm,24°,20W,AJ/CG,ARAS2060/CT/24/BR,https://i.ibb.co/HDnd9yGS/Altair-Prime-20-brown.png
Altair prime 20 Tunable,ARAD1504,36V DC,500mA,2700K~6500K, CRI>97,Φ60*H170mm,24°,20W,AJ/CG,ARAS2060/CT/24/COF,https://i.ibb.co/CK8rTTCw/Altair-Prime-20-coffee.png
Altair prime 20 Tunable,ARAD1504,36V DC,500mA,2700K~6500K, CRI>97,Φ60*H170mm,24°,20W,AJ/CG,ARAS2060/CT/24/DGR,https://i.ibb.co/x8KDZbzR/Altair-Prime-20-dark-gray-default-001.png
Altair prime 20 Tunable,ARAD1504,36V DC,500mA,2700K~6500K, CRI>97,Φ60*H170mm,24°,20W,AJ/CG,ARAS2060/CT/24/BB,https://i.ibb.co/ZzS3YsDH/Altair-Prime-20-ballet-blue.png
Altair prime 20 Tunable,ARAD1504,36V DC,500mA,2700K~6500K, CRI>97,Φ60*H170mm,24°,20W,AJ/CG,ARAS2060/CT/24/CH,https://i.ibb.co/LhZc3jdq/Altair-Prime-20-chrome.png
Altair prime 20 Tunable,ARAD1504,36V DC,500mA,2700K~6500K, CRI>97,Φ60*H170mm,24°,20W,AJ/CG,ARAS2060/CT/24/CHB,https://i.ibb.co/tFJYNqs/Altair-Prime-20-chrome-black.png
Altair prime 20 Tunable,ARAD1504,36V DC,500mA,2700K~6500K, CRI>97,Φ60*H170mm,36°,20W,AJ/CG,ARAS2060/CT/36/W,https://i.ibb.co/VWqkgwtb/Altair-Prime-20-white.png
Altair prime 20 Tunable,ARAD1504,36V DC,500mA,2700K~6500K, CRI>97,Φ60*H170mm,36°,20W,AJ/CG,ARAS2060/CT/36/B,https://i.ibb.co/1t9vpjBt/Altair-Prime-20-mat-black-default.png
Altair prime 20 Tunable,ARAD1504,36V DC,500mA,2700K~6500K, CRI>97,Φ60*H170mm,36°,20W,AJ/CG,ARAS2060/CT/36/CG,https://i.ibb.co/HDwGbZqD/Altair-Prime-20-champeing-gold.png
Altair prime 20 Tunable,ARAD1504,36V DC,500mA,2700K~6500K, CRI>97,Φ60*H170mm,36°,20W,AJ/CG,ARAS2060/CT/36/RG,https://i.ibb.co/rfZBW6GW/Altair-Prime-20-rose-gold.png
Altair prime 20 Tunable,ARAD1504,36V DC,500mA,2700K~6500K, CRI>97,Φ60*H170mm,36°,20W,AJ/CG,ARAS2060/CT/36/BR,https://i.ibb.co/HDnd9yGS/Altair-Prime-20-brown.png
Altair prime 20 Tunable,ARAD1504,36V DC,500mA,2700K~6500K, CRI>97,Φ60*H170mm,36°,20W,AJ/CG,ARAS2060/CT/36/COF,https://i.ibb.co/CK8rTTCw/Altair-Prime-20-coffee.png
Altair prime 20 Tunable,ARAD1504,36V DC,500mA,2700K~6500K, CRI>97,Φ60*H170mm,36°,20W,AJ/CG,ARAS2060/CT/36/DGR,https://i.ibb.co/x8KDZbzR/Altair-Prime-20-dark-gray-default-001.png
Altair prime 20 Tunable,ARAD1504,36V DC,500mA,2700K~6500K, CRI>97,Φ60*H170mm,36°,20W,AJ/CG,ARAS2060/CT/36/BB,https://i.ibb.co/ZzS3YsDH/Altair-Prime-20-ballet-blue.png
Altair prime 20 Tunable,ARAD1504,36V DC,500mA,2700K~6500K, CRI>97,Φ60*H170mm,36°,20W,AJ/CG,ARAS2060/CT/36/CH,https://i.ibb.co/LhZc3jdq/Altair-Prime-20-chrome.png
Altair prime 20 Tunable,ARAD1504,36V DC,500mA,2700K~6500K, CRI>97,Φ60*H170mm,36°,20W,AJ/CG,ARAS2060/CT/36/CHB,https://i.ibb.co/tFJYNqs/Altair-Prime-20-chrome-black.png
Altair prime 20 Tunable,ARAD1504,36V DC,500mA,2700K~6500K, CRI>97,Φ60*H170mm,60°,20W,AJ/CG,ARAS2060/CT/60/W,https://i.ibb.co/VWqkgwtb/Altair-Prime-20-white.png
Altair prime 20 Tunable,ARAD1504,36V DC,500mA,2700K~6500K, CRI>97,Φ60*H170mm,60°,20W,AJ/CG,ARAS2060/CT/60/B,https://i.ibb.co/1t9vpjBt/Altair-Prime-20-mat-black-default.png
Altair prime 20 Tunable,ARAD1504,36V DC,500mA,2700K~6500K, CRI>97,Φ60*H170mm,60°,20W,AJ/CG,ARAS2060/CT/60/CG,https://i.ibb.co/HDwGbZqD/Altair-Prime-20-champeing-gold.png
Altair prime 20 Tunable,ARAD1504,36V DC,500mA,2700K~6500K, CRI>97,Φ60*H170mm,60°,20W,AJ/CG,ARAS2060/CT/60/RG,https://i.ibb.co/rfZBW6GW/Altair-Prime-20-rose-gold.png
Altair prime 20 Tunable,ARAD1504,36V DC,500mA,2700K~6500K, CRI>97,Φ60*H170mm,60°,20W,AJ/CG,ARAS2060/CT/60/BR,https://i.ibb.co/HDnd9yGS/Altair-Prime-20-brown.png
Altair prime 20 Tunable,ARAD1504,36V DC,500mA,2700K~6500K, CRI>97,Φ60*H170mm,60°,20W,AJ/CG,ARAS2060/CT/60/COF,https://i.ibb.co/CK8rTTCw/Altair-Prime-20-coffee.png
Altair prime 20 Tunable,ARAD1504,36V DC,500mA,2700K~6500K, CRI>97,Φ60*H170mm,60°,20W,AJ/CG,ARAS2060/CT/60/DGR,https://i.ibb.co/x8KDZbzR/Altair-Prime-20-dark-gray-default-001.png
Altair prime 20 Tunable,ARAD1504,36V DC,500mA,2700K~6500K, CRI>97,Φ60*H170mm,60°,20W,AJ/CG,ARAS2060/CT/60/BB,https://i.ibb.co/ZzS3YsDH/Altair-Prime-20-ballet-blue.png
Altair prime 20 Tunable,ARAD1504,36V DC,500mA,2700K~6500K, CRI>97,Φ60*H170mm,60°,20W,AJ/CG,ARAS2060/CT/60/CH,https://i.ibb.co/LhZc3jdq/Altair-Prime-20-chrome.png
Altair prime 20 Tunable,ARAD1504,36V DC,500mA,2700K~6500K, CRI>97,Φ60*H170mm,60°,20W,AJ/CG,ARAS2060/CT/60/CHB,https://i.ibb.co/tFJYNqs/Altair-Prime-20-chrome-black.png
Naos,DTD055L,3V DC,670mA,2700K, CRI>97,Φ47*H35mm,15°,3W,AJ/CG,ARAS0345/27/15/W,https://i.ibb.co/cKqB3zzC/Naos-white.png
Naos,DTD055L,3V DC,670mA,2700K, CRI>97,Φ47*H35mm,15°,3W,AJ/CG,ARAS0345/27/15/B,https://i.ibb.co/r2wLJvrg/Naos-balck.png
Naos,DTD055L,3V DC,670mA,3000K, CRI>97,Φ47*H35mm,15°,3W,AJ/CG,ARAS0345/30/15/W,https://i.ibb.co/cKqB3zzC/Naos-white.png
Naos,DTD055L,3V DC,670mA,3000K, CRI>97,Φ47*H35mm,15°,3W,AJ/CG,ARAS0345/30/15/B,https://i.ibb.co/r2wLJvrg/Naos-balck.png
Naos,DTD055L,3V DC,670mA,3500K, CRI>97,Φ47*H35mm,15°,3W,AJ/CG,ARAS0345/35/15/W,https://i.ibb.co/cKqB3zzC/Naos-white.png
Naos,DTD055L,3V DC,670mA,3500K, CRI>97,Φ47*H35mm,15°,3W,AJ/CG,ARAS0345/35/15/B,https://i.ibb.co/r2wLJvrg/Naos-balck.png
Naos,DTD055L,3V DC,670mA,4000K, CRI>97,Φ47*H35mm,15°,3W,AJ/CG,ARAS0345/40/15/W,https://i.ibb.co/cKqB3zzC/Naos-white.png
Naos,DTD055L,3V DC,670mA,4000K, CRI>97,Φ47*H35mm,15°,3W,AJ/CG,ARAS0345/40/15/B,https://i.ibb.co/r2wLJvrg/Naos-balck.png
Naos,DTD055L,3V DC,670mA,5000K, CRI>97,Φ47*H35mm,15°,3W,AJ/CG,ARAS0345/50/15/W,https://i.ibb.co/cKqB3zzC/Naos-white.png
Naos,DTD055L,3V DC,670mA,5000K, CRI>97,Φ47*H35mm,15°,3W,AJ/CG,ARAS0345/50/15/B,https://i.ibb.co/r2wLJvrg/Naos-balck.png
Naos,DTD055L,3V DC,670mA,2700K, CRI>97,Φ47*H35mm,36°,3W,AJ/CG,ARAS0345/27/36/W,https://i.ibb.co/cKqB3zzC/Naos-white.png
Naos,DTD055L,3V DC,670mA,2700K, CRI>97,Φ47*H35mm,36°,3W,AJ/CG,ARAS0345/27/36/B,https://i.ibb.co/r2wLJvrg/Naos-balck.png
Naos,DTD055L,3V DC,670mA,3000K, CRI>97,Φ47*H35mm,36°,3W,AJ/CG,ARAS0345/30/36/W,https://i.ibb.co/cKqB3zzC/Naos-white.png
Naos,DTD055L,3V DC,670mA,3000K, CRI>97,Φ47*H35mm,36°,3W,AJ/CG,ARAS0345/30/36/B,https://i.ibb.co/r2wLJvrg/Naos-balck.png
Naos,DTD055L,3V DC,670mA,3500K, CRI>97,Φ47*H35mm,36°,3W,AJ/CG,ARAS0345/35/36/W,https://i.ibb.co/cKqB3zzC/Naos-white.png
Naos,DTD055L,3V DC,670mA,3500K, CRI>97,Φ47*H35mm,36°,3W,AJ/CG,ARAS0345/35/36/B,https://i.ibb.co/r2wLJvrg/Naos-balck.png
Naos,DTD055L,3V DC,670mA,4000K, CRI>97,Φ47*H35mm,36°,3W,AJ/CG,ARAS0345/40/36/W,https://i.ibb.co/cKqB3zzC/Naos-white.png
Naos,DTD055L,3V DC,670mA,4000K, CRI>97,Φ47*H35mm,36°,3W,AJ/CG,ARAS0345/40/36/B,https://i.ibb.co/r2wLJvrg/Naos-balck.png
Naos,DTD055L,3V DC,670mA,5000K, CRI>97,Φ47*H35mm,36°,3W,AJ/CG,ARAS0345/50/36/W,https://i.ibb.co/cKqB3zzC/Naos-white.png
Naos,DTD055L,3V DC,670mA,5000K, CRI>97,Φ47*H35mm,36°,3W,AJ/CG,ARAS0345/50/36/B,https://i.ibb.co/r2wLJvrg/Naos-balck.png
Naos Tunable,DTD055L,3V DC,670mA,2700K~6500K, CRI>97,Φ47*H35mm,15°,3W,AJ/CG,ARAS0345/CT/15/W,https://i.ibb.co/cKqB3zzC/Naos-white.png
Naos Tunable,DTD055L,3V DC,670mA,2700K~6500K, CRI>97,Φ47*H35mm,15°,3W,AJ/CG,ARAS0345/CT/15/B,https://i.ibb.co/r2wLJvrg/Naos-balck.png
Naos Tunable,DTD055L,3V DC,670mA,2700K~6500K, CRI>97,Φ47*H35mm,36°,3W,AJ/CG,ARAS0345/CT/36/W,https://i.ibb.co/cKqB3zzC/Naos-white.png
Naos Tunable,DTD055L,3V DC,670mA,2700K~6500K, CRI>97,Φ47*H35mm,36°,3W,AJ/CG,ARAS0345/CT/36/B,https://i.ibb.co/r2wLJvrg/Naos-balck.png
Koit 1,DDD055X,3V DC,110mA,2700K, CRI>97,Φ45*H52mm,10°,1W,AJ/CG,ARFS0135/27/10/W,https://i.ibb.co/nsz14rwX/Koit-1-white.png
Koit 1,DDD055X,3V DC,110mA,2700K, CRI>97,Φ45*H52mm,10°,1W,AJ/CG,ARFS0135/27/10/B,https://i.ibb.co/DPFG3fnN/Koit-1-black.png
Koit 1,DDD055X,3V DC,110mA,3000K, CRI>97,Φ45*H52mm,10°,1W,AJ/CG,ARFS0135/30/10/W,https://i.ibb.co/nsz14rwX/Koit-1-white.png
Koit 1,DDD055X,3V DC,110mA,3000K, CRI>97,Φ45*H52mm,10°,1W,AJ/CG,ARFS0135/30/10/B,https://i.ibb.co/DPFG3fnN/Koit-1-black.png
Koit 1,DDD055X,3V DC,110mA,3500K, CRI>97,Φ45*H52mm,10°,1W,AJ/CG,ARFS0135/35/10/W,https://i.ibb.co/nsz14rwX/Koit-1-white.png
Koit 1,DDD055X,3V DC,110mA,3500K, CRI>97,Φ45*H52mm,10°,1W,AJ/CG,ARFS0135/35/10/B,https://i.ibb.co/DPFG3fnN/Koit-1-black.png
Koit 1,DDD055X,3V DC,110mA,4000K, CRI>97,Φ45*H52mm,10°,1W,AJ/CG,ARFS0135/40/10/W,https://i.ibb.co/nsz14rwX/Koit-1-white.png
Koit 1,DDD055X,3V DC,110mA,4000K, CRI>97,Φ45*H52mm,10°,1W,AJ/CG,ARFS0135/40/10/B,https://i.ibb.co/DPFG3fnN/Koit-1-black.png
Koit 1,DDD055X,3V DC,110mA,5000K, CRI>97,Φ45*H52mm,10°,1W,AJ/CG,ARFS0135/50/10/W,https://i.ibb.co/nsz14rwX/Koit-1-white.png
Koit 1,DDD055X,3V DC,110mA,5000K, CRI>97,Φ45*H52mm,10°,1W,AJ/CG,ARFS0135/50/10/B,https://i.ibb.co/DPFG3fnN/Koit-1-black.png
Koit 1 tunable,DDD055X,3V DC,110mA,2700K~6500K, CRI>97,Φ45*H52mm,10°,1W,AJ/CG,ARFS0135/CT/10/W,https://i.ibb.co/nsz14rwX/Koit-1-white.png
Koit 1 tunable,DDD055X,3V DC,110mA,2700K~6500K, CRI>97,Φ45*H52mm,10°,1W,AJ/CG,ARFS0135/CT/10/B,https://i.ibb.co/DPFG3fnN/Koit-1-black.png
Koit 5,DDD055X,36V DC,150mA,2700K, CRI>97,Φ42*H55mm,10°,5W,AJ/CG,ARFS0535/27/10/W,https://i.ibb.co/MyTF7Xbm/Koit-5-white.png
Koit 5,DDD055X,36V DC,150mA,2700K, CRI>97,Φ42*H55mm,10°,5W,AJ/CG,ARFS0535/27/10/B,https://i.ibb.co/n8N5rGH8/Koit-5-black.png
Koit 5,DDD055X,36V DC,150mA,3000K, CRI>97,Φ42*H55mm,10°,5W,AJ/CG,ARFS0535/30/10/W,https://i.ibb.co/MyTF7Xbm/Koit-5-white.png
Koit 5,DDD055X,36V DC,150mA,3000K, CRI>97,Φ42*H55mm,10°,5W,AJ/CG,ARFS0535/30/10/B,https://i.ibb.co/n8N5rGH8/Koit-5-black.png
Koit 5,DDD055X,36V DC,150mA,3500K, CRI>97,Φ42*H55mm,10°,5W,AJ/CG,ARFS0535/35/10/W,https://i.ibb.co/MyTF7Xbm/Koit-5-white.png
Koit 5,DDD055X,36V DC,150mA,3500K, CRI>97,Φ42*H55mm,10°,5W,AJ/CG,ARFS0535/35/10/B,https://i.ibb.co/n8N5rGH8/Koit-5-black.png
Koit 5,DDD055X,36V DC,150mA,4000K, CRI>97,Φ42*H55mm,10°,5W,AJ/CG,ARFS0535/40/10/W,https://i.ibb.co/MyTF7Xbm/Koit-5-white.png
Koit 5,DDD055X,36V DC,150mA,4000K, CRI>97,Φ42*H55mm,10°,5W,AJ/CG,ARFS0535/40/10/B,https://i.ibb.co/n8N5rGH8/Koit-5-black.png
Koit 5,DDD055X,36V DC,150mA,5000K, CRI>97,Φ42*H55mm,10°,5W,AJ/CG,ARFS0535/50/10/W,https://i.ibb.co/MyTF7Xbm/Koit-5-white.png
Koit 5,DDD055X,36V DC,150mA,5000K, CRI>97,Φ42*H55mm,10°,5W,AJ/CG,ARFS0535/50/10/B,https://i.ibb.co/n8N5rGH8/Koit-5-black.png
Koit 5,DDD055X,36V DC,150mA,2700K, CRI>97,Φ42*H55mm,24°,5W,AJ/CG,ARFS0535/27/24/W,https://i.ibb.co/MyTF7Xbm/Koit-5-white.png
Koit 5,DDD055X,36V DC,150mA,2700K, CRI>97,Φ42*H55mm,24°,5W,AJ/CG,ARFS0535/27/24/B,https://i.ibb.co/n8N5rGH8/Koit-5-black.png
Koit 5,DDD055X,36V DC,150mA,3000K, CRI>97,Φ42*H55mm,24°,5W,AJ/CG,ARFS0535/30/24/W,https://i.ibb.co/MyTF7Xbm/Koit-5-white.png
Koit 5,DDD055X,36V DC,150mA,3000K, CRI>97,Φ42*H55mm,24°,5W,AJ/CG,ARFS0535/30/24/B,https://i.ibb.co/n8N5rGH8/Koit-5-black.png
Koit 5,DDD055X,36V DC,150mA,3500K, CRI>97,Φ42*H55mm,24°,5W,AJ/CG,ARFS0535/35/24/W,https://i.ibb.co/MyTF7Xbm/Koit-5-white.png
Koit 5,DDD055X,36V DC,150mA,3500K, CRI>97,Φ42*H55mm,24°,5W,AJ/CG,ARFS0535/35/24/B,https://i.ibb.co/n8N5rGH8/Koit-5-black.png
Koit 5,DDD055X,36V DC,150mA,4000K, CRI>97,Φ42*H55mm,24°,5W,AJ/CG,ARFS0535/40/24/W,https://i.ibb.co/MyTF7Xbm/Koit-5-white.png
Koit 5,DDD055X,36V DC,150mA,4000K, CRI>97,Φ42*H55mm,24°,5W,AJ/CG,ARFS0535/40/24/B,https://i.ibb.co/n8N5rGH8/Koit-5-black.png
Koit 5,DDD055X,36V DC,150mA,5000K, CRI>97,Φ42*H55mm,24°,5W,AJ/CG,ARFS0535/50/24/W,https://i.ibb.co/MyTF7Xbm/Koit-5-white.png
Koit 5,DDD055X,36V DC,150mA,5000K, CRI>97,Φ42*H55mm,24°,5W,AJ/CG,ARFS0535/50/24/B,https://i.ibb.co/n8N5rGH8/Koit-5-black.png
Koit 5,DDD055X,36V DC,150mA,2700K, CRI>97,Φ42*H55mm,36°,5W,AJ/CG,ARFS0535/27/36/W,https://i.ibb.co/MyTF7Xbm/Koit-5-white.png
Koit 5,DDD055X,36V DC,150mA,2700K, CRI>97,Φ42*H55mm,36°,5W,AJ/CG,ARFS0535/27/36/B,https://i.ibb.co/n8N5rGH8/Koit-5-black.png
Koit 5,DDD055X,36V DC,150mA,3000K, CRI>97,Φ42*H55mm,36°,5W,AJ/CG,ARFS0535/30/36/W,https://i.ibb.co/MyTF7Xbm/Koit-5-white.png
Koit 5,DDD055X,36V DC,150mA,3000K, CRI>97,Φ42*H55mm,36°,5W,AJ/CG,ARFS0535/30/36/B,https://i.ibb.co/n8N5rGH8/Koit-5-black.png
Koit 5,DDD055X,36V DC,150mA,3500K, CRI>97,Φ42*H55mm,36°,5W,AJ/CG,ARFS0535/35/36/W,https://i.ibb.co/MyTF7Xbm/Koit-5-white.png
Koit 5,DDD055X,36V DC,150mA,3500K, CRI>97,Φ42*H55mm,36°,5W,AJ/CG,ARFS0535/35/36/B,https://i.ibb.co/n8N5rGH8/Koit-5-black.png
Koit 5,DDD055X,36V DC,150mA,4000K, CRI>97,Φ42*H55mm,36°,5W,AJ/CG,ARFS0535/40/36/W,https://i.ibb.co/MyTF7Xbm/Koit-5-white.png
Koit 5,DDD055X,36V DC,150mA,4000K, CRI>97,Φ42*H55mm,36°,5W,AJ/CG,ARFS0535/40/36/B,https://i.ibb.co/n8N5rGH8/Koit-5-black.png
Koit 5,DDD055X,36V DC,150mA,5000K, CRI>97,Φ42*H55mm,36°,5W,AJ/CG,ARFS0535/50/36/W,https://i.ibb.co/MyTF7Xbm/Koit-5-white.png
Koit 5,DDD055X,36V DC,150mA,5000K, CRI>97,Φ42*H55mm,36°,5W,AJ/CG,ARFS0535/50/36/B,https://i.ibb.co/n8N5rGH8/Koit-5-black.png
Koit 5 Tunable,DDD055X,36V DC,150mA,2700K~6500K, CRI>97,Φ42*H55mm,10°,5W,AJ/CG,ARFS0535/CT/10/W,https://i.ibb.co/MyTF7Xbm/Koit-5-white.png
Koit 5 Tunable,DDD055X,36V DC,150mA,2700K~6500K, CRI>97,Φ42*H55mm,10°,5W,AJ/CG,ARFS0535/CT/10/B,https://i.ibb.co/n8N5rGH8/Koit-5-black.png
Koit 5 Tunable,DDD055X,36V DC,150mA,2700K~6500K, CRI>97,Φ42*H55mm,24°,5W,AJ/CG,ARFS0535/CT/24/W,https://i.ibb.co/MyTF7Xbm/Koit-5-white.png
Koit 5 Tunable,DDD055X,36V DC,150mA,2700K~6500K, CRI>97,Φ42*H55mm,24°,5W,AJ/CG,ARFS0535/CT/24/B,https://i.ibb.co/n8N5rGH8/Koit-5-black.png
Koit 5 Tunable,DDD055X,36V DC,150mA,2700K~6500K, CRI>97,Φ42*H55mm,36°,5W,AJ/CG,ARFS0535/CT/36/W,https://i.ibb.co/MyTF7Xbm/Koit-5-white.png
Koit 5 Tunable,DDD055X,36V DC,150mA,2700K~6500K, CRI>97,Φ42*H55mm,36°,5W,AJ/CG,ARFS0535/CT/36/B,https://i.ibb.co/n8N5rGH8/Koit-5-black.png
Avior,DTB16BF,15V DC,550/850mA,2700K, CRI>97, L147*W45*H49mm,15°,10W/15W,AJ/CG,ARFL1037/27/15/W,https://i.ibb.co/TxN3XdQ2/Avior-White.png
Avior,DTB16BF,15V DC,550/850mA,2700K, CRI>97, L147*W45*H49mm,15°,10W/15W,AJ/CG,ARFL1037/27/15/B,https://i.ibb.co/HLzN9hjP/Aviwall-black.png
Avior,DTB16BF,15V DC,550/850mA,3000K, CRI>97, L147*W45*H49mm,15°,10W/15W,AJ/CG,ARFL1037/30/15/W,https://i.ibb.co/TxN3XdQ2/Avior-White.png
Avior,DTB16BF,15V DC,550/850mA,3000K, CRI>97, L147*W45*H49mm,15°,10W/15W,AJ/CG,ARFL1037/30/15/B,https://i.ibb.co/HLzN9hjP/Aviwall-black.png
Avior,DTB16BF,15V DC,550/850mA,3500K, CRI>97, L147*W45*H49mm,15°,10W/15W,AJ/CG,ARFL1037/35/15/W,https://i.ibb.co/TxN3XdQ2/Avior-White.png
Avior,DTB16BF,15V DC,550/850mA,3500K, CRI>97, L147*W45*H49mm,15°,10W/15W,AJ/CG,ARFL1037/35/15/B,https://i.ibb.co/HLzN9hjP/Aviwall-black.png
Avior,DTB16BF,15V DC,550/850mA,4000K, CRI>97, L147*W45*H49mm,15°,10W/15W,AJ/CG,ARFL1037/40/15/W,https://i.ibb.co/TxN3XdQ2/Avior-White.png
Avior,DTB16BF,15V DC,550/850mA,4000K, CRI>97, L147*W45*H49mm,15°,10W/15W,AJ/CG,ARFL1037/40/15/B,https://i.ibb.co/HLzN9hjP/Aviwall-black.png
Avior,DTB16BF,15V DC,550/850mA,5000K, CRI>97, L147*W45*H49mm,15°,10W/15W,AJ/CG,ARFL1037/50/15/W,https://i.ibb.co/TxN3XdQ2/Avior-White.png
Avior,DTB16BF,15V DC,550/850mA,5000K, CRI>97, L147*W45*H49mm,15°,10W/15W,AJ/CG,ARFL1037/50/15/B,https://i.ibb.co/HLzN9hjP/Aviwall-black.png
Avior,DTB16BF,15V DC,550/850mA,2700K, CRI>97, L147*W45*H49mm,30°,10W/15W,AJ/CG,ARFL1037/27/30/W,https://i.ibb.co/TxN3XdQ2/Avior-White.png
Avior,DTB16BF,15V DC,550/850mA,2700K, CRI>97, L147*W45*H49mm,30°,10W/15W,AJ/CG,ARFL1037/27/30/B,https://i.ibb.co/HLzN9hjP/Aviwall-black.png
Avior,DTB16BF,15V DC,550/850mA,3000K, CRI>97, L147*W45*H49mm,30°,10W/15W,AJ/CG,ARFL1037/30/30/W,https://i.ibb.co/TxN3XdQ2/Avior-White.png
Avior,DTB16BF,15V DC,550/850mA,3000K, CRI>97, L147*W45*H49mm,30°,10W/15W,AJ/CG,ARFL1037/30/30/B,https://i.ibb.co/HLzN9hjP/Aviwall-black.png
Avior,DTB16BF,15V DC,550/850mA,3500K, CRI>97, L147*W45*H49mm,30°,10W/15W,AJ/CG,ARFL1037/35/30/W,https://i.ibb.co/TxN3XdQ2/Avior-White.png
Avior,DTB16BF,15V DC,550/850mA,3500K, CRI>97, L147*W45*H49mm,30°,10W/15W,AJ/CG,ARFL1037/35/30/B,https://i.ibb.co/HLzN9hjP/Aviwall-black.png
Avior,DTB16BF,15V DC,550/850mA,4000K, CRI>97, L147*W45*H49mm,30°,10W/15W,AJ/CG,ARFL1037/40/30/W,https://i.ibb.co/TxN3XdQ2/Avior-White.png
Avior,DTB16BF,15V DC,550/850mA,4000K, CRI>97, L147*W45*H49mm,30°,10W/15W,AJ/CG,ARFL1037/40/30/B,https://i.ibb.co/HLzN9hjP/Aviwall-black.png
Avior,DTB16BF,15V DC,550/850mA,5000K, CRI>97, L147*W45*H49mm,30°,10W/15W,AJ/CG,ARFL1037/50/30/W,https://i.ibb.co/TxN3XdQ2/Avior-White.png
Avior,DTB16BF,15V DC,550/850mA,5000K, CRI>97, L147*W45*H49mm,30°,10W/15W,AJ/CG,ARFL1037/50/30/B,https://i.ibb.co/HLzN9hjP/Aviwall-black.png
Avior,DTB16BF,15V DC,550/850mA,2700K, CRI>97, L147*W45*H49mm,45°,10W/15W,AJ/CG,ARFL1037/27/45/W,https://i.ibb.co/TxN3XdQ2/Avior-White.png
Avior,DTB16BF,15V DC,550/850mA,2700K, CRI>97, L147*W45*H49mm,45°,10W/15W,AJ/CG,ARFL1037/27/45/B,https://i.ibb.co/HLzN9hjP/Aviwall-black.png
Avior,DTB16BF,15V DC,550/850mA,3000K, CRI>97, L147*W45*H49mm,45°,10W/15W,AJ/CG,ARFL1037/30/45/W,https://i.ibb.co/TxN3XdQ2/Avior-White.png
Avior,DTB16BF,15V DC,550/850mA,3000K, CRI>97, L147*W45*H49mm,45°,10W/15W,AJ/CG,ARFL1037/30/45/B,https://i.ibb.co/HLzN9hjP/Aviwall-black.png
Avior,DTB16BF,15V DC,550/850mA,3500K, CRI>97, L147*W45*H49mm,45°,10W/15W,AJ/CG,ARFL1037/35/45/W,https://i.ibb.co/TxN3XdQ2/Avior-White.png
Avior,DTB16BF,15V DC,550/850mA,3500K, CRI>97, L147*W45*H49mm,45°,10W/15W,AJ/CG,ARFL1037/35/45/B,https://i.ibb.co/HLzN9hjP/Aviwall-black.png
Avior,DTB16BF,15V DC,550/850mA,4000K, CRI>97, L147*W45*H49mm,45°,10W/15W,AJ/CG,ARFL1037/40/45/W,https://i.ibb.co/TxN3XdQ2/Avior-White.png
Avior,DTB16BF,15V DC,550/850mA,4000K, CRI>97, L147*W45*H49mm,45°,10W/15W,AJ/CG,ARFL1037/40/45/B,https://i.ibb.co/HLzN9hjP/Aviwall-black.png
Avior,DTB16BF,15V DC,550/850mA,5000K, CRI>97, L147*W45*H49mm,45°,10W/15W,AJ/CG,ARFL1037/50/45/W,https://i.ibb.co/TxN3XdQ2/Avior-White.png
Avior,DTB16BF,15V DC,550/850mA,5000K, CRI>97, L147*W45*H49mm,45°,10W/15W,AJ/CG,ARFL1037/50/45/B,https://i.ibb.co/HLzN9hjP/Aviwall-black.png
Avior Tunable,DTB16BF,15V DC,550/850mA,2700K~6500K, CRI>97, L147*W45*H49mm,15°,10W/15W,AJ/CG,ARFL1037/CT/15/W,https://i.ibb.co/TxN3XdQ2/Avior-White.png
Avior Tunable,DTB16BF,15V DC,550/850mA,2700K~6500K, CRI>97, L147*W45*H49mm,15°,10W/15W,AJ/CG,ARFL1037/CT/15/B,https://i.ibb.co/HLzN9hjP/Aviwall-black.png
Avior Tunable,DTB16BF,15V DC,550/850mA,2700K~6500K, CRI>97, L147*W45*H49mm,30°,10W/15W,AJ/CG,ARFL1037/CT/30/W,https://i.ibb.co/TxN3XdQ2/Avior-White.png
Avior Tunable,DTB16BF,15V DC,550/850mA,2700K~6500K, CRI>97, L147*W45*H49mm,30°,10W/15W,AJ/CG,ARFL1037/CT/30/B,https://i.ibb.co/HLzN9hjP/Aviwall-black.png
Avior Tunable,DTB16BF,15V DC,550/850mA,2700K~6500K, CRI>97, L147*W45*H49mm,45°,10W/15W,AJ/CG,ARFL1037/CT/45/W,https://i.ibb.co/TxN3XdQ2/Avior-White.png
Avior Tunable,DTB16BF,15V DC,550/850mA,2700K~6500K, CRI>97, L147*W45*H49mm,45°,10W/15W,AJ/CG,ARFL1037/CT/45/B,https://i.ibb.co/HLzN9hjP/Aviwall-black.png
Aviwall,DTB16BF,15V DC,550/850mA,2700K, CRI>97, L147*W45*H49mm,80°,10W/15W,AJ/CG,ARWL1037/27/W,https://i.ibb.co/m1NZQSr/Aviwall-white.png
Aviwall,DTB16BF,15V DC,550/850mA,2700K, CRI>97, L147*W45*H49mm,80°,10W/15W,AJ/CG,ARWL1037/27/B,https://i.ibb.co/HLzN9hjP/Aviwall-black.png
Aviwall,DTB16BF,15V DC,550/850mA,3000K, CRI>97, L147*W45*H49mm,80°,10W/15W,AJ/CG,ARWL1037/30/W,https://i.ibb.co/m1NZQSr/Aviwall-white.png
Aviwall,DTB16BF,15V DC,550/850mA,3000K, CRI>97, L147*W45*H49mm,80°,10W/15W,AJ/CG,ARWL1037/30/B,https://i.ibb.co/HLzN9hjP/Aviwall-black.png
Aviwall,DTB16BF,15V DC,550/850mA,3500K, CRI>97, L147*W45*H49mm,80°,10W/15W,AJ/CG,ARWL1037/35/W,https://i.ibb.co/m1NZQSr/Aviwall-white.png
Aviwall,DTB16BF,15V DC,550/850mA,3500K, CRI>97, L147*W45*H49mm,80°,10W/15W,AJ/CG,ARWL1037/35/B,https://i.ibb.co/HLzN9hjP/Aviwall-black.png
Aviwall,DTB16BF,15V DC,550/850mA,4000K, CRI>97, L147*W45*H49mm,80°,10W/15W,AJ/CG,ARWL1037/40/W,https://i.ibb.co/m1NZQSr/Aviwall-white.png
Aviwall,DTB16BF,15V DC,550/850mA,4000K, CRI>97, L147*W45*H49mm,80°,10W/15W,AJ/CG,ARWL1037/40/B,https://i.ibb.co/HLzN9hjP/Aviwall-black.png
Aviwall,DTB16BF,15V DC,550/850mA,5000K, CRI>97, L147*W45*H49mm,80°,10W/15W,AJ/CG,ARWL1037/50/W,https://i.ibb.co/m1NZQSr/Aviwall-white.png
Aviwall,DTB16BF,15V DC,550/850mA,5000K, CRI>97, L147*W45*H49mm,80°,10W/15W,AJ/CG,ARWL1037/50/B,https://i.ibb.co/HLzN9hjP/Aviwall-black.png
Aviwall Tunable,DTB16BF,15V DC,550/850mA,2700K~6500K, CRI>97, L147*W45*H49mm,80°,10W/15W,AJ/CG,ARWL1037/CT/W,https://i.ibb.co/m1NZQSr/Aviwall-white.png
Aviwall Tunable,DTB16BF,15V DC,550/850mA,2700K~6500K, CRI>97, L147*W45*H49mm,80°,10W/15W,AJ/CG,ARWL1037CT/B,https://i.ibb.co/HLzN9hjP/Aviwall-black.png
Atria,,54V DC,300mA,3000K, CRI>97,Φ155*H55mm,110°,18W,,ARFD18145/30/W,https://i.ibb.co/0p7NxyZs/Atria.png
Atria,,54V DC,300mA,3500K, CRI>97,Φ155*H55mm,110°,18W,,ARFD18145/35/W,https://i.ibb.co/0p7NxyZs/Atria.png
Atria,,54V DC,300mA,4000K, CRI>97,Φ155*H55mm,110°,18W,,ARFD18145/40/W,https://i.ibb.co/0p7NxyZs/Atria.png
Atria,,54V DC,300mA,5000K, CRI>97,Φ155*H55mm,110°,18W,,ARFD18145/50/W,https://i.ibb.co/0p7NxyZs/Atria.png
Atria Surface mount,,36V DC,380mA,2700K, CRI>97, Φ110*H75mm ,110°,15W,,ASFD1511/27/W,
Atria Surface mount,,36V DC,380mA,2700K, CRI>97, Φ110*H75mm ,110°,15W,,ASFD1511/27/B,
Atria Surface mount,,36V DC,380mA,3000K, CRI>97, Φ110*H75mm ,110°,15W,,ASFD1511/30/W,
Atria Surface mount,,36V DC,380mA,3000K, CRI>97, Φ110*H75mm ,110°,15W,,ASFD1511/30/B,
Atria Surface mount,,36V DC,380mA,3500K, CRI>97, Φ110*H75mm ,110°,15W,,ASFD1511/35/W,
Atria Surface mount,,36V DC,380mA,3500K, CRI>97, Φ110*H75mm ,110°,15W,,ASFD1511/35/B,
Atria Surface mount,,36V DC,380mA,4000K, CRI>97, Φ110*H75mm ,110°,15W,,ASFD1511/40/W,
Atria Surface mount,,36V DC,380mA,4000K, CRI>97, Φ110*H75mm ,110°,15W,,ASFD1511/40/B,
Atria Surface mount,,36V DC,380mA,5000K, CRI>97, Φ110*H75mm ,110°,15W,,ASFD1511/50/W,
Atria Surface mount,,36V DC,380mA,5000K, CRI>97, Φ110*H75mm ,110°,15W,,ASFD1511/50/B,
Castor,DTQ130X,36V DC,350mA,2700K, CRI>97,Φ83*H59mm,24°,15W,AJ/CG,ARFD1575/27/24/W,https://i.ibb.co/VcGKKPS0/Castor-White.png
Castor,DTQ130X,36V DC,350mA,2700K, CRI>97,Φ83*H59mm,24°,15W,AJ/CG,ARFD1575/27/24/B,https://i.ibb.co/RwDmFxR/Castor-black.png
Castor,DTQ130X,36V DC,350mA,3000K, CRI>97,Φ83*H59mm,24°,15W,AJ/CG,ARFD1575/30/24/W,https://i.ibb.co/VcGKKPS0/Castor-White.png
Castor,DTQ130X,36V DC,350mA,3000K, CRI>97,Φ83*H59mm,24°,15W,AJ/CG,ARFD1575/30/24/B,https://i.ibb.co/RwDmFxR/Castor-black.png
Castor,DTQ130X,36V DC,350mA,3500K, CRI>97,Φ83*H59mm,24°,15W,AJ/CG,ARFD1575/35/24/W,https://i.ibb.co/VcGKKPS0/Castor-White.png
Castor,DTQ130X,36V DC,350mA,3500K, CRI>97,Φ83*H59mm,24°,15W,AJ/CG,ARFD1575/35/24/B,https://i.ibb.co/RwDmFxR/Castor-black.png
Castor,DTQ130X,36V DC,350mA,4000K, CRI>97,Φ83*H59mm,24°,15W,AJ/CG,ARFD1575/40/24/W,https://i.ibb.co/VcGKKPS0/Castor-White.png
Castor,DTQ130X,36V DC,350mA,4000K, CRI>97,Φ83*H59mm,24°,15W,AJ/CG,ARFD1575/40/24/B,https://i.ibb.co/RwDmFxR/Castor-black.png
Castor,DTQ130X,36V DC,350mA,5000K, CRI>97,Φ83*H59mm,24°,15W,AJ/CG,ARFD1575/50/24/W,https://i.ibb.co/VcGKKPS0/Castor-White.png
Castor,DTQ130X,36V DC,350mA,5000K, CRI>97,Φ83*H59mm,24°,15W,AJ/CG,ARFD1575/50/24/B,https://i.ibb.co/RwDmFxR/Castor-black.png
Castor,DTQ130X,36V DC,350mA,2700K, CRI>97,Φ83*H59mm,36°,15W,AJ/CG,ARFD1575/27/36/W,https://i.ibb.co/VcGKKPS0/Castor-White.png
Castor,DTQ130X,36V DC,350mA,2700K, CRI>97,Φ83*H59mm,36°,15W,AJ/CG,ARFD1575/27/36/B,https://i.ibb.co/RwDmFxR/Castor-black.png
Castor,DTQ130X,36V DC,350mA,3000K, CRI>97,Φ83*H59mm,36°,15W,AJ/CG,ARFD1575/30/36/W,https://i.ibb.co/VcGKKPS0/Castor-White.png
Castor,DTQ130X,36V DC,350mA,3000K, CRI>97,Φ83*H59mm,36°,15W,AJ/CG,ARFD1575/30/36/B,https://i.ibb.co/RwDmFxR/Castor-black.png
Castor,DTQ130X,36V DC,350mA,3500K, CRI>97,Φ83*H59mm,36°,15W,AJ/CG,ARFD1575/35/36/W,https://i.ibb.co/VcGKKPS0/Castor-White.png
Castor,DTQ130X,36V DC,350mA,3500K, CRI>97,Φ83*H59mm,36°,15W,AJ/CG,ARFD1575/35/36/B,https://i.ibb.co/RwDmFxR/Castor-black.png
Castor,DTQ130X,36V DC,350mA,4000K, CRI>97,Φ83*H59mm,36°,15W,AJ/CG,ARFD1575/40/36/W,https://i.ibb.co/VcGKKPS0/Castor-White.png
Castor,DTQ130X,36V DC,350mA,4000K, CRI>97,Φ83*H59mm,36°,15W,AJ/CG,ARFD1575/40/36/B,https://i.ibb.co/RwDmFxR/Castor-black.png
Castor,DTQ130X,36V DC,350mA,5000K, CRI>97,Φ83*H59mm,36°,15W,AJ/CG,ARFD1575/50/36/W,https://i.ibb.co/VcGKKPS0/Castor-White.png
Castor,DTQ130X,36V DC,350mA,5000K, CRI>97,Φ83*H59mm,36°,15W,AJ/CG,ARFD1575/50/36/B,https://i.ibb.co/RwDmFxR/Castor-black.png
Castor,DTQ130X,36V DC,350mA,2700K, CRI>97,Φ83*H59mm,50°,15W,AJ/CG,ARFD1575/27/50/W,https://i.ibb.co/VcGKKPS0/Castor-White.png
Castor,DTQ130X,36V DC,350mA,2700K, CRI>97,Φ83*H59mm,50°,15W,AJ/CG,ARFD1575/27/50/B,https://i.ibb.co/RwDmFxR/Castor-black.png
Castor,DTQ130X,36V DC,350mA,3000K, CRI>97,Φ83*H59mm,50°,15W,AJ/CG,ARFD1575/30/50/W,https://i.ibb.co/VcGKKPS0/Castor-White.png
Castor,DTQ130X,36V DC,350mA,3000K, CRI>97,Φ83*H59mm,50°,15W,AJ/CG,ARFD1575/30/50/B,https://i.ibb.co/RwDmFxR/Castor-black.png
Castor,DTQ130X,36V DC,350mA,3500K, CRI>97,Φ83*H59mm,50°,15W,AJ/CG,ARFD1575/35/50/W,https://i.ibb.co/VcGKKPS0/Castor-White.png
Castor,DTQ130X,36V DC,350mA,3500K, CRI>97,Φ83*H59mm,50°,15W,AJ/CG,ARFD1575/35/50/B,https://i.ibb.co/RwDmFxR/Castor-black.png
Castor,DTQ130X,36V DC,350mA,4000K, CRI>97,Φ83*H59mm,50°,15W,AJ/CG,ARFD1575/40/50/W,https://i.ibb.co/VcGKKPS0/Castor-White.png
Castor,DTQ130X,36V DC,350mA,4000K, CRI>97,Φ83*H59mm,50°,15W,AJ/CG,ARFD1575/40/50/B,https://i.ibb.co/RwDmFxR/Castor-black.png
Castor,DTQ130X,36V DC,350mA,5000K, CRI>97,Φ83*H59mm,50°,15W,AJ/CG,ARFD1575/50/50/W,https://i.ibb.co/VcGKKPS0/Castor-White.png
Castor,DTQ130X,36V DC,350mA,5000K, CRI>97,Φ83*H59mm,50°,15W,AJ/CG,ARFD1575/50/50/B,https://i.ibb.co/RwDmFxR/Castor-black.png
Castor Tunable,DTQ130X,36V DC,350mA,2700K~6500K, CRI>97,Φ83*H59mm,24°,15W,AJ/CG,ARFD1575/CT/24/W,https://i.ibb.co/VcGKKPS0/Castor-White.png
Castor Tunable,DTQ130X,36V DC,350mA,2700K~6500K, CRI>97,Φ83*H59mm,24°,15W,AJ/CG,ARFD1575/CT/24/B,https://i.ibb.co/RwDmFxR/Castor-black.png
Castor Tunable,DTQ130X,36V DC,350mA,2700K~6500K, CRI>97,Φ83*H59mm,36°,15W,AJ/CG,ARFD1575/CT/36/W,https://i.ibb.co/VcGKKPS0/Castor-White.png
Castor Tunable,DTQ130X,36V DC,350mA,2700K~6500K, CRI>97,Φ83*H59mm,36°,15W,AJ/CG,ARFD1575/CT/36/B,https://i.ibb.co/RwDmFxR/Castor-black.png
Castor Tunable,DTQ130X,36V DC,350mA,2700K~6500K, CRI>97,Φ83*H59mm,50°,15W,AJ/CG,ARFD1575/CT/50/W,https://i.ibb.co/VcGKKPS0/Castor-White.png
Castor Tunable,DTQ130X,36V DC,350mA,2700K~6500K, CRI>97,Φ83*H59mm,50°,15W,AJ/CG,ARFD1575/CT/50/B,https://i.ibb.co/RwDmFxR/Castor-black.png
Step Light,ARAD1501,85-265V,,3000k, CRI>97, L86*W86*H30mm,NA,1W,AJ/CG,AWSL0180/W,https://i.ibb.co/fJnv5p2/Step-Light-white.png
Step Light,ARAD1501,85-265V,,3000k, CRI>97, L86*W86*H30mm,NA,1W,AJ/CG,AWSL0180/B,https://i.ibb.co/B5WtQcMy/Step-Light-black.png
Step Light with Sensor,ARAD1501,85-265V,,3000k, CRI>97, L86*W86*H30mm,NA,1W,AJ/CG,AWSL0180/W/S,https://i.ibb.co/1f0F60Nx/Step-Light-with-Sensor-White.png
Step Light with Sensor,ARAD1501,85-265V,,3000k, CRI>97, L86*W86*H30mm,NA,1W,AJ/CG,AWSL0180/B/S,https://i.ibb.co/bjQqn9wQ/Step-Light-with-Sensor-S-black.png
Lumora,DSB120X,36V DC,250mA,2700k, CRI>97,Φ102*H79mm,40°,10W,AJ/CG,ASFD1010/27/40/B,https://i.ibb.co/LDRdcgxt/Lumora-mat-black-default.png
Lumora,DSB120X,36V DC,250mA,2700k, CRI>97,Φ102*H79mm,40°,10W,AJ/CG,ASFD1010/27/40/W,https://i.ibb.co/nq3wwmFQ/Lumora-white.png
Lumora,DSB120X,36V DC,250mA,2700k, CRI>97,Φ102*H79mm,40°,10W,AJ/CG,ASFD1010/27/40/CG,https://i.ibb.co/1f7kfW8n/Lumora-champeing-gold.png
Lumora,DSB120X,36V DC,250mA,2700k, CRI>97,Φ102*H79mm,40°,10W,AJ/CG,ASFD1010/27/40/RG,https://i.ibb.co/NgVbKx29/Lumora-rose-gold.png
Lumora,DSB120X,36V DC,250mA,2700k, CRI>97,Φ102*H79mm,40°,10W,AJ/CG,ASFD1010/27/40/BR,https://i.ibb.co/9k0NK5ts/Lumora-brown.png
Lumora,DSB120X,36V DC,250mA,2700k, CRI>97,Φ102*H79mm,40°,10W,AJ/CG,ASFD1010/27/40/COF,https://i.ibb.co/xKG483JN/Lumora-coffee.png
Lumora,DSB120X,36V DC,250mA,2700k, CRI>97,Φ102*H79mm,40°,10W,AJ/CG,ASFD1010/27/40/DGR,https://i.ibb.co/MxMWdvb5/Lumora-dark-gray-default.png
Lumora,DSB120X,36V DC,250mA,2700k, CRI>97,Φ102*H79mm,40°,10W,AJ/CG,ASFD1010/27/40/BB,https://i.ibb.co/wZVxVk15/Lumora-ballet-blue.png
Lumora,DSB120X,36V DC,250mA,2700k, CRI>97,Φ102*H79mm,40°,10W,AJ/CG,ASFD1010/27/40/CH,https://i.ibb.co/0yzXSpQt/Lumora-chrome.png
Lumora,DSB120X,36V DC,250mA,2700k, CRI>97,Φ102*H79mm,40°,10W,AJ/CG,ASFD1010/27/40/CHB,https://i.ibb.co/4Zr4ddg1/Lumora-chrome-black.png
Lumora,DSB120X,36V DC,250mA,3000k, CRI>97,Φ102*H79mm,40°,10W,AJ/CG,ASFD1010/30/40/B,https://i.ibb.co/LDRdcgxt/Lumora-mat-black-default.png
Lumora,DSB120X,36V DC,250mA,3000k, CRI>97,Φ102*H79mm,40°,10W,AJ/CG,ASFD1010/30/40/W,https://i.ibb.co/nq3wwmFQ/Lumora-white.png
Lumora,DSB120X,36V DC,250mA,3000k, CRI>97,Φ102*H79mm,40°,10W,AJ/CG,ASFD1010/30/40/CG,https://i.ibb.co/1f7kfW8n/Lumora-champeing-gold.png
Lumora,DSB120X,36V DC,250mA,3000k, CRI>97,Φ102*H79mm,40°,10W,AJ/CG,ASFD1010/30/40/RG,https://i.ibb.co/NgVbKx29/Lumora-rose-gold.png
Lumora,DSB120X,36V DC,250mA,3000k, CRI>97,Φ102*H79mm,40°,10W,AJ/CG,ASFD1010/30/40/BR,https://i.ibb.co/9k0NK5ts/Lumora-brown.png
Lumora,DSB120X,36V DC,250mA,3000k, CRI>97,Φ102*H79mm,40°,10W,AJ/CG,ASFD1010/30/40/COF,https://i.ibb.co/xKG483JN/Lumora-coffee.png
Lumora,DSB120X,36V DC,250mA,3000k, CRI>97,Φ102*H79mm,40°,10W,AJ/CG,ASFD1010/30/40/DGR,https://i.ibb.co/MxMWdvb5/Lumora-dark-gray-default.png
Lumora,DSB120X,36V DC,250mA,3000k, CRI>97,Φ102*H79mm,40°,10W,AJ/CG,ASFD1010/30/40/BB,https://i.ibb.co/wZVxVk15/Lumora-ballet-blue.png
Lumora,DSB120X,36V DC,250mA,3000k, CRI>97,Φ102*H79mm,40°,10W,AJ/CG,ASFD1010/30/40/CH,https://i.ibb.co/0yzXSpQt/Lumora-chrome.png
Lumora,DSB120X,36V DC,250mA,3000k, CRI>97,Φ102*H79mm,40°,10W,AJ/CG,ASFD1010/30/40/CHB,https://i.ibb.co/4Zr4ddg1/Lumora-chrome-black.png
Lumora,DSB120X,36V DC,250mA,3500k, CRI>97,Φ102*H79mm,40°,10W,AJ/CG,ASFD1010/35/40/B,https://i.ibb.co/LDRdcgxt/Lumora-mat-black-default.png
Lumora,DSB120X,36V DC,250mA,3500k, CRI>97,Φ102*H79mm,40°,10W,AJ/CG,ASFD1010/35/40/W,https://i.ibb.co/nq3wwmFQ/Lumora-white.png
Lumora,DSB120X,36V DC,250mA,3500k, CRI>97,Φ102*H79mm,40°,10W,AJ/CG,ASFD1010/35/40/CG,https://i.ibb.co/1f7kfW8n/Lumora-champeing-gold.png
Lumora,DSB120X,36V DC,250mA,3500k, CRI>97,Φ102*H79mm,40°,10W,AJ/CG,ASFD1010/35/40/RG,https://i.ibb.co/NgVbKx29/Lumora-rose-gold.png
Lumora,DSB120X,36V DC,250mA,3500k, CRI>97,Φ102*H79mm,40°,10W,AJ/CG,ASFD1010/35/40/BR,https://i.ibb.co/9k0NK5ts/Lumora-brown.png
Lumora,DSB120X,36V DC,250mA,3500k, CRI>97,Φ102*H79mm,40°,10W,AJ/CG,ASFD1010/35/40/COF,https://i.ibb.co/xKG483JN/Lumora-coffee.png
Lumora,DSB120X,36V DC,250mA,3500k, CRI>97,Φ102*H79mm,40°,10W,AJ/CG,ASFD1010/35/40/DGR,https://i.ibb.co/MxMWdvb5/Lumora-dark-gray-default.png
Lumora,DSB120X,36V DC,250mA,3500k, CRI>97,Φ102*H79mm,40°,10W,AJ/CG,ASFD1010/35/40/BB,https://i.ibb.co/wZVxVk15/Lumora-ballet-blue.png
Lumora,DSB120X,36V DC,250mA,3500k, CRI>97,Φ102*H79mm,40°,10W,AJ/CG,ASFD1010/35/40/CH,https://i.ibb.co/0yzXSpQt/Lumora-chrome.png
Lumora,DSB120X,36V DC,250mA,3500k, CRI>97,Φ102*H79mm,40°,10W,AJ/CG,ASFD1010/35/40/CHB,https://i.ibb.co/4Zr4ddg1/Lumora-chrome-black.png
Lumora,DSB120X,36V DC,250mA,4000k, CRI>97,Φ102*H79mm,40°,10W,AJ/CG,ASFD1010/40/40/B,https://i.ibb.co/LDRdcgxt/Lumora-mat-black-default.png
Lumora,DSB120X,36V DC,250mA,4000k, CRI>97,Φ102*H79mm,40°,10W,AJ/CG,ASFD1010/40/40/W,https://i.ibb.co/nq3wwmFQ/Lumora-white.png
Lumora,DSB120X,36V DC,250mA,4000k, CRI>97,Φ102*H79mm,40°,10W,AJ/CG,ASFD1010/40/40/CG,https://i.ibb.co/1f7kfW8n/Lumora-champeing-gold.png
Lumora,DSB120X,36V DC,250mA,4000k, CRI>97,Φ102*H79mm,40°,10W,AJ/CG,ASFD1010/40/40/RG,https://i.ibb.co/NgVbKx29/Lumora-rose-gold.png
Lumora,DSB120X,36V DC,250mA,4000k, CRI>97,Φ102*H79mm,40°,10W,AJ/CG,ASFD1010/40/40/BR,https://i.ibb.co/9k0NK5ts/Lumora-brown.png
Lumora,DSB120X,36V DC,250mA,4000k, CRI>97,Φ102*H79mm,40°,10W,AJ/CG,ASFD1010/40/40/COF,https://i.ibb.co/xKG483JN/Lumora-coffee.png
Lumora,DSB120X,36V DC,250mA,4000k, CRI>97,Φ102*H79mm,40°,10W,AJ/CG,ASFD1010/40/40/DGR,https://i.ibb.co/MxMWdvb5/Lumora-dark-gray-default.png
Lumora,DSB120X,36V DC,250mA,4000k, CRI>97,Φ102*H79mm,40°,10W,AJ/CG,ASFD1010/40/40/BB,https://i.ibb.co/wZVxVk15/Lumora-ballet-blue.png
Lumora,DSB120X,36V DC,250mA,4000k, CRI>97,Φ102*H79mm,40°,10W,AJ/CG,ASFD1010/40/40/CH,https://i.ibb.co/0yzXSpQt/Lumora-chrome.png
Lumora,DSB120X,36V DC,250mA,4000k, CRI>97,Φ102*H79mm,40°,10W,AJ/CG,ASFD1010/40/40/CHB,https://i.ibb.co/4Zr4ddg1/Lumora-chrome-black.png
Lumora,DSB120X,36V DC,250mA,5000k, CRI>97,Φ102*H79mm,40°,10W,AJ/CG,ASFD1010/50/40/B,https://i.ibb.co/LDRdcgxt/Lumora-mat-black-default.png
Lumora,DSB120X,36V DC,250mA,5000k, CRI>97,Φ102*H79mm,40°,10W,AJ/CG,ASFD1010/50/40/W,https://i.ibb.co/nq3wwmFQ/Lumora-white.png
Lumora,DSB120X,36V DC,250mA,5000k, CRI>97,Φ102*H79mm,40°,10W,AJ/CG,ASFD1010/50/40/CG,https://i.ibb.co/1f7kfW8n/Lumora-champeing-gold.png
Lumora,DSB120X,36V DC,250mA,5000k, CRI>97,Φ102*H79mm,40°,10W,AJ/CG,ASFD1010/50/40/RG,https://i.ibb.co/NgVbKx29/Lumora-rose-gold.png
Lumora,DSB120X,36V DC,250mA,5000k, CRI>97,Φ102*H79mm,40°,10W,AJ/CG,ASFD1010/50/40/BR,https://i.ibb.co/9k0NK5ts/Lumora-brown.png
Lumora,DSB120X,36V DC,250mA,5000k, CRI>97,Φ102*H79mm,40°,10W,AJ/CG,ASFD1010/50/40/COF,https://i.ibb.co/xKG483JN/Lumora-coffee.png
Lumora,DSB120X,36V DC,250mA,5000k, CRI>97,Φ102*H79mm,40°,10W,AJ/CG,ASFD1010/50/40/DGR,https://i.ibb.co/MxMWdvb5/Lumora-dark-gray-default.png
Lumora,DSB120X,36V DC,250mA,5000k, CRI>97,Φ102*H79mm,40°,10W,AJ/CG,ASFD1010/50/40/BB,https://i.ibb.co/wZVxVk15/Lumora-ballet-blue.png
Lumora,DSB120X,36V DC,250mA,5000k, CRI>97,Φ102*H79mm,40°,10W,AJ/CG,ASFD1010/50/40/CH,https://i.ibb.co/0yzXSpQt/Lumora-chrome.png
Lumora,DSB120X,36V DC,250mA,5000k, CRI>97,Φ102*H79mm,40°,10W,AJ/CG,ASFD1010/50/40/CHB,https://i.ibb.co/4Zr4ddg1/Lumora-chrome-black.png
Lumora Tunable,DSB120X,36V DC,250mA,2700K~6500K, CRI>97,Φ102*H79mm,40°,10W,AJ/CG,ASFD1010/CT/40/B,https://i.ibb.co/LDRdcgxt/Lumora-mat-black-default.png
Lumora Tunable,DSB120X,36V DC,250mA,2700K~6500K, CRI>97,Φ102*H79mm,40°,10W,AJ/CG,ASFD1010/CT/40/W,https://i.ibb.co/nq3wwmFQ/Lumora-white.png
Lumora Tunable,DSB120X,36V DC,250mA,2700K~6500K, CRI>97,Φ102*H79mm,40°,10W,AJ/CG,ASFD1010/CT/40/CG,https://i.ibb.co/1f7kfW8n/Lumora-champeing-gold.png
Lumora Tunable,DSB120X,36V DC,250mA,2700K~6500K, CRI>97,Φ102*H79mm,40°,10W,AJ/CG,ASFD1010/CT/40/RG,https://i.ibb.co/NgVbKx29/Lumora-rose-gold.png
Lumora Tunable,DSB120X,36V DC,250mA,2700K~6500K, CRI>97,Φ102*H79mm,40°,10W,AJ/CG,ASFD1010/CT/40/BR,https://i.ibb.co/9k0NK5ts/Lumora-brown.png
Lumora Tunable,DSB120X,36V DC,250mA,2700K~6500K, CRI>97,Φ102*H79mm,40°,10W,AJ/CG,ASFD1010/CT/40/COF,https://i.ibb.co/xKG483JN/Lumora-coffee.png
Lumora Tunable,DSB120X,36V DC,250mA,2700K~6500K, CRI>97,Φ102*H79mm,40°,10W,AJ/CG,ASFD1010/CT/40/DGR,https://i.ibb.co/MxMWdvb5/Lumora-dark-gray-default.png
Lumora Tunable,DSB120X,36V DC,250mA,2700K~6500K, CRI>97,Φ102*H79mm,40°,10W,AJ/CG,ASFD1010/CT/40/BB,https://i.ibb.co/wZVxVk15/Lumora-ballet-blue.png
Lumora Tunable,DSB120X,36V DC,250mA,2700K~6500K, CRI>97,Φ102*H79mm,40°,10W,AJ/CG,ASFD1010/CT/40/CH,https://i.ibb.co/0yzXSpQt/Lumora-chrome.png
Lumora Tunable,DSB120X,36V DC,250mA,2700K~6500K, CRI>97,Φ102*H79mm,40°,10W,AJ/CG,ASFD1010/CT/40/CHB,https://i.ibb.co/4Zr4ddg1/Lumora-chrome-black.png
Axion 7,",DSH075X",36V DC,150mA,2700k, CRI>97,Φ63*H53mm,24°,7W,AJ/CG,ARAS0755/27/24/W,https://i.ibb.co/BpXbtzT/Axion-12-white.png
Axion 7,",DSH075X",36V DC,150mA,2700k, CRI>97,Φ63*H53mm,24°,7W,AJ/CG,ARAS0755/27/24/B,https://i.ibb.co/SDjR2mPq/Axion-12-mat-black-default.png
Axion 7,",DSH075X",36V DC,150mA,2700k, CRI>97,Φ63*H53mm,24°,7W,AJ/CG,ARAS0755/27/24/CG,https://i.ibb.co/1JJ653Vm/Axion-12-champeing-gold.png
Axion 7,",DSH075X",36V DC,150mA,2700k, CRI>97,Φ63*H53mm,24°,7W,AJ/CG,ARAS0755/27/24/RG,https://i.ibb.co/Ndqf580b/Axion-12-rose-gold.png
Axion 7,",DSH075X",36V DC,150mA,2700k, CRI>97,Φ63*H53mm,24°,7W,AJ/CG,ARAS0755/27/24/BR,https://i.ibb.co/HThtPv97/Axion-12-brown.png
Axion 7,",DSH075X",36V DC,150mA,2700k, CRI>97,Φ63*H53mm,24°,7W,AJ/CG,ARAS0755/27/24/COF,https://i.ibb.co/FL7Jg6YM/Axion-12-coffee.png
Axion 7,",DSH075X",36V DC,150mA,2700k, CRI>97,Φ63*H53mm,24°,7W,AJ/CG,ARAS0755/27/24/DGR,https://i.ibb.co/8gcGkpCR/Axion-12-dark-gray-default-001.png
Axion 7,",DSH075X",36V DC,150mA,2700k, CRI>97,Φ63*H53mm,24°,7W,AJ/CG,ARAS0755/27/24/BB,https://i.ibb.co/HDvw1xTw/Axion-12-ballet-blue.png
Axion 7,",DSH075X",36V DC,150mA,2700k, CRI>97,Φ63*H53mm,24°,7W,AJ/CG,ARAS0755/27/24/CH,https://i.ibb.co/s97FXBb1/Axion-12-chrome.png
Axion 7,",DSH075X",36V DC,150mA,2700k, CRI>97,Φ63*H53mm,24°,7W,AJ/CG,ARAS0755/27/24/CHB,https://i.ibb.co/GffHF8Jq/Axion-12-chrome-black.png
Axion 7,",DSH075X",36V DC,150mA,3000k, CRI>97,Φ63*H53mm,24°,7W,AJ/CG,ARAS0755/30/24/W,https://i.ibb.co/BpXbtzT/Axion-12-white.png
Axion 7,",DSH075X",36V DC,150mA,3000k, CRI>97,Φ63*H53mm,24°,7W,AJ/CG,ARAS0755/30/24/B,https://i.ibb.co/SDjR2mPq/Axion-12-mat-black-default.png
Axion 7,",DSH075X",36V DC,150mA,3000k, CRI>97,Φ63*H53mm,24°,7W,AJ/CG,ARAS0755/30/24/CG,https://i.ibb.co/1JJ653Vm/Axion-12-champeing-gold.png
Axion 7,",DSH075X",36V DC,150mA,3000k, CRI>97,Φ63*H53mm,24°,7W,AJ/CG,ARAS0755/30/24/RG,https://i.ibb.co/Ndqf580b/Axion-12-rose-gold.png
Axion 7,",DSH075X",36V DC,150mA,3000k, CRI>97,Φ63*H53mm,24°,7W,AJ/CG,ARAS0755/30/24/BR,https://i.ibb.co/HThtPv97/Axion-12-brown.png
Axion 7,",DSH075X",36V DC,150mA,3000k, CRI>97,Φ63*H53mm,24°,7W,AJ/CG,ARAS0755/30/24/COF,https://i.ibb.co/FL7Jg6YM/Axion-12-coffee.png
Axion 7,",DSH075X",36V DC,150mA,3000k, CRI>97,Φ63*H53mm,24°,7W,AJ/CG,ARAS0755/30/24/DGR,https://i.ibb.co/8gcGkpCR/Axion-12-dark-gray-default-001.png
Axion 7,",DSH075X",36V DC,150mA,3000k, CRI>97,Φ63*H53mm,24°,7W,AJ/CG,ARAS0755/30/24/BB,https://i.ibb.co/HDvw1xTw/Axion-12-ballet-blue.png
Axion 7,",DSH075X",36V DC,150mA,3000k, CRI>97,Φ63*H53mm,24°,7W,AJ/CG,ARAS0755/30/24/CH,https://i.ibb.co/s97FXBb1/Axion-12-chrome.png
Axion 7,",DSH075X",36V DC,150mA,3000k, CRI>97,Φ63*H53mm,24°,7W,AJ/CG,ARAS0755/30/24/CHB,https://i.ibb.co/GffHF8Jq/Axion-12-chrome-black.png
Axion 7,",DSH075X",36V DC,150mA,3500k, CRI>97,Φ63*H53mm,24°,7W,AJ/CG,ARAS0755/35/24/W,https://i.ibb.co/BpXbtzT/Axion-12-white.png
Axion 7,",DSH075X",36V DC,150mA,3500k, CRI>97,Φ63*H53mm,24°,7W,AJ/CG,ARAS0755/35/24/B,https://i.ibb.co/SDjR2mPq/Axion-12-mat-black-default.png
Axion 7,",DSH075X",36V DC,150mA,3500k, CRI>97,Φ63*H53mm,24°,7W,AJ/CG,ARAS0755/35/24/CG,https://i.ibb.co/1JJ653Vm/Axion-12-champeing-gold.png
Axion 7,",DSH075X",36V DC,150mA,3500k, CRI>97,Φ63*H53mm,24°,7W,AJ/CG,ARAS0755/35/24/RG,https://i.ibb.co/Ndqf580b/Axion-12-rose-gold.png
Axion 7,",DSH075X",36V DC,150mA,3500k, CRI>97,Φ63*H53mm,24°,7W,AJ/CG,ARAS0755/35/24/BR,https://i.ibb.co/HThtPv97/Axion-12-brown.png
Axion 7,",DSH075X",36V DC,150mA,3500k, CRI>97,Φ63*H53mm,24°,7W,AJ/CG,ARAS0755/35/24/COF,https://i.ibb.co/FL7Jg6YM/Axion-12-coffee.png
Axion 7,",DSH075X",36V DC,150mA,3500k, CRI>97,Φ63*H53mm,24°,7W,AJ/CG,ARAS0755/35/24/DGR,https://i.ibb.co/8gcGkpCR/Axion-12-dark-gray-default-001.png
Axion 7,",DSH075X",36V DC,150mA,3500k, CRI>97,Φ63*H53mm,24°,7W,AJ/CG,ARAS0755/35/24/BB,https://i.ibb.co/HDvw1xTw/Axion-12-ballet-blue.png
Axion 7,",DSH075X",36V DC,150mA,3500k, CRI>97,Φ63*H53mm,24°,7W,AJ/CG,ARAS0755/35/24/CH,https://i.ibb.co/s97FXBb1/Axion-12-chrome.png
Axion 7,",DSH075X",36V DC,150mA,3500k, CRI>97,Φ63*H53mm,24°,7W,AJ/CG,ARAS0755/35/24/CHB,https://i.ibb.co/GffHF8Jq/Axion-12-chrome-black.png
Axion 7,",DSH075X",36V DC,150mA,4000k, CRI>97,Φ63*H53mm,24°,7W,AJ/CG,ARAS0755/40/24/W,https://i.ibb.co/BpXbtzT/Axion-12-white.png
Axion 7,",DSH075X",36V DC,150mA,4000k, CRI>97,Φ63*H53mm,24°,7W,AJ/CG,ARAS0755/40/24/B,https://i.ibb.co/SDjR2mPq/Axion-12-mat-black-default.png
Axion 7,",DSH075X",36V DC,150mA,4000k, CRI>97,Φ63*H53mm,24°,7W,AJ/CG,ARAS0755/40/24/CG,https://i.ibb.co/1JJ653Vm/Axion-12-champeing-gold.png
Axion 7,",DSH075X",36V DC,150mA,4000k, CRI>97,Φ63*H53mm,24°,7W,AJ/CG,ARAS0755/40/24/RG,https://i.ibb.co/Ndqf580b/Axion-12-rose-gold.png
Axion 7,",DSH075X",36V DC,150mA,4000k, CRI>97,Φ63*H53mm,24°,7W,AJ/CG,ARAS0755/40/24/BR,https://i.ibb.co/HThtPv97/Axion-12-brown.png
Axion 7,",DSH075X",36V DC,150mA,4000k, CRI>97,Φ63*H53mm,24°,7W,AJ/CG,ARAS0755/40/24/COF,https://i.ibb.co/FL7Jg6YM/Axion-12-coffee.png
Axion 7,",DSH075X",36V DC,150mA,4000k, CRI>97,Φ63*H53mm,24°,7W,AJ/CG,ARAS0755/40/24/DGR,https://i.ibb.co/8gcGkpCR/Axion-12-dark-gray-default-001.png
Axion 7,",DSH075X",36V DC,150mA,4000k, CRI>97,Φ63*H53mm,24°,7W,AJ/CG,ARAS0755/40/24/BB,https://i.ibb.co/HDvw1xTw/Axion-12-ballet-blue.png
Axion 7,",DSH075X",36V DC,150mA,4000k, CRI>97,Φ63*H53mm,24°,7W,AJ/CG,ARAS0755/40/24/CH,https://i.ibb.co/s97FXBb1/Axion-12-chrome.png
Axion 7,",DSH075X",36V DC,150mA,4000k, CRI>97,Φ63*H53mm,24°,7W,AJ/CG,ARAS0755/40/24/CHB,https://i.ibb.co/GffHF8Jq/Axion-12-chrome-black.png
Axion 7,",DSH075X",36V DC,150mA,5000k, CRI>97,Φ63*H53mm,24°,7W,AJ/CG,ARAS0755/50/24/W,https://i.ibb.co/BpXbtzT/Axion-12-white.png
Axion 7,",DSH075X",36V DC,150mA,5000k, CRI>97,Φ63*H53mm,24°,7W,AJ/CG,ARAS0755/50/24/B,https://i.ibb.co/SDjR2mPq/Axion-12-mat-black-default.png
Axion 7,",DSH075X",36V DC,150mA,5000k, CRI>97,Φ63*H53mm,24°,7W,AJ/CG,ARAS0755/50/24/CG,https://i.ibb.co/1JJ653Vm/Axion-12-champeing-gold.png
Axion 7,",DSH075X",36V DC,150mA,5000k, CRI>97,Φ63*H53mm,24°,7W,AJ/CG,ARAS0755/50/24/RG,https://i.ibb.co/Ndqf580b/Axion-12-rose-gold.png
Axion 7,",DSH075X",36V DC,150mA,5000k, CRI>97,Φ63*H53mm,24°,7W,AJ/CG,ARAS0755/50/24/BR,https://i.ibb.co/HThtPv97/Axion-12-brown.png
Axion 7,",DSH075X",36V DC,150mA,5000k, CRI>97,Φ63*H53mm,24°,7W,AJ/CG,ARAS0755/50/24/COF,https://i.ibb.co/FL7Jg6YM/Axion-12-coffee.png
Axion 7,",DSH075X",36V DC,150mA,5000k, CRI>97,Φ63*H53mm,24°,7W,AJ/CG,ARAS0755/50/24/DGR,https://i.ibb.co/8gcGkpCR/Axion-12-dark-gray-default-001.png
Axion 7,",DSH075X",36V DC,150mA,5000k, CRI>97,Φ63*H53mm,24°,7W,AJ/CG,ARAS0755/50/24/BB,https://i.ibb.co/HDvw1xTw/Axion-12-ballet-blue.png
Axion 7,",DSH075X",36V DC,150mA,5000k, CRI>97,Φ63*H53mm,24°,7W,AJ/CG,ARAS0755/50/24/CH,https://i.ibb.co/s97FXBb1/Axion-12-chrome.png
Axion 7,",DSH075X",36V DC,150mA,5000k, CRI>97,Φ63*H53mm,24°,7W,AJ/CG,ARAS0755/50/24/CHB,https://i.ibb.co/GffHF8Jq/Axion-12-chrome-black.png
Axion 7,",DSH075X",36V DC,150mA,2700k, CRI>97,Φ63*H53mm,36°,7W,AJ/CG,ARAS0755/27/36/W,https://i.ibb.co/BpXbtzT/Axion-12-white.png
Axion 7,",DSH075X",36V DC,150mA,2700k, CRI>97,Φ63*H53mm,36°,7W,AJ/CG,ARAS0755/27/36/B,https://i.ibb.co/SDjR2mPq/Axion-12-mat-black-default.png
Axion 7,",DSH075X",36V DC,150mA,2700k, CRI>97,Φ63*H53mm,36°,7W,AJ/CG,ARAS0755/27/36/CG,https://i.ibb.co/1JJ653Vm/Axion-12-champeing-gold.png
Axion 7,",DSH075X",36V DC,150mA,2700k, CRI>97,Φ63*H53mm,36°,7W,AJ/CG,ARAS0755/27/36/RG,https://i.ibb.co/Ndqf580b/Axion-12-rose-gold.png
Axion 7,",DSH075X",36V DC,150mA,2700k, CRI>97,Φ63*H53mm,36°,7W,AJ/CG,ARAS0755/27/36/BR,https://i.ibb.co/HThtPv97/Axion-12-brown.png
Axion 7,",DSH075X",36V DC,150mA,2700k, CRI>97,Φ63*H53mm,36°,7W,AJ/CG,ARAS0755/27/36/COF,https://i.ibb.co/FL7Jg6YM/Axion-12-coffee.png
Axion 7,",DSH075X",36V DC,150mA,2700k, CRI>97,Φ63*H53mm,36°,7W,AJ/CG,ARAS0755/27/36/DGR,https://i.ibb.co/8gcGkpCR/Axion-12-dark-gray-default-001.png
Axion 7,",DSH075X",36V DC,150mA,2700k, CRI>97,Φ63*H53mm,36°,7W,AJ/CG,ARAS0755/27/36/BB,https://i.ibb.co/HDvw1xTw/Axion-12-ballet-blue.png
Axion 7,",DSH075X",36V DC,150mA,2700k, CRI>97,Φ63*H53mm,36°,7W,AJ/CG,ARAS0755/27/36/CH,https://i.ibb.co/s97FXBb1/Axion-12-chrome.png
Axion 7,",DSH075X",36V DC,150mA,2700k, CRI>97,Φ63*H53mm,36°,7W,AJ/CG,ARAS0755/27/36/CHB,https://i.ibb.co/GffHF8Jq/Axion-12-chrome-black.png
Axion 7,",DSH075X",36V DC,150mA,3000k, CRI>97,Φ63*H53mm,36°,7W,AJ/CG,ARAS0755/30/36/W,https://i.ibb.co/BpXbtzT/Axion-12-white.png
Axion 7,",DSH075X",36V DC,150mA,3000k, CRI>97,Φ63*H53mm,36°,7W,AJ/CG,ARAS0755/30/36/B,https://i.ibb.co/SDjR2mPq/Axion-12-mat-black-default.png
Axion 7,",DSH075X",36V DC,150mA,3000k, CRI>97,Φ63*H53mm,36°,7W,AJ/CG,ARAS0755/30/36/CG,https://i.ibb.co/1JJ653Vm/Axion-12-champeing-gold.png
Axion 7,",DSH075X",36V DC,150mA,3000k, CRI>97,Φ63*H53mm,36°,7W,AJ/CG,ARAS0755/30/36/RG,https://i.ibb.co/Ndqf580b/Axion-12-rose-gold.png
Axion 7,",DSH075X",36V DC,150mA,3000k, CRI>97,Φ63*H53mm,36°,7W,AJ/CG,ARAS0755/30/36/BR,https://i.ibb.co/HThtPv97/Axion-12-brown.png
Axion 7,",DSH075X",36V DC,150mA,3000k, CRI>97,Φ63*H53mm,36°,7W,AJ/CG,ARAS0755/30/36/COF,https://i.ibb.co/FL7Jg6YM/Axion-12-coffee.png
Axion 7,",DSH075X",36V DC,150mA,3000k, CRI>97,Φ63*H53mm,36°,7W,AJ/CG,ARAS0755/30/36/DGR,https://i.ibb.co/8gcGkpCR/Axion-12-dark-gray-default-001.png
Axion 7,",DSH075X",36V DC,150mA,3000k, CRI>97,Φ63*H53mm,36°,7W,AJ/CG,ARAS0755/30/36/BB,https://i.ibb.co/HDvw1xTw/Axion-12-ballet-blue.png
Axion 7,",DSH075X",36V DC,150mA,3000k, CRI>97,Φ63*H53mm,36°,7W,AJ/CG,ARAS0755/30/36/CH,https://i.ibb.co/s97FXBb1/Axion-12-chrome.png
Axion 7,",DSH075X",36V DC,150mA,3000k, CRI>97,Φ63*H53mm,36°,7W,AJ/CG,ARAS0755/30/36/CHB,https://i.ibb.co/GffHF8Jq/Axion-12-chrome-black.png
Axion 7,",DSH075X",36V DC,150mA,3500k, CRI>97,Φ63*H53mm,36°,7W,AJ/CG,ARAS0755/35/36/W,https://i.ibb.co/BpXbtzT/Axion-12-white.png
Axion 7,",DSH075X",36V DC,150mA,3500k, CRI>97,Φ63*H53mm,36°,7W,AJ/CG,ARAS0755/35/36/B,https://i.ibb.co/SDjR2mPq/Axion-12-mat-black-default.png
Axion 7,",DSH075X",36V DC,150mA,3500k, CRI>97,Φ63*H53mm,36°,7W,AJ/CG,ARAS0755/35/36/CG,https://i.ibb.co/1JJ653Vm/Axion-12-champeing-gold.png
Axion 7,",DSH075X",36V DC,150mA,3500k, CRI>97,Φ63*H53mm,36°,7W,AJ/CG,ARAS0755/35/36/RG,https://i.ibb.co/Ndqf580b/Axion-12-rose-gold.png
Axion 7,",DSH075X",36V DC,150mA,3500k, CRI>97,Φ63*H53mm,36°,7W,AJ/CG,ARAS0755/35/36/BR,https://i.ibb.co/HThtPv97/Axion-12-brown.png
Axion 7,",DSH075X",36V DC,150mA,3500k, CRI>97,Φ63*H53mm,36°,7W,AJ/CG,ARAS0755/35/36/COF,https://i.ibb.co/FL7Jg6YM/Axion-12-coffee.png
Axion 7,",DSH075X",36V DC,150mA,3500k, CRI>97,Φ63*H53mm,36°,7W,AJ/CG,ARAS0755/35/36/DGR,https://i.ibb.co/8gcGkpCR/Axion-12-dark-gray-default-001.png
Axion 7,",DSH075X",36V DC,150mA,3500k, CRI>97,Φ63*H53mm,36°,7W,AJ/CG,ARAS0755/35/36/BB,https://i.ibb.co/HDvw1xTw/Axion-12-ballet-blue.png
Axion 7,",DSH075X",36V DC,150mA,3500k, CRI>97,Φ63*H53mm,36°,7W,AJ/CG,ARAS0755/35/36/CH,https://i.ibb.co/s97FXBb1/Axion-12-chrome.png
Axion 7,",DSH075X",36V DC,150mA,3500k, CRI>97,Φ63*H53mm,36°,7W,AJ/CG,ARAS0755/35/36/CHB,https://i.ibb.co/GffHF8Jq/Axion-12-chrome-black.png
Axion 7,",DSH075X",36V DC,150mA,4000k, CRI>97,Φ63*H53mm,36°,7W,AJ/CG,ARAS0755/40/36/W,https://i.ibb.co/BpXbtzT/Axion-12-white.png
Axion 7,",DSH075X",36V DC,150mA,4000k, CRI>97,Φ63*H53mm,36°,7W,AJ/CG,ARAS0755/40/36/B,https://i.ibb.co/SDjR2mPq/Axion-12-mat-black-default.png
Axion 7,",DSH075X",36V DC,150mA,4000k, CRI>97,Φ63*H53mm,36°,7W,AJ/CG,ARAS0755/40/36/CG,https://i.ibb.co/1JJ653Vm/Axion-12-champeing-gold.png
Axion 7,",DSH075X",36V DC,150mA,4000k, CRI>97,Φ63*H53mm,36°,7W,AJ/CG,ARAS0755/40/36/RG,https://i.ibb.co/Ndqf580b/Axion-12-rose-gold.png
Axion 7,",DSH075X",36V DC,150mA,4000k, CRI>97,Φ63*H53mm,36°,7W,AJ/CG,ARAS0755/40/36/BR,https://i.ibb.co/HThtPv97/Axion-12-brown.png
Axion 7,",DSH075X",36V DC,150mA,4000k, CRI>97,Φ63*H53mm,36°,7W,AJ/CG,ARAS0755/40/36/COF,https://i.ibb.co/FL7Jg6YM/Axion-12-coffee.png
Axion 7,",DSH075X",36V DC,150mA,4000k, CRI>97,Φ63*H53mm,36°,7W,AJ/CG,ARAS0755/40/36/DGR,https://i.ibb.co/8gcGkpCR/Axion-12-dark-gray-default-001.png
Axion 7,",DSH075X",36V DC,150mA,4000k, CRI>97,Φ63*H53mm,36°,7W,AJ/CG,ARAS0755/40/36/BB,https://i.ibb.co/HDvw1xTw/Axion-12-ballet-blue.png
Axion 7,",DSH075X",36V DC,150mA,4000k, CRI>97,Φ63*H53mm,36°,7W,AJ/CG,ARAS0755/40/36/CH,https://i.ibb.co/s97FXBb1/Axion-12-chrome.png
Axion 7,",DSH075X",36V DC,150mA,4000k, CRI>97,Φ63*H53mm,36°,7W,AJ/CG,ARAS0755/40/36/CHB,https://i.ibb.co/GffHF8Jq/Axion-12-chrome-black.png
Axion 7,",DSH075X",36V DC,150mA,5000k, CRI>97,Φ63*H53mm,36°,7W,AJ/CG,ARAS0755/50/36/W,https://i.ibb.co/BpXbtzT/Axion-12-white.png
Axion 7,",DSH075X",36V DC,150mA,5000k, CRI>97,Φ63*H53mm,36°,7W,AJ/CG,ARAS0755/50/36/B,https://i.ibb.co/SDjR2mPq/Axion-12-mat-black-default.png
Axion 7,",DSH075X",36V DC,150mA,5000k, CRI>97,Φ63*H53mm,36°,7W,AJ/CG,ARAS0755/50/36/CG,https://i.ibb.co/1JJ653Vm/Axion-12-champeing-gold.png
Axion 7,",DSH075X",36V DC,150mA,5000k, CRI>97,Φ63*H53mm,36°,7W,AJ/CG,ARAS0755/50/36/RG,https://i.ibb.co/Ndqf580b/Axion-12-rose-gold.png
Axion 7,",DSH075X",36V DC,150mA,5000k, CRI>97,Φ63*H53mm,36°,7W,AJ/CG,ARAS0755/50/36/BR,https://i.ibb.co/HThtPv97/Axion-12-brown.png
Axion 7,",DSH075X",36V DC,150mA,5000k, CRI>97,Φ63*H53mm,36°,7W,AJ/CG,ARAS0755/50/36/COF,https://i.ibb.co/FL7Jg6YM/Axion-12-coffee.png
Axion 7,",DSH075X",36V DC,150mA,5000k, CRI>97,Φ63*H53mm,36°,7W,AJ/CG,ARAS0755/50/36/DGR,https://i.ibb.co/8gcGkpCR/Axion-12-dark-gray-default-001.png
Axion 7,",DSH075X",36V DC,150mA,5000k, CRI>97,Φ63*H53mm,36°,7W,AJ/CG,ARAS0755/50/36/BB,https://i.ibb.co/HDvw1xTw/Axion-12-ballet-blue.png
Axion 7,",DSH075X",36V DC,150mA,5000k, CRI>97,Φ63*H53mm,36°,7W,AJ/CG,ARAS0755/50/36/CH,https://i.ibb.co/s97FXBb1/Axion-12-chrome.png
Axion 7,",DSH075X",36V DC,150mA,5000k, CRI>97,Φ63*H53mm,36°,7W,AJ/CG,ARAS0755/50/36/CHB,https://i.ibb.co/GffHF8Jq/Axion-12-chrome-black.png
Axion 7 Tunable,",DSH075X",36V DC,150mA,2700K~6500K, CRI>97,Φ63*H53mm,24°,7W,AJ/CG,ARAS0755/CT/24/W,https://i.ibb.co/BpXbtzT/Axion-12-white.png
Axion 7 Tunable,",DSH075X",36V DC,150mA,2700K~6500K, CRI>97,Φ63*H53mm,24°,7W,AJ/CG,ARAS0755/CT/24/B,https://i.ibb.co/SDjR2mPq/Axion-12-mat-black-default.png
Axion 7 Tunable,",DSH075X",36V DC,150mA,2700K~6500K, CRI>97,Φ63*H53mm,24°,7W,AJ/CG,ARAS0755/CT/24/CG,https://i.ibb.co/1JJ653Vm/Axion-12-champeing-gold.png
Axion 7 Tunable,",DSH075X",36V DC,150mA,2700K~6500K, CRI>97,Φ63*H53mm,24°,7W,AJ/CG,ARAS0755/CT/24/RG,https://i.ibb.co/Ndqf580b/Axion-12-rose-gold.png
Axion 7 Tunable,",DSH075X",36V DC,150mA,2700K~6500K, CRI>97,Φ63*H53mm,24°,7W,AJ/CG,ARAS0755/CT/24/BR,https://i.ibb.co/HThtPv97/Axion-12-brown.png
Axion 7 Tunable,",DSH075X",36V DC,150mA,2700K~6500K, CRI>97,Φ63*H53mm,24°,7W,AJ/CG,ARAS0755/CT/24/COF,https://i.ibb.co/FL7Jg6YM/Axion-12-coffee.png
Axion 7 Tunable,",DSH075X",36V DC,150mA,2700K~6500K, CRI>97,Φ63*H53mm,24°,7W,AJ/CG,ARAS0755/CT/24/DGR,https://i.ibb.co/8gcGkpCR/Axion-12-dark-gray-default-001.png
Axion 7 Tunable,",DSH075X",36V DC,150mA,2700K~6500K, CRI>97,Φ63*H53mm,24°,7W,AJ/CG,ARAS0755/CT/24/BB,https://i.ibb.co/HDvw1xTw/Axion-12-ballet-blue.png
Axion 7 Tunable,",DSH075X",36V DC,150mA,2700K~6500K, CRI>97,Φ63*H53mm,24°,7W,AJ/CG,ARAS0755/CT/24/CH,https://i.ibb.co/s97FXBb1/Axion-12-chrome.png
Axion 7 Tunable,",DSH075X",36V DC,150mA,2700K~6500K, CRI>97,Φ63*H53mm,24°,7W,AJ/CG,ARAS0755/CT/24/CHB,https://i.ibb.co/GffHF8Jq/Axion-12-chrome-black.png
Axion 7 Tunable,",DSH075X",36V DC,150mA,2700K~6500K, CRI>97,Φ63*H53mm,36°,7W,AJ/CG,ARAS0755/CT/36/W,https://i.ibb.co/BpXbtzT/Axion-12-white.png
Axion 7 Tunable,",DSH075X",36V DC,150mA,2700K~6500K, CRI>97,Φ63*H53mm,36°,7W,AJ/CG,ARAS0755/CT/36/B,https://i.ibb.co/SDjR2mPq/Axion-12-mat-black-default.png
Axion 7 Tunable,",DSH075X",36V DC,150mA,2700K~6500K, CRI>97,Φ63*H53mm,36°,7W,AJ/CG,ARAS0755/CT/36/CG,https://i.ibb.co/1JJ653Vm/Axion-12-champeing-gold.png
Axion 7 Tunable,",DSH075X",36V DC,150mA,2700K~6500K, CRI>97,Φ63*H53mm,36°,7W,AJ/CG,ARAS0755/CT/36/RG,https://i.ibb.co/Ndqf580b/Axion-12-rose-gold.png
Axion 7 Tunable,",DSH075X",36V DC,150mA,2700K~6500K, CRI>97,Φ63*H53mm,36°,7W,AJ/CG,ARAS0755/CT/36/BR,https://i.ibb.co/HThtPv97/Axion-12-brown.png
Axion 7 Tunable,",DSH075X",36V DC,150mA,2700K~6500K, CRI>97,Φ63*H53mm,36°,7W,AJ/CG,ARAS0755/CT/36/COF,https://i.ibb.co/FL7Jg6YM/Axion-12-coffee.png
Axion 7 Tunable,",DSH075X",36V DC,150mA,2700K~6500K, CRI>97,Φ63*H53mm,36°,7W,AJ/CG,ARAS0755/CT/36/DGR,https://i.ibb.co/8gcGkpCR/Axion-12-dark-gray-default-001.png
Axion 7 Tunable,",DSH075X",36V DC,150mA,2700K~6500K, CRI>97,Φ63*H53mm,36°,7W,AJ/CG,ARAS0755/CT/36/BB,https://i.ibb.co/HDvw1xTw/Axion-12-ballet-blue.png
Axion 7 Tunable,",DSH075X",36V DC,150mA,2700K~6500K, CRI>97,Φ63*H53mm,36°,7W,AJ/CG,ARAS0755/CT/36/CH,https://i.ibb.co/s97FXBb1/Axion-12-chrome.png
Axion 7 Tunable,",DSH075X",36V DC,150mA,2700K~6500K, CRI>97,Φ63*H53mm,36°,7W,AJ/CG,ARAS0755/CT/36/CHB,https://i.ibb.co/GffHF8Jq/Axion-12-chrome-black.png
Axion 12,DTZ085X,36V DC,300mA,2700k, CRI>97,Φ83*H71mm,24°,12W,AJ/CG,ARAS1275/27/24/W,https://i.ibb.co/BpXbtzT/Axion-12-white.png
Axion 12,DTZ085X,36V DC,300mA,2700k, CRI>97,Φ83*H71mm,24°,12W,AJ/CG,ARAS1275/27/24/B,https://i.ibb.co/SDjR2mPq/Axion-12-mat-black-default.png
Axion 12,DTZ085X,36V DC,300mA,2700k, CRI>97,Φ83*H71mm,24°,12W,AJ/CG,ARAS1275/27/24/CG,https://i.ibb.co/1JJ653Vm/Axion-12-champeing-gold.png
Axion 12,DTZ085X,36V DC,300mA,2700k, CRI>97,Φ83*H71mm,24°,12W,AJ/CG,ARAS1275/27/24/RG,https://i.ibb.co/Ndqf580b/Axion-12-rose-gold.png
Axion 12,DTZ085X,36V DC,300mA,2700k, CRI>97,Φ83*H71mm,24°,12W,AJ/CG,ARAS1275/27/24/BR,https://i.ibb.co/HThtPv97/Axion-12-brown.png
Axion 12,DTZ085X,36V DC,300mA,2700k, CRI>97,Φ83*H71mm,24°,12W,AJ/CG,ARAS1275/27/24/COF,https://i.ibb.co/FL7Jg6YM/Axion-12-coffee.png
Axion 12,DTZ085X,36V DC,300mA,2700k, CRI>97,Φ83*H71mm,24°,12W,AJ/CG,ARAS1275/27/24/DGR,https://i.ibb.co/8gcGkpCR/Axion-12-dark-gray-default-001.png
Axion 12,DTZ085X,36V DC,300mA,2700k, CRI>97,Φ83*H71mm,24°,12W,AJ/CG,ARAS1275/27/24/BB,https://i.ibb.co/HDvw1xTw/Axion-12-ballet-blue.png
Axion 12,DTZ085X,36V DC,300mA,2700k, CRI>97,Φ83*H71mm,24°,12W,AJ/CG,ARAS1275/27/24/CH,https://i.ibb.co/s97FXBb1/Axion-12-chrome.png
Axion 12,DTZ085X,36V DC,300mA,2700k, CRI>97,Φ83*H71mm,24°,12W,AJ/CG,ARAS1275/27/24/CHB,https://i.ibb.co/GffHF8Jq/Axion-12-chrome-black.png
Axion 12,DTZ085X,36V DC,300mA,3000k, CRI>97,Φ83*H71mm,24°,12W,AJ/CG,ARAS1275/30/24/W,https://i.ibb.co/BpXbtzT/Axion-12-white.png
Axion 12,DTZ085X,36V DC,300mA,3000k, CRI>97,Φ83*H71mm,24°,12W,AJ/CG,ARAS1275/30/24/B,https://i.ibb.co/SDjR2mPq/Axion-12-mat-black-default.png
Axion 12,DTZ085X,36V DC,300mA,3000k, CRI>97,Φ83*H71mm,24°,12W,AJ/CG,ARAS1275/30/24/CG,https://i.ibb.co/1JJ653Vm/Axion-12-champeing-gold.png
Axion 12,DTZ085X,36V DC,300mA,3000k, CRI>97,Φ83*H71mm,24°,12W,AJ/CG,ARAS1275/30/24/RG,https://i.ibb.co/Ndqf580b/Axion-12-rose-gold.png
Axion 12,DTZ085X,36V DC,300mA,3000k, CRI>97,Φ83*H71mm,24°,12W,AJ/CG,ARAS1275/30/24/BR,https://i.ibb.co/HThtPv97/Axion-12-brown.png
Axion 12,DTZ085X,36V DC,300mA,3000k, CRI>97,Φ83*H71mm,24°,12W,AJ/CG,ARAS1275/30/24/COF,https://i.ibb.co/FL7Jg6YM/Axion-12-coffee.png
Axion 12,DTZ085X,36V DC,300mA,3000k, CRI>97,Φ83*H71mm,24°,12W,AJ/CG,ARAS1275/30/24/DGR,https://i.ibb.co/8gcGkpCR/Axion-12-dark-gray-default-001.png
Axion 12,DTZ085X,36V DC,300mA,3000k, CRI>97,Φ83*H71mm,24°,12W,AJ/CG,ARAS1275/30/24/BB,https://i.ibb.co/HDvw1xTw/Axion-12-ballet-blue.png
Axion 12,DTZ085X,36V DC,300mA,3000k, CRI>97,Φ83*H71mm,24°,12W,AJ/CG,ARAS1275/30/24/CH,https://i.ibb.co/s97FXBb1/Axion-12-chrome.png
Axion 12,DTZ085X,36V DC,300mA,3000k, CRI>97,Φ83*H71mm,24°,12W,AJ/CG,ARAS1275/30/24/CHB,https://i.ibb.co/GffHF8Jq/Axion-12-chrome-black.png
Axion 12,DTZ085X,36V DC,300mA,3500k, CRI>97,Φ83*H71mm,24°,12W,AJ/CG,ARAS1275/35/24/W,https://i.ibb.co/BpXbtzT/Axion-12-white.png
Axion 12,DTZ085X,36V DC,300mA,3500k, CRI>97,Φ83*H71mm,24°,12W,AJ/CG,ARAS1275/35/24/B,https://i.ibb.co/SDjR2mPq/Axion-12-mat-black-default.png
Axion 12,DTZ085X,36V DC,300mA,3500k, CRI>97,Φ83*H71mm,24°,12W,AJ/CG,ARAS1275/35/24/CG,https://i.ibb.co/1JJ653Vm/Axion-12-champeing-gold.png
Axion 12,DTZ085X,36V DC,300mA,3500k, CRI>97,Φ83*H71mm,24°,12W,AJ/CG,ARAS1275/35/24/RG,https://i.ibb.co/Ndqf580b/Axion-12-rose-gold.png
Axion 12,DTZ085X,36V DC,300mA,3500k, CRI>97,Φ83*H71mm,24°,12W,AJ/CG,ARAS1275/35/24/BR,https://i.ibb.co/HThtPv97/Axion-12-brown.png
Axion 12,DTZ085X,36V DC,300mA,3500k, CRI>97,Φ83*H71mm,24°,12W,AJ/CG,ARAS1275/35/24/COF,https://i.ibb.co/FL7Jg6YM/Axion-12-coffee.png
Axion 12,DTZ085X,36V DC,300mA,3500k, CRI>97,Φ83*H71mm,24°,12W,AJ/CG,ARAS1275/35/24/DGR,https://i.ibb.co/8gcGkpCR/Axion-12-dark-gray-default-001.png
Axion 12,DTZ085X,36V DC,300mA,3500k, CRI>97,Φ83*H71mm,24°,12W,AJ/CG,ARAS1275/35/24/BB,https://i.ibb.co/HDvw1xTw/Axion-12-ballet-blue.png
Axion 12,DTZ085X,36V DC,300mA,3500k, CRI>97,Φ83*H71mm,24°,12W,AJ/CG,ARAS1275/35/24/CH,https://i.ibb.co/s97FXBb1/Axion-12-chrome.png
Axion 12,DTZ085X,36V DC,300mA,3500k, CRI>97,Φ83*H71mm,24°,12W,AJ/CG,ARAS1275/35/24/CHB,https://i.ibb.co/GffHF8Jq/Axion-12-chrome-black.png
Axion 12,DTZ085X,36V DC,300mA,4000k, CRI>97,Φ83*H71mm,24°,12W,AJ/CG,ARAS1275/40/24/W,https://i.ibb.co/BpXbtzT/Axion-12-white.png
Axion 12,DTZ085X,36V DC,300mA,4000k, CRI>97,Φ83*H71mm,24°,12W,AJ/CG,ARAS1275/40/24/B,https://i.ibb.co/SDjR2mPq/Axion-12-mat-black-default.png
Axion 12,DTZ085X,36V DC,300mA,4000k, CRI>97,Φ83*H71mm,24°,12W,AJ/CG,ARAS1275/40/24/CG,https://i.ibb.co/1JJ653Vm/Axion-12-champeing-gold.png
Axion 12,DTZ085X,36V DC,300mA,4000k, CRI>97,Φ83*H71mm,24°,12W,AJ/CG,ARAS1275/40/24/RG,https://i.ibb.co/Ndqf580b/Axion-12-rose-gold.png
Axion 12,DTZ085X,36V DC,300mA,4000k, CRI>97,Φ83*H71mm,24°,12W,AJ/CG,ARAS1275/40/24/BR,https://i.ibb.co/HThtPv97/Axion-12-brown.png
Axion 12,DTZ085X,36V DC,300mA,4000k, CRI>97,Φ83*H71mm,24°,12W,AJ/CG,ARAS1275/40/24/COF,https://i.ibb.co/FL7Jg6YM/Axion-12-coffee.png
Axion 12,DTZ085X,36V DC,300mA,4000k, CRI>97,Φ83*H71mm,24°,12W,AJ/CG,ARAS1275/40/24/DGR,https://i.ibb.co/8gcGkpCR/Axion-12-dark-gray-default-001.png
Axion 12,DTZ085X,36V DC,300mA,4000k, CRI>97,Φ83*H71mm,24°,12W,AJ/CG,ARAS1275/40/24/BB,https://i.ibb.co/HDvw1xTw/Axion-12-ballet-blue.png
Axion 12,DTZ085X,36V DC,300mA,4000k, CRI>97,Φ83*H71mm,24°,12W,AJ/CG,ARAS1275/40/24/CH,https://i.ibb.co/s97FXBb1/Axion-12-chrome.png
Axion 12,DTZ085X,36V DC,300mA,4000k, CRI>97,Φ83*H71mm,24°,12W,AJ/CG,ARAS1275/40/24/CHB,https://i.ibb.co/GffHF8Jq/Axion-12-chrome-black.png
Axion 12,DTZ085X,36V DC,300mA,5000k, CRI>97,Φ83*H71mm,24°,12W,AJ/CG,ARAS1275/50/24/W,https://i.ibb.co/BpXbtzT/Axion-12-white.png
Axion 12,DTZ085X,36V DC,300mA,5000k, CRI>97,Φ83*H71mm,24°,12W,AJ/CG,ARAS1275/50/24/B,https://i.ibb.co/SDjR2mPq/Axion-12-mat-black-default.png
Axion 12,DTZ085X,36V DC,300mA,5000k, CRI>97,Φ83*H71mm,24°,12W,AJ/CG,ARAS1275/50/24/CG,https://i.ibb.co/1JJ653Vm/Axion-12-champeing-gold.png
Axion 12,DTZ085X,36V DC,300mA,5000k, CRI>97,Φ83*H71mm,24°,12W,AJ/CG,ARAS1275/50/24/RG,https://i.ibb.co/Ndqf580b/Axion-12-rose-gold.png
Axion 12,DTZ085X,36V DC,300mA,5000k, CRI>97,Φ83*H71mm,24°,12W,AJ/CG,ARAS1275/50/24/BR,https://i.ibb.co/HThtPv97/Axion-12-brown.png
Axion 12,DTZ085X,36V DC,300mA,5000k, CRI>97,Φ83*H71mm,24°,12W,AJ/CG,ARAS1275/50/24/COF,https://i.ibb.co/FL7Jg6YM/Axion-12-coffee.png
Axion 12,DTZ085X,36V DC,300mA,5000k, CRI>97,Φ83*H71mm,24°,12W,AJ/CG,ARAS1275/50/24/DGR,https://i.ibb.co/8gcGkpCR/Axion-12-dark-gray-default-001.png
Axion 12,DTZ085X,36V DC,300mA,5000k, CRI>97,Φ83*H71mm,24°,12W,AJ/CG,ARAS1275/50/24/BB,https://i.ibb.co/HDvw1xTw/Axion-12-ballet-blue.png
Axion 12,DTZ085X,36V DC,300mA,5000k, CRI>97,Φ83*H71mm,24°,12W,AJ/CG,ARAS1275/50/24/CH,https://i.ibb.co/s97FXBb1/Axion-12-chrome.png
Axion 12,DTZ085X,36V DC,300mA,5000k, CRI>97,Φ83*H71mm,24°,12W,AJ/CG,ARAS1275/50/24/CHB,https://i.ibb.co/GffHF8Jq/Axion-12-chrome-black.png
Axion 12,DTZ085X,36V DC,300mA,2700k, CRI>97,Φ83*H71mm,36°,12W,AJ/CG,ARAS1275/27/36/W,https://i.ibb.co/BpXbtzT/Axion-12-white.png
Axion 12,DTZ085X,36V DC,300mA,2700k, CRI>97,Φ83*H71mm,36°,12W,AJ/CG,ARAS1275/27/36/B,https://i.ibb.co/SDjR2mPq/Axion-12-mat-black-default.png
Axion 12,DTZ085X,36V DC,300mA,2700k, CRI>97,Φ83*H71mm,36°,12W,AJ/CG,ARAS1275/27/36/CG,https://i.ibb.co/1JJ653Vm/Axion-12-champeing-gold.png
Axion 12,DTZ085X,36V DC,300mA,2700k, CRI>97,Φ83*H71mm,36°,12W,AJ/CG,ARAS1275/27/36/RG,https://i.ibb.co/Ndqf580b/Axion-12-rose-gold.png
Axion 12,DTZ085X,36V DC,300mA,2700k, CRI>97,Φ83*H71mm,36°,12W,AJ/CG,ARAS1275/27/36/BR,https://i.ibb.co/HThtPv97/Axion-12-brown.png
Axion 12,DTZ085X,36V DC,300mA,2700k, CRI>97,Φ83*H71mm,36°,12W,AJ/CG,ARAS1275/27/36/COF,https://i.ibb.co/FL7Jg6YM/Axion-12-coffee.png
Axion 12,DTZ085X,36V DC,300mA,2700k, CRI>97,Φ83*H71mm,36°,12W,AJ/CG,ARAS1275/27/36/DGR,https://i.ibb.co/8gcGkpCR/Axion-12-dark-gray-default-001.png
Axion 12,DTZ085X,36V DC,300mA,2700k, CRI>97,Φ83*H71mm,36°,12W,AJ/CG,ARAS1275/27/36/BB,https://i.ibb.co/HDvw1xTw/Axion-12-ballet-blue.png
Axion 12,DTZ085X,36V DC,300mA,2700k, CRI>97,Φ83*H71mm,36°,12W,AJ/CG,ARAS1275/27/36/CH,https://i.ibb.co/s97FXBb1/Axion-12-chrome.png
Axion 12,DTZ085X,36V DC,300mA,2700k, CRI>97,Φ83*H71mm,36°,12W,AJ/CG,ARAS1275/27/36/CHB,https://i.ibb.co/GffHF8Jq/Axion-12-chrome-black.png
Axion 12,DTZ085X,36V DC,300mA,3000k, CRI>97,Φ83*H71mm,36°,12W,AJ/CG,ARAS1275/30/36/W,https://i.ibb.co/BpXbtzT/Axion-12-white.png
Axion 12,DTZ085X,36V DC,300mA,3000k, CRI>97,Φ83*H71mm,36°,12W,AJ/CG,ARAS1275/30/36/B,https://i.ibb.co/SDjR2mPq/Axion-12-mat-black-default.png
Axion 12,DTZ085X,36V DC,300mA,3000k, CRI>97,Φ83*H71mm,36°,12W,AJ/CG,ARAS1275/30/36/CG,https://i.ibb.co/1JJ653Vm/Axion-12-champeing-gold.png
Axion 12,DTZ085X,36V DC,300mA,3000k, CRI>97,Φ83*H71mm,36°,12W,AJ/CG,ARAS1275/30/36/RG,https://i.ibb.co/Ndqf580b/Axion-12-rose-gold.png
Axion 12,DTZ085X,36V DC,300mA,3000k, CRI>97,Φ83*H71mm,36°,12W,AJ/CG,ARAS1275/30/36/BR,https://i.ibb.co/HThtPv97/Axion-12-brown.png
Axion 12,DTZ085X,36V DC,300mA,3000k, CRI>97,Φ83*H71mm,36°,12W,AJ/CG,ARAS1275/30/36/COF,https://i.ibb.co/FL7Jg6YM/Axion-12-coffee.png
Axion 12,DTZ085X,36V DC,300mA,3000k, CRI>97,Φ83*H71mm,36°,12W,AJ/CG,ARAS1275/30/36/DGR,https://i.ibb.co/8gcGkpCR/Axion-12-dark-gray-default-001.png
Axion 12,DTZ085X,36V DC,300mA,3000k, CRI>97,Φ83*H71mm,36°,12W,AJ/CG,ARAS1275/30/36/BB,https://i.ibb.co/HDvw1xTw/Axion-12-ballet-blue.png
Axion 12,DTZ085X,36V DC,300mA,3000k, CRI>97,Φ83*H71mm,36°,12W,AJ/CG,ARAS1275/30/36/CH,https://i.ibb.co/s97FXBb1/Axion-12-chrome.png
Axion 12,DTZ085X,36V DC,300mA,3000k, CRI>97,Φ83*H71mm,36°,12W,AJ/CG,ARAS1275/30/36/CHB,https://i.ibb.co/GffHF8Jq/Axion-12-chrome-black.png
Axion 12,DTZ085X,36V DC,300mA,3500k, CRI>97,Φ83*H71mm,36°,12W,AJ/CG,ARAS1275/35/36/W,https://i.ibb.co/BpXbtzT/Axion-12-white.png
Axion 12,DTZ085X,36V DC,300mA,3500k, CRI>97,Φ83*H71mm,36°,12W,AJ/CG,ARAS1275/35/36/B,https://i.ibb.co/SDjR2mPq/Axion-12-mat-black-default.png
Axion 12,DTZ085X,36V DC,300mA,3500k, CRI>97,Φ83*H71mm,36°,12W,AJ/CG,ARAS1275/35/36/CG,https://i.ibb.co/1JJ653Vm/Axion-12-champeing-gold.png
Axion 12,DTZ085X,36V DC,300mA,3500k, CRI>97,Φ83*H71mm,36°,12W,AJ/CG,ARAS1275/35/36/RG,https://i.ibb.co/Ndqf580b/Axion-12-rose-gold.png
Axion 12,DTZ085X,36V DC,300mA,3500k, CRI>97,Φ83*H71mm,36°,12W,AJ/CG,ARAS1275/35/36/BR,https://i.ibb.co/HThtPv97/Axion-12-brown.png
Axion 12,DTZ085X,36V DC,300mA,3500k, CRI>97,Φ83*H71mm,36°,12W,AJ/CG,ARAS1275/35/36/COF,https://i.ibb.co/FL7Jg6YM/Axion-12-coffee.png
Axion 12,DTZ085X,36V DC,300mA,3500k, CRI>97,Φ83*H71mm,36°,12W,AJ/CG,ARAS1275/35/36/DGR,https://i.ibb.co/8gcGkpCR/Axion-12-dark-gray-default-001.png
Axion 12,DTZ085X,36V DC,300mA,3500k, CRI>97,Φ83*H71mm,36°,12W,AJ/CG,ARAS1275/35/36/BB,https://i.ibb.co/HDvw1xTw/Axion-12-ballet-blue.png
Axion 12,DTZ085X,36V DC,300mA,3500k, CRI>97,Φ83*H71mm,36°,12W,AJ/CG,ARAS1275/35/36/CH,https://i.ibb.co/s97FXBb1/Axion-12-chrome.png
Axion 12,DTZ085X,36V DC,300mA,3500k, CRI>97,Φ83*H71mm,36°,12W,AJ/CG,ARAS1275/35/36/CHB,https://i.ibb.co/GffHF8Jq/Axion-12-chrome-black.png
Axion 12,DTZ085X,36V DC,300mA,4000k, CRI>97,Φ83*H71mm,36°,12W,AJ/CG,ARAS1275/40/36/W,https://i.ibb.co/BpXbtzT/Axion-12-white.png
Axion 12,DTZ085X,36V DC,300mA,4000k, CRI>97,Φ83*H71mm,36°,12W,AJ/CG,ARAS1275/40/36/B,https://i.ibb.co/SDjR2mPq/Axion-12-mat-black-default.png
Axion 12,DTZ085X,36V DC,300mA,4000k, CRI>97,Φ83*H71mm,36°,12W,AJ/CG,ARAS1275/40/36/CG,https://i.ibb.co/1JJ653Vm/Axion-12-champeing-gold.png
Axion 12,DTZ085X,36V DC,300mA,4000k, CRI>97,Φ83*H71mm,36°,12W,AJ/CG,ARAS1275/40/36/RG,https://i.ibb.co/Ndqf580b/Axion-12-rose-gold.png
Axion 12,DTZ085X,36V DC,300mA,4000k, CRI>97,Φ83*H71mm,36°,12W,AJ/CG,ARAS1275/40/36/BR,https://i.ibb.co/HThtPv97/Axion-12-brown.png
Axion 12,DTZ085X,36V DC,300mA,4000k, CRI>97,Φ83*H71mm,36°,12W,AJ/CG,ARAS1275/40/36/COF,https://i.ibb.co/FL7Jg6YM/Axion-12-coffee.png
Axion 12,DTZ085X,36V DC,300mA,4000k, CRI>97,Φ83*H71mm,36°,12W,AJ/CG,ARAS1275/40/36/DGR,https://i.ibb.co/8gcGkpCR/Axion-12-dark-gray-default-001.png
Axion 12,DTZ085X,36V DC,300mA,4000k, CRI>97,Φ83*H71mm,36°,12W,AJ/CG,ARAS1275/40/36/BB,https://i.ibb.co/HDvw1xTw/Axion-12-ballet-blue.png
Axion 12,DTZ085X,36V DC,300mA,4000k, CRI>97,Φ83*H71mm,36°,12W,AJ/CG,ARAS1275/40/36/CH,https://i.ibb.co/s97FXBb1/Axion-12-chrome.png
Axion 12,DTZ085X,36V DC,300mA,4000k, CRI>97,Φ83*H71mm,36°,12W,AJ/CG,ARAS1275/40/36/CHB,https://i.ibb.co/GffHF8Jq/Axion-12-chrome-black.png
Axion 12,DTZ085X,36V DC,300mA,5000k, CRI>97,Φ83*H71mm,36°,12W,AJ/CG,ARAS1275/50/36/W,https://i.ibb.co/BpXbtzT/Axion-12-white.png
Axion 12,DTZ085X,36V DC,300mA,5000k, CRI>97,Φ83*H71mm,36°,12W,AJ/CG,ARAS1275/50/36/B,https://i.ibb.co/SDjR2mPq/Axion-12-mat-black-default.png
Axion 12,DTZ085X,36V DC,300mA,5000k, CRI>97,Φ83*H71mm,36°,12W,AJ/CG,ARAS1275/50/36/CG,https://i.ibb.co/1JJ653Vm/Axion-12-champeing-gold.png
Axion 12,DTZ085X,36V DC,300mA,5000k, CRI>97,Φ83*H71mm,36°,12W,AJ/CG,ARAS1275/50/36/RG,https://i.ibb.co/Ndqf580b/Axion-12-rose-gold.png
Axion 12,DTZ085X,36V DC,300mA,5000k, CRI>97,Φ83*H71mm,36°,12W,AJ/CG,ARAS1275/50/36/BR,https://i.ibb.co/HThtPv97/Axion-12-brown.png
Axion 12,DTZ085X,36V DC,300mA,5000k, CRI>97,Φ83*H71mm,36°,12W,AJ/CG,ARAS1275/50/36/COF,https://i.ibb.co/FL7Jg6YM/Axion-12-coffee.png
Axion 12,DTZ085X,36V DC,300mA,5000k, CRI>97,Φ83*H71mm,36°,12W,AJ/CG,ARAS1275/50/36/DGR,https://i.ibb.co/8gcGkpCR/Axion-12-dark-gray-default-001.png
Axion 12,DTZ085X,36V DC,300mA,5000k, CRI>97,Φ83*H71mm,36°,12W,AJ/CG,ARAS1275/50/36/BB,https://i.ibb.co/HDvw1xTw/Axion-12-ballet-blue.png
Axion 12,DTZ085X,36V DC,300mA,5000k, CRI>97,Φ83*H71mm,36°,12W,AJ/CG,ARAS1275/50/36/CH,https://i.ibb.co/s97FXBb1/Axion-12-chrome.png
Axion 12,DTZ085X,36V DC,300mA,5000k, CRI>97,Φ83*H71mm,36°,12W,AJ/CG,ARAS1275/50/36/CHB,https://i.ibb.co/GffHF8Jq/Axion-12-chrome-black.png
Axion 12 Tunable,DTZ085X,36V DC,300mA,2700K~6500K, CRI>97,Φ83*H71mm,24°,12W,AJ/CG,ARAS1275/CT/24/W,https://i.ibb.co/BpXbtzT/Axion-12-white.png
Axion 12 Tunable,DTZ085X,36V DC,300mA,2700K~6500K, CRI>97,Φ83*H71mm,24°,12W,AJ/CG,ARAS1275/CT/24/B,https://i.ibb.co/SDjR2mPq/Axion-12-mat-black-default.png
Axion 12 Tunable,DTZ085X,36V DC,300mA,2700K~6500K, CRI>97,Φ83*H71mm,24°,12W,AJ/CG,ARAS1275/CT/24/CG,https://i.ibb.co/1JJ653Vm/Axion-12-champeing-gold.png
Axion 12 Tunable,DTZ085X,36V DC,300mA,2700K~6500K, CRI>97,Φ83*H71mm,24°,12W,AJ/CG,ARAS1275/CT/24/RG,https://i.ibb.co/Ndqf580b/Axion-12-rose-gold.png
Axion 12 Tunable,DTZ085X,36V DC,300mA,2700K~6500K, CRI>97,Φ83*H71mm,24°,12W,AJ/CG,ARAS1275/CT/24/BR,https://i.ibb.co/HThtPv97/Axion-12-brown.png
Axion 12 Tunable,DTZ085X,36V DC,300mA,2700K~6500K, CRI>97,Φ83*H71mm,24°,12W,AJ/CG,ARAS1275/CT/24/COF,https://i.ibb.co/FL7Jg6YM/Axion-12-coffee.png
Axion 12 Tunable,DTZ085X,36V DC,300mA,2700K~6500K, CRI>97,Φ83*H71mm,24°,12W,AJ/CG,ARAS1275/CT/24/DGR,https://i.ibb.co/8gcGkpCR/Axion-12-dark-gray-default-001.png
Axion 12 Tunable,DTZ085X,36V DC,300mA,2700K~6500K, CRI>97,Φ83*H71mm,24°,12W,AJ/CG,ARAS1275/CT/24/BB,https://i.ibb.co/HDvw1xTw/Axion-12-ballet-blue.png
Axion 12 Tunable,DTZ085X,36V DC,300mA,2700K~6500K, CRI>97,Φ83*H71mm,24°,12W,AJ/CG,ARAS1275/CT/24/CH,https://i.ibb.co/s97FXBb1/Axion-12-chrome.png
Axion 12 Tunable,DTZ085X,36V DC,300mA,2700K~6500K, CRI>97,Φ83*H71mm,24°,12W,AJ/CG,ARAS1275/CT/24/CHB,https://i.ibb.co/GffHF8Jq/Axion-12-chrome-black.png
Axion 12 Tunable,DTZ085X,36V DC,300mA,2700K~6500K, CRI>97,Φ83*H71mm,36°,12W,AJ/CG,ARAS1275/CT/36/W,https://i.ibb.co/BpXbtzT/Axion-12-white.png
Axion 12 Tunable,DTZ085X,36V DC,300mA,2700K~6500K, CRI>97,Φ83*H71mm,36°,12W,AJ/CG,ARAS1275/CT/36/B,https://i.ibb.co/SDjR2mPq/Axion-12-mat-black-default.png
Axion 12 Tunable,DTZ085X,36V DC,300mA,2700K~6500K, CRI>97,Φ83*H71mm,36°,12W,AJ/CG,ARAS1275/CT/36/CG,https://i.ibb.co/1JJ653Vm/Axion-12-champeing-gold.png
Axion 12 Tunable,DTZ085X,36V DC,300mA,2700K~6500K, CRI>97,Φ83*H71mm,36°,12W,AJ/CG,ARAS1275/CT/36/RG,https://i.ibb.co/Ndqf580b/Axion-12-rose-gold.png
Axion 12 Tunable,DTZ085X,36V DC,300mA,2700K~6500K, CRI>97,Φ83*H71mm,36°,12W,AJ/CG,ARAS1275/CT/36/BR,https://i.ibb.co/HThtPv97/Axion-12-brown.png
Axion 12 Tunable,DTZ085X,36V DC,300mA,2700K~6500K, CRI>97,Φ83*H71mm,36°,12W,AJ/CG,ARAS1275/CT/36/COF,https://i.ibb.co/FL7Jg6YM/Axion-12-coffee.png
Axion 12 Tunable,DTZ085X,36V DC,300mA,2700K~6500K, CRI>97,Φ83*H71mm,36°,12W,AJ/CG,ARAS1275/CT/36/DGR,https://i.ibb.co/8gcGkpCR/Axion-12-dark-gray-default-001.png
Axion 12 Tunable,DTZ085X,36V DC,300mA,2700K~6500K, CRI>97,Φ83*H71mm,36°,12W,AJ/CG,ARAS1275/CT/36/BB,https://i.ibb.co/HDvw1xTw/Axion-12-ballet-blue.png
Axion 12 Tunable,DTZ085X,36V DC,300mA,2700K~6500K, CRI>97,Φ83*H71mm,36°,12W,AJ/CG,ARAS1275/CT/36/CH,https://i.ibb.co/s97FXBb1/Axion-12-chrome.png
Axion 12 Tunable,DTZ085X,36V DC,300mA,2700K~6500K, CRI>97,Φ83*H71mm,36°,12W,AJ/CG,ARAS1275/CT/36/CHB,https://i.ibb.co/GffHF8Jq/Axion-12-chrome-black.png